date,account_id,mrr_usd,active_subscription,data_complete
2026-06-01,ACC-001,4320,true,true
2026-06-01,ACC-002,1990,true,true
2026-06-01,ACC-003,850,true,true
2026-06-01,ACC-004,4250,true,true
2026-06-01,ACC-005,1920,true,true
2026-06-01,ACC-006,780,true,true
2026-06-01,ACC-007,4460,true,true
2026-06-01,ACC-008,1850,true,true
2026-06-01,ACC-009,710,true,true
2026-06-01,ACC-010,4390,true,true
2026-06-01,ACC-011,2060,true,true
2026-06-01,ACC-012,640,true,true
2026-06-01,ACC-013,4320,true,true
2026-06-01,ACC-014,1990,true,true
2026-06-01,ACC-015,850,true,true
2026-06-01,ACC-016,4250,true,true
2026-06-01,ACC-017,1920,true,true
2026-06-01,ACC-018,780,true,true
2026-06-01,ACC-019,4460,true,true
2026-06-01,ACC-020,1850,true,true
2026-06-01,ACC-021,710,true,true
2026-06-01,ACC-022,4390,true,true
2026-06-01,ACC-023,2060,true,true
2026-06-01,ACC-024,640,true,true
2026-06-01,ACC-025,4320,true,true
2026-06-01,ACC-026,1990,true,true
2026-06-01,ACC-027,850,true,true
2026-06-01,ACC-028,4250,true,true
2026-06-01,ACC-029,1920,true,true
2026-06-01,ACC-030,780,true,true
2026-06-01,ACC-031,4460,true,true
2026-06-01,ACC-032,1850,true,true
2026-06-01,ACC-033,0,false,true
2026-06-01,ACC-034,0,false,true
2026-06-01,ACC-035,0,false,true
2026-06-01,ACC-036,0,false,true
2026-06-02,ACC-001,4320,true,true
2026-06-02,ACC-002,1990,true,true
2026-06-02,ACC-003,850,true,true
2026-06-02,ACC-004,4250,true,true
2026-06-02,ACC-005,1920,true,true
2026-06-02,ACC-006,780,true,true
2026-06-02,ACC-007,4460,true,true
2026-06-02,ACC-008,1850,true,true
2026-06-02,ACC-009,710,true,true
2026-06-02,ACC-010,4390,true,true
2026-06-02,ACC-011,2060,true,true
2026-06-02,ACC-012,640,true,true
2026-06-02,ACC-013,4320,true,true
2026-06-02,ACC-014,1990,true,true
2026-06-02,ACC-015,850,true,true
2026-06-02,ACC-016,4250,true,true
2026-06-02,ACC-017,1920,true,true
2026-06-02,ACC-018,780,true,true
2026-06-02,ACC-019,4460,true,true
2026-06-02,ACC-020,1850,true,true
2026-06-02,ACC-021,710,true,true
2026-06-02,ACC-022,4390,true,true
2026-06-02,ACC-023,2060,true,true
2026-06-02,ACC-024,640,true,true
2026-06-02,ACC-025,4320,true,true
2026-06-02,ACC-026,1990,true,true
2026-06-02,ACC-027,850,true,true
2026-06-02,ACC-028,4250,true,true
2026-06-02,ACC-029,1920,true,true
2026-06-02,ACC-030,780,true,true
2026-06-02,ACC-031,4460,true,true
2026-06-02,ACC-032,1850,true,true
2026-06-02,ACC-033,0,false,true
2026-06-02,ACC-034,0,false,true
2026-06-02,ACC-035,0,false,true
2026-06-02,ACC-036,0,false,true
2026-06-03,ACC-001,4320,true,true
2026-06-03,ACC-002,1990,true,true
2026-06-03,ACC-003,850,true,true
2026-06-03,ACC-004,4250,true,true
2026-06-03,ACC-005,1920,true,true
2026-06-03,ACC-006,780,true,true
2026-06-03,ACC-007,4460,true,true
2026-06-03,ACC-008,1850,true,true
2026-06-03,ACC-009,710,true,true
2026-06-03,ACC-010,4390,true,true
2026-06-03,ACC-011,2060,true,true
2026-06-03,ACC-012,640,true,true
2026-06-03,ACC-013,4320,true,true
2026-06-03,ACC-014,1990,true,true
2026-06-03,ACC-015,850,true,true
2026-06-03,ACC-016,4250,true,true
2026-06-03,ACC-017,1920,true,true
2026-06-03,ACC-018,780,true,true
2026-06-03,ACC-019,4460,true,true
2026-06-03,ACC-020,1850,true,true
2026-06-03,ACC-021,710,true,true
2026-06-03,ACC-022,4390,true,true
2026-06-03,ACC-023,2060,true,true
2026-06-03,ACC-024,640,true,true
2026-06-03,ACC-025,4320,true,true
2026-06-03,ACC-026,1990,true,true
2026-06-03,ACC-027,850,true,true
2026-06-03,ACC-028,4250,true,true
2026-06-03,ACC-029,1920,true,true
2026-06-03,ACC-030,780,true,true
2026-06-03,ACC-031,4460,true,true
2026-06-03,ACC-032,1850,true,true
2026-06-03,ACC-033,0,false,true
2026-06-03,ACC-034,0,false,true
2026-06-03,ACC-035,0,false,true
2026-06-03,ACC-036,0,false,true
2026-06-04,ACC-001,4320,true,true
2026-06-04,ACC-002,1990,true,true
2026-06-04,ACC-003,850,true,true
2026-06-04,ACC-004,4250,true,true
2026-06-04,ACC-005,1920,true,true
2026-06-04,ACC-006,780,true,true
2026-06-04,ACC-007,4460,true,true
2026-06-04,ACC-008,1850,true,true
2026-06-04,ACC-009,710,true,true
2026-06-04,ACC-010,4390,true,true
2026-06-04,ACC-011,2060,true,true
2026-06-04,ACC-012,640,true,true
2026-06-04,ACC-013,4320,true,true
2026-06-04,ACC-014,1990,true,true
2026-06-04,ACC-015,850,true,true
2026-06-04,ACC-016,4250,true,true
2026-06-04,ACC-017,1920,true,true
2026-06-04,ACC-018,780,true,true
2026-06-04,ACC-019,4460,true,true
2026-06-04,ACC-020,1850,true,true
2026-06-04,ACC-021,710,true,true
2026-06-04,ACC-022,4390,true,true
2026-06-04,ACC-023,2060,true,true
2026-06-04,ACC-024,640,true,true
2026-06-04,ACC-025,4320,true,true
2026-06-04,ACC-026,1990,true,true
2026-06-04,ACC-027,850,true,true
2026-06-04,ACC-028,4250,true,true
2026-06-04,ACC-029,1920,true,true
2026-06-04,ACC-030,780,true,true
2026-06-04,ACC-031,4460,true,true
2026-06-04,ACC-032,1850,true,true
2026-06-04,ACC-033,0,false,true
2026-06-04,ACC-034,0,false,true
2026-06-04,ACC-035,0,false,true
2026-06-04,ACC-036,0,false,true
2026-06-05,ACC-001,4320,true,true
2026-06-05,ACC-002,1990,true,true
2026-06-05,ACC-003,850,true,true
2026-06-05,ACC-004,4250,true,true
2026-06-05,ACC-005,1920,true,true
2026-06-05,ACC-006,780,true,true
2026-06-05,ACC-007,4460,true,true
2026-06-05,ACC-008,1850,true,true
2026-06-05,ACC-009,710,true,true
2026-06-05,ACC-010,4390,true,true
2026-06-05,ACC-011,2060,true,true
2026-06-05,ACC-012,640,true,true
2026-06-05,ACC-013,4320,true,true
2026-06-05,ACC-014,1990,true,true
2026-06-05,ACC-015,850,true,true
2026-06-05,ACC-016,4250,true,true
2026-06-05,ACC-017,1920,true,true
2026-06-05,ACC-018,780,true,true
2026-06-05,ACC-019,4460,true,true
2026-06-05,ACC-020,1850,true,true
2026-06-05,ACC-021,710,true,true
2026-06-05,ACC-022,4390,true,true
2026-06-05,ACC-023,2060,true,true
2026-06-05,ACC-024,640,true,true
2026-06-05,ACC-025,4320,true,true
2026-06-05,ACC-026,1990,true,true
2026-06-05,ACC-027,850,true,true
2026-06-05,ACC-028,4250,true,true
2026-06-05,ACC-029,1920,true,true
2026-06-05,ACC-030,780,true,true
2026-06-05,ACC-031,4460,true,true
2026-06-05,ACC-032,1850,true,true
2026-06-05,ACC-033,0,false,true
2026-06-05,ACC-034,0,false,true
2026-06-05,ACC-035,0,false,true
2026-06-05,ACC-036,0,false,true
2026-06-06,ACC-001,4320,true,true
2026-06-06,ACC-002,1990,true,true
2026-06-06,ACC-003,850,true,true
2026-06-06,ACC-004,4250,true,true
2026-06-06,ACC-005,1920,true,true
2026-06-06,ACC-006,780,true,true
2026-06-06,ACC-007,4460,true,true
2026-06-06,ACC-008,1850,true,true
2026-06-06,ACC-009,710,true,true
2026-06-06,ACC-010,4390,true,true
2026-06-06,ACC-011,2060,true,true
2026-06-06,ACC-012,640,true,true
2026-06-06,ACC-013,4320,true,true
2026-06-06,ACC-014,1990,true,true
2026-06-06,ACC-015,850,true,true
2026-06-06,ACC-016,4250,true,true
2026-06-06,ACC-017,1920,true,true
2026-06-06,ACC-018,780,true,true
2026-06-06,ACC-019,4460,true,true
2026-06-06,ACC-020,1850,true,true
2026-06-06,ACC-021,710,true,true
2026-06-06,ACC-022,4390,true,true
2026-06-06,ACC-023,2060,true,true
2026-06-06,ACC-024,640,true,true
2026-06-06,ACC-025,4320,true,true
2026-06-06,ACC-026,1990,true,true
2026-06-06,ACC-027,850,true,true
2026-06-06,ACC-028,4250,true,true
2026-06-06,ACC-029,1920,true,true
2026-06-06,ACC-030,780,true,true
2026-06-06,ACC-031,4460,true,true
2026-06-06,ACC-032,1850,true,true
2026-06-06,ACC-033,0,false,true
2026-06-06,ACC-034,0,false,true
2026-06-06,ACC-035,0,false,true
2026-06-06,ACC-036,0,false,true
2026-06-07,ACC-001,4320,true,true
2026-06-07,ACC-002,1990,true,true
2026-06-07,ACC-003,850,true,true
2026-06-07,ACC-004,4250,true,true
2026-06-07,ACC-005,1920,true,true
2026-06-07,ACC-006,780,true,true
2026-06-07,ACC-007,4460,true,true
2026-06-07,ACC-008,1850,true,true
2026-06-07,ACC-009,710,true,true
2026-06-07,ACC-010,4390,true,true
2026-06-07,ACC-011,2060,true,true
2026-06-07,ACC-012,640,true,true
2026-06-07,ACC-013,4320,true,true
2026-06-07,ACC-014,1990,true,true
2026-06-07,ACC-015,850,true,true
2026-06-07,ACC-016,4250,true,true
2026-06-07,ACC-017,1920,true,true
2026-06-07,ACC-018,780,true,true
2026-06-07,ACC-019,4460,true,true
2026-06-07,ACC-020,1850,true,true
2026-06-07,ACC-021,710,true,true
2026-06-07,ACC-022,4390,true,true
2026-06-07,ACC-023,2060,true,true
2026-06-07,ACC-024,640,true,true
2026-06-07,ACC-025,4320,true,true
2026-06-07,ACC-026,1990,true,true
2026-06-07,ACC-027,850,true,true
2026-06-07,ACC-028,4250,true,true
2026-06-07,ACC-029,1920,true,true
2026-06-07,ACC-030,780,true,true
2026-06-07,ACC-031,4460,true,true
2026-06-07,ACC-032,1850,true,true
2026-06-07,ACC-033,0,false,true
2026-06-07,ACC-034,0,false,true
2026-06-07,ACC-035,0,false,true
2026-06-07,ACC-036,0,false,true
2026-06-08,ACC-001,4320,true,true
2026-06-08,ACC-002,1990,true,true
2026-06-08,ACC-003,850,true,true
2026-06-08,ACC-004,4250,true,true
2026-06-08,ACC-005,1920,true,true
2026-06-08,ACC-006,780,true,true
2026-06-08,ACC-007,4460,true,true
2026-06-08,ACC-008,1850,true,true
2026-06-08,ACC-009,710,true,true
2026-06-08,ACC-010,4390,true,true
2026-06-08,ACC-011,2060,true,true
2026-06-08,ACC-012,640,true,true
2026-06-08,ACC-013,4320,true,true
2026-06-08,ACC-014,1990,true,true
2026-06-08,ACC-015,850,true,true
2026-06-08,ACC-016,4250,true,true
2026-06-08,ACC-017,1920,true,true
2026-06-08,ACC-018,780,true,true
2026-06-08,ACC-019,4460,true,true
2026-06-08,ACC-020,1850,true,true
2026-06-08,ACC-021,710,true,true
2026-06-08,ACC-022,4390,true,true
2026-06-08,ACC-023,2060,true,true
2026-06-08,ACC-024,640,true,true
2026-06-08,ACC-025,4320,true,true
2026-06-08,ACC-026,1990,true,true
2026-06-08,ACC-027,850,true,true
2026-06-08,ACC-028,4250,true,true
2026-06-08,ACC-029,1920,true,true
2026-06-08,ACC-030,780,true,true
2026-06-08,ACC-031,4460,true,true
2026-06-08,ACC-032,1850,true,true
2026-06-08,ACC-033,710,true,true
2026-06-08,ACC-034,0,false,true
2026-06-08,ACC-035,0,false,true
2026-06-08,ACC-036,0,false,true
2026-06-09,ACC-001,4320,true,true
2026-06-09,ACC-002,1990,true,true
2026-06-09,ACC-003,850,true,true
2026-06-09,ACC-004,4250,true,true
2026-06-09,ACC-005,1920,true,true
2026-06-09,ACC-006,780,true,true
2026-06-09,ACC-007,4460,true,true
2026-06-09,ACC-008,1850,true,true
2026-06-09,ACC-009,710,true,true
2026-06-09,ACC-010,4390,true,true
2026-06-09,ACC-011,2060,true,true
2026-06-09,ACC-012,640,true,true
2026-06-09,ACC-013,4320,true,true
2026-06-09,ACC-014,1990,true,true
2026-06-09,ACC-015,850,true,true
2026-06-09,ACC-016,4250,true,true
2026-06-09,ACC-017,1920,true,true
2026-06-09,ACC-018,780,true,true
2026-06-09,ACC-019,4460,true,true
2026-06-09,ACC-020,1850,true,true
2026-06-09,ACC-021,710,true,true
2026-06-09,ACC-022,4390,true,true
2026-06-09,ACC-023,2060,true,true
2026-06-09,ACC-024,640,true,true
2026-06-09,ACC-025,4320,true,true
2026-06-09,ACC-026,1990,true,true
2026-06-09,ACC-027,850,true,true
2026-06-09,ACC-028,4250,true,true
2026-06-09,ACC-029,1920,true,true
2026-06-09,ACC-030,780,true,true
2026-06-09,ACC-031,4460,true,true
2026-06-09,ACC-032,1850,true,true
2026-06-09,ACC-033,710,true,true
2026-06-09,ACC-034,0,false,true
2026-06-09,ACC-035,0,false,true
2026-06-09,ACC-036,0,false,true
2026-06-10,ACC-001,4320,true,true
2026-06-10,ACC-002,1990,true,true
2026-06-10,ACC-003,850,true,true
2026-06-10,ACC-004,4250,true,true
2026-06-10,ACC-005,1920,true,true
2026-06-10,ACC-006,780,true,true
2026-06-10,ACC-007,4460,true,true
2026-06-10,ACC-008,1850,true,true
2026-06-10,ACC-009,710,true,true
2026-06-10,ACC-010,4390,true,true
2026-06-10,ACC-011,2060,true,true
2026-06-10,ACC-012,640,true,true
2026-06-10,ACC-013,4320,true,true
2026-06-10,ACC-014,1990,true,true
2026-06-10,ACC-015,850,true,true
2026-06-10,ACC-016,4250,true,true
2026-06-10,ACC-017,1920,true,true
2026-06-10,ACC-018,780,true,true
2026-06-10,ACC-019,4460,true,true
2026-06-10,ACC-020,1850,true,true
2026-06-10,ACC-021,710,true,true
2026-06-10,ACC-022,4390,true,true
2026-06-10,ACC-023,2060,true,true
2026-06-10,ACC-024,640,true,true
2026-06-10,ACC-025,4320,true,true
2026-06-10,ACC-026,1990,true,true
2026-06-10,ACC-027,850,true,true
2026-06-10,ACC-028,4250,true,true
2026-06-10,ACC-029,1920,true,true
2026-06-10,ACC-030,780,true,true
2026-06-10,ACC-031,4460,true,true
2026-06-10,ACC-032,1850,true,true
2026-06-10,ACC-033,710,true,true
2026-06-10,ACC-034,0,false,true
2026-06-10,ACC-035,0,false,true
2026-06-10,ACC-036,0,false,true
2026-06-11,ACC-001,4320,true,true
2026-06-11,ACC-002,1990,true,true
2026-06-11,ACC-003,850,true,true
2026-06-11,ACC-004,4250,true,true
2026-06-11,ACC-005,1920,true,true
2026-06-11,ACC-006,780,true,true
2026-06-11,ACC-007,4460,true,true
2026-06-11,ACC-008,1850,true,true
2026-06-11,ACC-009,710,true,true
2026-06-11,ACC-010,4390,true,true
2026-06-11,ACC-011,2060,true,true
2026-06-11,ACC-012,640,true,true
2026-06-11,ACC-013,4320,true,true
2026-06-11,ACC-014,1990,true,true
2026-06-11,ACC-015,850,true,true
2026-06-11,ACC-016,4250,true,true
2026-06-11,ACC-017,1920,true,true
2026-06-11,ACC-018,780,true,true
2026-06-11,ACC-019,4460,true,true
2026-06-11,ACC-020,1850,true,true
2026-06-11,ACC-021,710,true,true
2026-06-11,ACC-022,4390,true,true
2026-06-11,ACC-023,2060,true,true
2026-06-11,ACC-024,640,true,true
2026-06-11,ACC-025,4320,true,true
2026-06-11,ACC-026,1990,true,true
2026-06-11,ACC-027,850,true,true
2026-06-11,ACC-028,4250,true,true
2026-06-11,ACC-029,1920,true,true
2026-06-11,ACC-030,780,true,true
2026-06-11,ACC-031,4460,true,true
2026-06-11,ACC-032,1850,true,true
2026-06-11,ACC-033,710,true,true
2026-06-11,ACC-034,0,false,true
2026-06-11,ACC-035,0,false,true
2026-06-11,ACC-036,0,false,true
2026-06-12,ACC-001,4320,true,true
2026-06-12,ACC-002,1990,true,true
2026-06-12,ACC-003,850,true,true
2026-06-12,ACC-004,4250,true,true
2026-06-12,ACC-005,1920,true,true
2026-06-12,ACC-006,780,true,true
2026-06-12,ACC-007,4460,true,true
2026-06-12,ACC-008,1850,true,true
2026-06-12,ACC-009,710,true,true
2026-06-12,ACC-010,4390,true,true
2026-06-12,ACC-011,2060,true,true
2026-06-12,ACC-012,640,true,true
2026-06-12,ACC-013,4320,true,true
2026-06-12,ACC-014,1990,true,true
2026-06-12,ACC-015,850,true,true
2026-06-12,ACC-016,4250,true,true
2026-06-12,ACC-017,1920,true,true
2026-06-12,ACC-018,780,true,true
2026-06-12,ACC-019,4460,true,true
2026-06-12,ACC-020,1850,true,true
2026-06-12,ACC-021,710,true,true
2026-06-12,ACC-022,4390,true,true
2026-06-12,ACC-023,2060,true,true
2026-06-12,ACC-024,640,true,true
2026-06-12,ACC-025,4320,true,true
2026-06-12,ACC-026,1990,true,true
2026-06-12,ACC-027,850,true,true
2026-06-12,ACC-028,4250,true,true
2026-06-12,ACC-029,1920,true,true
2026-06-12,ACC-030,780,true,true
2026-06-12,ACC-031,4460,true,true
2026-06-12,ACC-032,1850,true,true
2026-06-12,ACC-033,710,true,true
2026-06-12,ACC-034,0,false,true
2026-06-12,ACC-035,0,false,true
2026-06-12,ACC-036,0,false,true
2026-06-13,ACC-001,4320,true,true
2026-06-13,ACC-002,1990,true,true
2026-06-13,ACC-003,850,true,true
2026-06-13,ACC-004,4250,true,true
2026-06-13,ACC-005,1920,true,true
2026-06-13,ACC-006,780,true,true
2026-06-13,ACC-007,4460,true,true
2026-06-13,ACC-008,1850,true,true
2026-06-13,ACC-009,710,true,true
2026-06-13,ACC-010,4390,true,true
2026-06-13,ACC-011,2060,true,true
2026-06-13,ACC-012,640,true,true
2026-06-13,ACC-013,4320,true,true
2026-06-13,ACC-014,1990,true,true
2026-06-13,ACC-015,850,true,true
2026-06-13,ACC-016,4250,true,true
2026-06-13,ACC-017,1920,true,true
2026-06-13,ACC-018,780,true,true
2026-06-13,ACC-019,4460,true,true
2026-06-13,ACC-020,1850,true,true
2026-06-13,ACC-021,710,true,true
2026-06-13,ACC-022,4390,true,true
2026-06-13,ACC-023,2060,true,true
2026-06-13,ACC-024,640,true,true
2026-06-13,ACC-025,4320,true,true
2026-06-13,ACC-026,1990,true,true
2026-06-13,ACC-027,850,true,true
2026-06-13,ACC-028,4250,true,true
2026-06-13,ACC-029,1920,true,true
2026-06-13,ACC-030,780,true,true
2026-06-13,ACC-031,4460,true,true
2026-06-13,ACC-032,1850,true,true
2026-06-13,ACC-033,710,true,true
2026-06-13,ACC-034,0,false,true
2026-06-13,ACC-035,0,false,true
2026-06-13,ACC-036,0,false,true
2026-06-14,ACC-001,4320,true,true
2026-06-14,ACC-002,1990,true,true
2026-06-14,ACC-003,850,true,true
2026-06-14,ACC-004,4250,true,true
2026-06-14,ACC-005,1920,true,true
2026-06-14,ACC-006,780,true,true
2026-06-14,ACC-007,4460,true,true
2026-06-14,ACC-008,1850,true,true
2026-06-14,ACC-009,710,true,true
2026-06-14,ACC-010,4390,true,true
2026-06-14,ACC-011,2060,true,true
2026-06-14,ACC-012,640,true,true
2026-06-14,ACC-013,4320,true,true
2026-06-14,ACC-014,1990,true,true
2026-06-14,ACC-015,850,true,true
2026-06-14,ACC-016,4250,true,true
2026-06-14,ACC-017,1920,true,true
2026-06-14,ACC-018,780,true,true
2026-06-14,ACC-019,4460,true,true
2026-06-14,ACC-020,1850,true,true
2026-06-14,ACC-021,710,true,true
2026-06-14,ACC-022,4390,true,true
2026-06-14,ACC-023,2060,true,true
2026-06-14,ACC-024,640,true,true
2026-06-14,ACC-025,4320,true,true
2026-06-14,ACC-026,1990,true,true
2026-06-14,ACC-027,850,true,true
2026-06-14,ACC-028,4250,true,true
2026-06-14,ACC-029,1920,true,true
2026-06-14,ACC-030,780,true,true
2026-06-14,ACC-031,4460,true,true
2026-06-14,ACC-032,1850,true,true
2026-06-14,ACC-033,710,true,true
2026-06-14,ACC-034,0,false,true
2026-06-14,ACC-035,0,false,true
2026-06-14,ACC-036,0,false,true
2026-06-15,ACC-001,4320,true,true
2026-06-15,ACC-002,1990,true,true
2026-06-15,ACC-003,850,true,true
2026-06-15,ACC-004,4250,true,true
2026-06-15,ACC-005,1920,true,true
2026-06-15,ACC-006,780,true,true
2026-06-15,ACC-007,4460,true,true
2026-06-15,ACC-008,1850,true,true
2026-06-15,ACC-009,710,true,true
2026-06-15,ACC-010,4390,true,true
2026-06-15,ACC-011,2060,true,true
2026-06-15,ACC-012,640,true,true
2026-06-15,ACC-013,4320,true,true
2026-06-15,ACC-014,1990,true,true
2026-06-15,ACC-015,850,true,true
2026-06-15,ACC-016,4250,true,true
2026-06-15,ACC-017,1920,true,true
2026-06-15,ACC-018,780,true,true
2026-06-15,ACC-019,4460,true,true
2026-06-15,ACC-020,1850,true,true
2026-06-15,ACC-021,710,true,true
2026-06-15,ACC-022,4390,true,true
2026-06-15,ACC-023,2060,true,true
2026-06-15,ACC-024,640,true,true
2026-06-15,ACC-025,4320,true,true
2026-06-15,ACC-026,1990,true,true
2026-06-15,ACC-027,850,true,true
2026-06-15,ACC-028,4250,true,true
2026-06-15,ACC-029,1920,true,true
2026-06-15,ACC-030,780,true,true
2026-06-15,ACC-031,4460,true,true
2026-06-15,ACC-032,1850,true,true
2026-06-15,ACC-033,710,true,true
2026-06-15,ACC-034,0,false,true
2026-06-15,ACC-035,0,false,true
2026-06-15,ACC-036,0,false,true
2026-06-16,ACC-001,4320,true,true
2026-06-16,ACC-002,1990,true,true
2026-06-16,ACC-003,850,true,true
2026-06-16,ACC-004,4250,true,true
2026-06-16,ACC-005,1920,true,true
2026-06-16,ACC-006,780,true,true
2026-06-16,ACC-007,4460,true,true
2026-06-16,ACC-008,1850,true,true
2026-06-16,ACC-009,710,true,true
2026-06-16,ACC-010,4390,true,true
2026-06-16,ACC-011,2060,true,true
2026-06-16,ACC-012,640,true,true
2026-06-16,ACC-013,4320,true,true
2026-06-16,ACC-014,1990,true,true
2026-06-16,ACC-015,850,true,true
2026-06-16,ACC-016,4250,true,true
2026-06-16,ACC-017,1920,true,true
2026-06-16,ACC-018,780,true,true
2026-06-16,ACC-019,4460,true,true
2026-06-16,ACC-020,1850,true,true
2026-06-16,ACC-021,710,true,true
2026-06-16,ACC-022,4390,true,true
2026-06-16,ACC-023,2060,true,true
2026-06-16,ACC-024,640,true,true
2026-06-16,ACC-025,4320,true,true
2026-06-16,ACC-026,1990,true,true
2026-06-16,ACC-027,850,true,true
2026-06-16,ACC-028,4250,true,true
2026-06-16,ACC-029,1920,true,true
2026-06-16,ACC-030,780,true,true
2026-06-16,ACC-031,4460,true,true
2026-06-16,ACC-032,1850,true,true
2026-06-16,ACC-033,710,true,true
2026-06-16,ACC-034,0,false,true
2026-06-16,ACC-035,0,false,true
2026-06-16,ACC-036,0,false,true
2026-06-17,ACC-001,4320,true,true
2026-06-17,ACC-002,1990,true,true
2026-06-17,ACC-003,850,true,true
2026-06-17,ACC-004,4250,true,true
2026-06-17,ACC-005,1920,true,true
2026-06-17,ACC-006,780,true,true
2026-06-17,ACC-007,4460,true,true
2026-06-17,ACC-008,1850,true,true
2026-06-17,ACC-009,710,true,true
2026-06-17,ACC-010,4390,true,true
2026-06-17,ACC-011,2060,true,true
2026-06-17,ACC-012,640,true,true
2026-06-17,ACC-013,4320,true,true
2026-06-17,ACC-014,1990,true,true
2026-06-17,ACC-015,850,true,true
2026-06-17,ACC-016,4250,true,true
2026-06-17,ACC-017,1920,true,true
2026-06-17,ACC-018,780,true,true
2026-06-17,ACC-019,4460,true,true
2026-06-17,ACC-020,1850,true,true
2026-06-17,ACC-021,710,true,true
2026-06-17,ACC-022,4390,true,true
2026-06-17,ACC-023,2060,true,true
2026-06-17,ACC-024,640,true,true
2026-06-17,ACC-025,4320,true,true
2026-06-17,ACC-026,1990,true,true
2026-06-17,ACC-027,850,true,true
2026-06-17,ACC-028,4250,true,true
2026-06-17,ACC-029,1920,true,true
2026-06-17,ACC-030,780,true,true
2026-06-17,ACC-031,4460,true,true
2026-06-17,ACC-032,1850,true,true
2026-06-17,ACC-033,710,true,true
2026-06-17,ACC-034,0,false,true
2026-06-17,ACC-035,0,false,true
2026-06-17,ACC-036,0,false,true
2026-06-18,ACC-001,4320,true,true
2026-06-18,ACC-002,1990,true,true
2026-06-18,ACC-003,850,true,true
2026-06-18,ACC-004,4250,true,true
2026-06-18,ACC-005,1920,true,true
2026-06-18,ACC-006,780,true,true
2026-06-18,ACC-007,4460,true,true
2026-06-18,ACC-008,1850,true,true
2026-06-18,ACC-009,710,true,true
2026-06-18,ACC-010,4390,true,true
2026-06-18,ACC-011,2060,true,true
2026-06-18,ACC-012,640,true,true
2026-06-18,ACC-013,4320,true,true
2026-06-18,ACC-014,1990,true,true
2026-06-18,ACC-015,850,true,true
2026-06-18,ACC-016,4250,true,true
2026-06-18,ACC-017,1920,true,true
2026-06-18,ACC-018,780,true,true
2026-06-18,ACC-019,4460,true,true
2026-06-18,ACC-020,1850,true,true
2026-06-18,ACC-021,710,true,true
2026-06-18,ACC-022,4390,true,true
2026-06-18,ACC-023,2060,true,true
2026-06-18,ACC-024,640,true,true
2026-06-18,ACC-025,4320,true,true
2026-06-18,ACC-026,1990,true,true
2026-06-18,ACC-027,850,true,true
2026-06-18,ACC-028,4250,true,true
2026-06-18,ACC-029,1920,true,true
2026-06-18,ACC-030,780,true,true
2026-06-18,ACC-031,4460,true,true
2026-06-18,ACC-032,1850,true,true
2026-06-18,ACC-033,710,true,true
2026-06-18,ACC-034,0,false,true
2026-06-18,ACC-035,0,false,true
2026-06-18,ACC-036,0,false,true
2026-06-19,ACC-001,4320,true,true
2026-06-19,ACC-002,1990,true,true
2026-06-19,ACC-003,850,true,true
2026-06-19,ACC-004,4250,true,true
2026-06-19,ACC-005,1920,true,true
2026-06-19,ACC-006,780,true,true
2026-06-19,ACC-007,4460,true,true
2026-06-19,ACC-008,1850,true,true
2026-06-19,ACC-009,710,true,true
2026-06-19,ACC-010,4390,true,true
2026-06-19,ACC-011,2060,true,true
2026-06-19,ACC-012,640,true,true
2026-06-19,ACC-013,4320,true,true
2026-06-19,ACC-014,1990,true,true
2026-06-19,ACC-015,850,true,true
2026-06-19,ACC-016,4250,true,true
2026-06-19,ACC-017,1920,true,true
2026-06-19,ACC-018,780,true,true
2026-06-19,ACC-019,4460,true,true
2026-06-19,ACC-020,1850,true,true
2026-06-19,ACC-021,710,true,true
2026-06-19,ACC-022,4390,true,true
2026-06-19,ACC-023,2060,true,true
2026-06-19,ACC-024,640,true,true
2026-06-19,ACC-025,4320,true,true
2026-06-19,ACC-026,1990,true,true
2026-06-19,ACC-027,850,true,true
2026-06-19,ACC-028,4250,true,true
2026-06-19,ACC-029,1920,true,true
2026-06-19,ACC-030,780,true,true
2026-06-19,ACC-031,4460,true,true
2026-06-19,ACC-032,1850,true,true
2026-06-19,ACC-033,710,true,true
2026-06-19,ACC-034,0,false,true
2026-06-19,ACC-035,0,false,true
2026-06-19,ACC-036,0,false,true
2026-06-20,ACC-001,4320,true,true
2026-06-20,ACC-002,1990,true,true
2026-06-20,ACC-003,850,true,true
2026-06-20,ACC-004,4250,true,true
2026-06-20,ACC-005,1920,true,true
2026-06-20,ACC-006,780,true,true
2026-06-20,ACC-007,4460,true,true
2026-06-20,ACC-008,1850,true,true
2026-06-20,ACC-009,710,true,true
2026-06-20,ACC-010,4390,true,true
2026-06-20,ACC-011,2060,true,true
2026-06-20,ACC-012,640,true,true
2026-06-20,ACC-013,4320,true,true
2026-06-20,ACC-014,1990,true,true
2026-06-20,ACC-015,850,true,true
2026-06-20,ACC-016,4250,true,true
2026-06-20,ACC-017,1920,true,true
2026-06-20,ACC-018,780,true,true
2026-06-20,ACC-019,4460,true,true
2026-06-20,ACC-020,1850,true,true
2026-06-20,ACC-021,710,true,true
2026-06-20,ACC-022,4390,true,true
2026-06-20,ACC-023,2060,true,true
2026-06-20,ACC-024,640,true,true
2026-06-20,ACC-025,4320,true,true
2026-06-20,ACC-026,1990,true,true
2026-06-20,ACC-027,850,true,true
2026-06-20,ACC-028,4250,true,true
2026-06-20,ACC-029,1920,true,true
2026-06-20,ACC-030,780,true,true
2026-06-20,ACC-031,4460,true,true
2026-06-20,ACC-032,1850,true,true
2026-06-20,ACC-033,710,true,true
2026-06-20,ACC-034,0,false,true
2026-06-20,ACC-035,0,false,true
2026-06-20,ACC-036,0,false,true
2026-06-21,ACC-001,4320,true,true
2026-06-21,ACC-002,1990,true,true
2026-06-21,ACC-003,850,true,true
2026-06-21,ACC-004,4250,true,true
2026-06-21,ACC-005,1920,true,true
2026-06-21,ACC-006,780,true,true
2026-06-21,ACC-007,4460,true,true
2026-06-21,ACC-008,1850,true,true
2026-06-21,ACC-009,710,true,true
2026-06-21,ACC-010,4390,true,true
2026-06-21,ACC-011,2060,true,true
2026-06-21,ACC-012,640,true,true
2026-06-21,ACC-013,4320,true,true
2026-06-21,ACC-014,1990,true,true
2026-06-21,ACC-015,850,true,true
2026-06-21,ACC-016,4250,true,true
2026-06-21,ACC-017,1920,true,true
2026-06-21,ACC-018,780,true,true
2026-06-21,ACC-019,4460,true,true
2026-06-21,ACC-020,1850,true,true
2026-06-21,ACC-021,710,true,true
2026-06-21,ACC-022,4390,true,true
2026-06-21,ACC-023,2060,true,true
2026-06-21,ACC-024,640,true,true
2026-06-21,ACC-025,4320,true,true
2026-06-21,ACC-026,1990,true,true
2026-06-21,ACC-027,850,true,true
2026-06-21,ACC-028,4250,true,true
2026-06-21,ACC-029,1920,true,true
2026-06-21,ACC-030,780,true,true
2026-06-21,ACC-031,4460,true,true
2026-06-21,ACC-032,1850,true,true
2026-06-21,ACC-033,710,true,true
2026-06-21,ACC-034,0,false,true
2026-06-21,ACC-035,0,false,true
2026-06-21,ACC-036,0,false,true
2026-06-22,ACC-001,4320,true,true
2026-06-22,ACC-002,1990,true,true
2026-06-22,ACC-003,850,true,true
2026-06-22,ACC-004,4250,true,true
2026-06-22,ACC-005,1920,true,true
2026-06-22,ACC-006,780,true,true
2026-06-22,ACC-007,4460,true,true
2026-06-22,ACC-008,1850,true,true
2026-06-22,ACC-009,710,true,true
2026-06-22,ACC-010,4390,true,true
2026-06-22,ACC-011,2060,true,true
2026-06-22,ACC-012,640,true,true
2026-06-22,ACC-013,4320,true,true
2026-06-22,ACC-014,1990,true,true
2026-06-22,ACC-015,850,true,true
2026-06-22,ACC-016,4250,true,true
2026-06-22,ACC-017,1920,true,true
2026-06-22,ACC-018,780,true,true
2026-06-22,ACC-019,4460,true,true
2026-06-22,ACC-020,1850,true,true
2026-06-22,ACC-021,710,true,true
2026-06-22,ACC-022,4390,true,true
2026-06-22,ACC-023,2060,true,true
2026-06-22,ACC-024,640,true,true
2026-06-22,ACC-025,4320,true,true
2026-06-22,ACC-026,1990,true,true
2026-06-22,ACC-027,850,true,true
2026-06-22,ACC-028,4250,true,true
2026-06-22,ACC-029,1920,true,true
2026-06-22,ACC-030,780,true,true
2026-06-22,ACC-031,4460,true,true
2026-06-22,ACC-032,1850,true,true
2026-06-22,ACC-033,710,true,true
2026-06-22,ACC-034,0,false,true
2026-06-22,ACC-035,0,false,true
2026-06-22,ACC-036,0,false,true
2026-06-23,ACC-001,4320,true,true
2026-06-23,ACC-002,1990,true,true
2026-06-23,ACC-003,850,true,true
2026-06-23,ACC-004,4250,true,true
2026-06-23,ACC-005,1920,true,true
2026-06-23,ACC-006,780,true,true
2026-06-23,ACC-007,4460,true,true
2026-06-23,ACC-008,1850,true,true
2026-06-23,ACC-009,710,true,true
2026-06-23,ACC-010,4390,true,true
2026-06-23,ACC-011,2060,true,true
2026-06-23,ACC-012,640,true,true
2026-06-23,ACC-013,4320,true,true
2026-06-23,ACC-014,1990,true,true
2026-06-23,ACC-015,850,true,true
2026-06-23,ACC-016,4250,true,true
2026-06-23,ACC-017,1920,true,true
2026-06-23,ACC-018,780,true,true
2026-06-23,ACC-019,4460,true,true
2026-06-23,ACC-020,1850,true,true
2026-06-23,ACC-021,710,true,true
2026-06-23,ACC-022,4390,true,true
2026-06-23,ACC-023,2060,true,true
2026-06-23,ACC-024,640,true,true
2026-06-23,ACC-025,4320,true,true
2026-06-23,ACC-026,1990,true,true
2026-06-23,ACC-027,850,true,true
2026-06-23,ACC-028,4250,true,true
2026-06-23,ACC-029,1920,true,true
2026-06-23,ACC-030,780,true,true
2026-06-23,ACC-031,4460,true,true
2026-06-23,ACC-032,1850,true,true
2026-06-23,ACC-033,710,true,true
2026-06-23,ACC-034,0,false,true
2026-06-23,ACC-035,0,false,true
2026-06-23,ACC-036,0,false,true
2026-06-24,ACC-001,4320,true,true
2026-06-24,ACC-002,1990,true,true
2026-06-24,ACC-003,850,true,true
2026-06-24,ACC-004,4250,true,true
2026-06-24,ACC-005,1920,true,true
2026-06-24,ACC-006,780,true,true
2026-06-24,ACC-007,4460,true,true
2026-06-24,ACC-008,1850,true,true
2026-06-24,ACC-009,710,true,true
2026-06-24,ACC-010,4390,true,true
2026-06-24,ACC-011,2060,true,true
2026-06-24,ACC-012,640,true,true
2026-06-24,ACC-013,4320,true,true
2026-06-24,ACC-014,1990,true,true
2026-06-24,ACC-015,850,true,true
2026-06-24,ACC-016,4250,true,true
2026-06-24,ACC-017,1920,true,true
2026-06-24,ACC-018,780,true,true
2026-06-24,ACC-019,4460,true,true
2026-06-24,ACC-020,1850,true,true
2026-06-24,ACC-021,710,true,true
2026-06-24,ACC-022,4390,true,true
2026-06-24,ACC-023,2060,true,true
2026-06-24,ACC-024,640,true,true
2026-06-24,ACC-025,4320,true,true
2026-06-24,ACC-026,1990,true,true
2026-06-24,ACC-027,850,true,true
2026-06-24,ACC-028,4250,true,true
2026-06-24,ACC-029,1920,true,true
2026-06-24,ACC-030,780,true,true
2026-06-24,ACC-031,4460,true,true
2026-06-24,ACC-032,1850,true,true
2026-06-24,ACC-033,710,true,true
2026-06-24,ACC-034,4390,true,true
2026-06-24,ACC-035,0,false,true
2026-06-24,ACC-036,0,false,true
2026-06-25,ACC-001,4320,true,true
2026-06-25,ACC-002,1990,true,true
2026-06-25,ACC-003,850,true,true
2026-06-25,ACC-004,4250,true,true
2026-06-25,ACC-005,1920,true,true
2026-06-25,ACC-006,780,true,true
2026-06-25,ACC-007,4460,true,true
2026-06-25,ACC-008,1850,true,true
2026-06-25,ACC-009,710,true,true
2026-06-25,ACC-010,4390,true,true
2026-06-25,ACC-011,2060,true,true
2026-06-25,ACC-012,640,true,true
2026-06-25,ACC-013,4320,true,true
2026-06-25,ACC-014,1990,true,true
2026-06-25,ACC-015,850,true,true
2026-06-25,ACC-016,4250,true,true
2026-06-25,ACC-017,1920,true,true
2026-06-25,ACC-018,780,true,true
2026-06-25,ACC-019,4460,true,true
2026-06-25,ACC-020,1850,true,true
2026-06-25,ACC-021,710,true,true
2026-06-25,ACC-022,4390,true,true
2026-06-25,ACC-023,2060,true,true
2026-06-25,ACC-024,640,true,true
2026-06-25,ACC-025,4320,true,true
2026-06-25,ACC-026,1990,true,true
2026-06-25,ACC-027,850,true,true
2026-06-25,ACC-028,4250,true,true
2026-06-25,ACC-029,1920,true,true
2026-06-25,ACC-030,780,true,true
2026-06-25,ACC-031,4460,true,true
2026-06-25,ACC-032,1850,true,true
2026-06-25,ACC-033,710,true,true
2026-06-25,ACC-034,4390,true,true
2026-06-25,ACC-035,0,false,true
2026-06-25,ACC-036,0,false,true
2026-06-26,ACC-001,4320,true,true
2026-06-26,ACC-002,1990,true,true
2026-06-26,ACC-003,850,true,true
2026-06-26,ACC-004,4250,true,true
2026-06-26,ACC-005,1920,true,true
2026-06-26,ACC-006,780,true,true
2026-06-26,ACC-007,4460,true,true
2026-06-26,ACC-008,1850,true,true
2026-06-26,ACC-009,710,true,true
2026-06-26,ACC-010,4390,true,true
2026-06-26,ACC-011,2060,true,true
2026-06-26,ACC-012,640,true,true
2026-06-26,ACC-013,4320,true,true
2026-06-26,ACC-014,1990,true,true
2026-06-26,ACC-015,850,true,true
2026-06-26,ACC-016,4250,true,true
2026-06-26,ACC-017,1920,true,true
2026-06-26,ACC-018,780,true,true
2026-06-26,ACC-019,4460,true,true
2026-06-26,ACC-020,1850,true,true
2026-06-26,ACC-021,710,true,true
2026-06-26,ACC-022,4390,true,true
2026-06-26,ACC-023,2060,true,true
2026-06-26,ACC-024,640,true,true
2026-06-26,ACC-025,4320,true,true
2026-06-26,ACC-026,1990,true,true
2026-06-26,ACC-027,850,true,true
2026-06-26,ACC-028,4250,true,true
2026-06-26,ACC-029,1920,true,true
2026-06-26,ACC-030,780,true,true
2026-06-26,ACC-031,4460,true,true
2026-06-26,ACC-032,1850,true,true
2026-06-26,ACC-033,710,true,true
2026-06-26,ACC-034,4390,true,true
2026-06-26,ACC-035,0,false,true
2026-06-26,ACC-036,0,false,true
2026-06-27,ACC-001,4320,true,true
2026-06-27,ACC-002,1990,true,true
2026-06-27,ACC-003,850,true,true
2026-06-27,ACC-004,4250,true,true
2026-06-27,ACC-005,1920,true,true
2026-06-27,ACC-006,780,true,true
2026-06-27,ACC-007,4460,true,true
2026-06-27,ACC-008,1850,true,true
2026-06-27,ACC-009,710,true,true
2026-06-27,ACC-010,4390,true,true
2026-06-27,ACC-011,2060,true,true
2026-06-27,ACC-012,640,true,true
2026-06-27,ACC-013,4320,true,true
2026-06-27,ACC-014,1990,true,true
2026-06-27,ACC-015,850,true,true
2026-06-27,ACC-016,4250,true,true
2026-06-27,ACC-017,1920,true,true
2026-06-27,ACC-018,780,true,true
2026-06-27,ACC-019,4460,true,true
2026-06-27,ACC-020,1850,true,true
2026-06-27,ACC-021,710,true,true
2026-06-27,ACC-022,4390,true,true
2026-06-27,ACC-023,2060,true,true
2026-06-27,ACC-024,640,true,true
2026-06-27,ACC-025,4320,true,true
2026-06-27,ACC-026,1990,true,true
2026-06-27,ACC-027,850,true,true
2026-06-27,ACC-028,4250,true,true
2026-06-27,ACC-029,1920,true,true
2026-06-27,ACC-030,780,true,true
2026-06-27,ACC-031,4460,true,true
2026-06-27,ACC-032,1850,true,true
2026-06-27,ACC-033,710,true,true
2026-06-27,ACC-034,4390,true,true
2026-06-27,ACC-035,0,false,true
2026-06-27,ACC-036,0,false,true
2026-06-28,ACC-001,4320,true,true
2026-06-28,ACC-002,1990,true,true
2026-06-28,ACC-003,850,true,true
2026-06-28,ACC-004,4250,true,true
2026-06-28,ACC-005,1920,true,true
2026-06-28,ACC-006,780,true,true
2026-06-28,ACC-007,4460,true,true
2026-06-28,ACC-008,1850,true,true
2026-06-28,ACC-009,710,true,true
2026-06-28,ACC-010,4390,true,true
2026-06-28,ACC-011,2060,true,true
2026-06-28,ACC-012,640,true,true
2026-06-28,ACC-013,4320,true,true
2026-06-28,ACC-014,1990,true,true
2026-06-28,ACC-015,850,true,true
2026-06-28,ACC-016,4250,true,true
2026-06-28,ACC-017,1920,true,true
2026-06-28,ACC-018,780,true,true
2026-06-28,ACC-019,4460,true,true
2026-06-28,ACC-020,1850,true,true
2026-06-28,ACC-021,710,true,true
2026-06-28,ACC-022,4390,true,true
2026-06-28,ACC-023,2060,true,true
2026-06-28,ACC-024,640,true,true
2026-06-28,ACC-025,4320,true,true
2026-06-28,ACC-026,1990,true,true
2026-06-28,ACC-027,850,true,true
2026-06-28,ACC-028,4250,true,true
2026-06-28,ACC-029,1920,true,true
2026-06-28,ACC-030,780,true,true
2026-06-28,ACC-031,4460,true,true
2026-06-28,ACC-032,1850,true,true
2026-06-28,ACC-033,710,true,true
2026-06-28,ACC-034,4390,true,true
2026-06-28,ACC-035,0,false,true
2026-06-28,ACC-036,0,false,true
2026-06-29,ACC-001,4320,true,true
2026-06-29,ACC-002,1990,true,true
2026-06-29,ACC-003,850,true,true
2026-06-29,ACC-004,4250,true,true
2026-06-29,ACC-005,1920,true,true
2026-06-29,ACC-006,780,true,true
2026-06-29,ACC-007,4460,true,true
2026-06-29,ACC-008,1850,true,true
2026-06-29,ACC-009,710,true,true
2026-06-29,ACC-010,4390,true,true
2026-06-29,ACC-011,2060,true,true
2026-06-29,ACC-012,640,true,true
2026-06-29,ACC-013,4320,true,true
2026-06-29,ACC-014,1990,true,true
2026-06-29,ACC-015,850,true,true
2026-06-29,ACC-016,4250,true,true
2026-06-29,ACC-017,1920,true,true
2026-06-29,ACC-018,780,true,true
2026-06-29,ACC-019,4460,true,true
2026-06-29,ACC-020,1850,true,true
2026-06-29,ACC-021,710,true,true
2026-06-29,ACC-022,4390,true,true
2026-06-29,ACC-023,2060,true,true
2026-06-29,ACC-024,640,true,true
2026-06-29,ACC-025,4320,true,true
2026-06-29,ACC-026,1990,true,true
2026-06-29,ACC-027,850,true,true
2026-06-29,ACC-028,4250,true,true
2026-06-29,ACC-029,1920,true,true
2026-06-29,ACC-030,780,true,true
2026-06-29,ACC-031,4460,true,true
2026-06-29,ACC-032,1850,true,true
2026-06-29,ACC-033,710,true,true
2026-06-29,ACC-034,4390,true,true
2026-06-29,ACC-035,0,false,true
2026-06-29,ACC-036,0,false,true
2026-06-30,ACC-001,4320,true,true
2026-06-30,ACC-002,1990,true,true
2026-06-30,ACC-003,850,true,true
2026-06-30,ACC-004,4250,true,true
2026-06-30,ACC-005,1920,true,true
2026-06-30,ACC-006,780,true,true
2026-06-30,ACC-007,4460,true,true
2026-06-30,ACC-008,1850,true,true
2026-06-30,ACC-009,710,true,true
2026-06-30,ACC-010,4390,true,true
2026-06-30,ACC-011,2060,true,true
2026-06-30,ACC-012,640,true,true
2026-06-30,ACC-013,4320,true,true
2026-06-30,ACC-014,1990,true,true
2026-06-30,ACC-015,850,true,true
2026-06-30,ACC-016,4250,true,true
2026-06-30,ACC-017,1920,true,true
2026-06-30,ACC-018,780,true,true
2026-06-30,ACC-019,4460,true,true
2026-06-30,ACC-020,1850,true,true
2026-06-30,ACC-021,710,true,true
2026-06-30,ACC-022,4390,true,true
2026-06-30,ACC-023,2060,true,true
2026-06-30,ACC-024,640,true,true
2026-06-30,ACC-025,4320,true,true
2026-06-30,ACC-026,1990,true,true
2026-06-30,ACC-027,850,true,true
2026-06-30,ACC-028,4250,true,true
2026-06-30,ACC-029,1920,true,true
2026-06-30,ACC-030,780,true,true
2026-06-30,ACC-031,4460,true,true
2026-06-30,ACC-032,1850,true,true
2026-06-30,ACC-033,710,true,true
2026-06-30,ACC-034,4390,true,true
2026-06-30,ACC-035,0,false,true
2026-06-30,ACC-036,0,false,true
2026-07-01,ACC-001,4320,true,true
2026-07-01,ACC-002,1990,true,true
2026-07-01,ACC-003,850,true,true
2026-07-01,ACC-004,4250,true,true
2026-07-01,ACC-005,1920,true,true
2026-07-01,ACC-006,780,true,true
2026-07-01,ACC-007,4460,true,true
2026-07-01,ACC-008,1850,true,true
2026-07-01,ACC-009,710,true,true
2026-07-01,ACC-010,4390,true,true
2026-07-01,ACC-011,2060,true,true
2026-07-01,ACC-012,640,true,true
2026-07-01,ACC-013,4320,true,true
2026-07-01,ACC-014,1990,true,true
2026-07-01,ACC-015,850,true,true
2026-07-01,ACC-016,4250,true,true
2026-07-01,ACC-017,1920,true,true
2026-07-01,ACC-018,780,true,true
2026-07-01,ACC-019,4460,true,true
2026-07-01,ACC-020,1850,true,true
2026-07-01,ACC-021,710,true,true
2026-07-01,ACC-022,4390,true,true
2026-07-01,ACC-023,2060,true,true
2026-07-01,ACC-024,640,true,true
2026-07-01,ACC-025,4320,true,true
2026-07-01,ACC-026,1990,true,true
2026-07-01,ACC-027,850,true,true
2026-07-01,ACC-028,4250,true,true
2026-07-01,ACC-029,1920,true,true
2026-07-01,ACC-030,780,true,true
2026-07-01,ACC-031,4460,true,true
2026-07-01,ACC-032,1850,true,true
2026-07-01,ACC-033,710,true,true
2026-07-01,ACC-034,4390,true,true
2026-07-01,ACC-035,0,false,true
2026-07-01,ACC-036,0,false,true
2026-07-02,ACC-001,4320,true,true
2026-07-02,ACC-002,1990,true,true
2026-07-02,ACC-003,850,true,true
2026-07-02,ACC-004,4250,true,true
2026-07-02,ACC-005,1920,true,true
2026-07-02,ACC-006,780,true,true
2026-07-02,ACC-007,4460,true,true
2026-07-02,ACC-008,1850,true,true
2026-07-02,ACC-009,710,true,true
2026-07-02,ACC-010,4390,true,true
2026-07-02,ACC-011,2060,true,true
2026-07-02,ACC-012,640,true,true
2026-07-02,ACC-013,4320,true,true
2026-07-02,ACC-014,1990,true,true
2026-07-02,ACC-015,850,true,true
2026-07-02,ACC-016,4250,true,true
2026-07-02,ACC-017,1920,true,true
2026-07-02,ACC-018,780,true,true
2026-07-02,ACC-019,4460,true,true
2026-07-02,ACC-020,1850,true,true
2026-07-02,ACC-021,710,true,true
2026-07-02,ACC-022,4390,true,true
2026-07-02,ACC-023,2060,true,true
2026-07-02,ACC-024,640,true,true
2026-07-02,ACC-025,4320,true,true
2026-07-02,ACC-026,1990,true,true
2026-07-02,ACC-027,850,true,true
2026-07-02,ACC-028,4250,true,true
2026-07-02,ACC-029,1920,true,true
2026-07-02,ACC-030,780,true,true
2026-07-02,ACC-031,4460,true,true
2026-07-02,ACC-032,1850,true,true
2026-07-02,ACC-033,710,true,true
2026-07-02,ACC-034,4390,true,true
2026-07-02,ACC-035,0,false,true
2026-07-02,ACC-036,0,false,true
2026-07-03,ACC-001,4320,true,true
2026-07-03,ACC-002,1990,true,true
2026-07-03,ACC-003,850,true,true
2026-07-03,ACC-004,4250,true,true
2026-07-03,ACC-005,1920,true,true
2026-07-03,ACC-006,780,true,true
2026-07-03,ACC-007,4460,true,true
2026-07-03,ACC-008,1850,true,true
2026-07-03,ACC-009,710,true,true
2026-07-03,ACC-010,4390,true,true
2026-07-03,ACC-011,2060,true,true
2026-07-03,ACC-012,640,true,true
2026-07-03,ACC-013,4320,true,true
2026-07-03,ACC-014,1990,true,true
2026-07-03,ACC-015,850,true,true
2026-07-03,ACC-016,4250,true,true
2026-07-03,ACC-017,1920,true,true
2026-07-03,ACC-018,780,true,true
2026-07-03,ACC-019,4460,true,true
2026-07-03,ACC-020,1850,true,true
2026-07-03,ACC-021,710,true,true
2026-07-03,ACC-022,4390,true,true
2026-07-03,ACC-023,2060,true,true
2026-07-03,ACC-024,640,true,true
2026-07-03,ACC-025,4320,true,true
2026-07-03,ACC-026,1990,true,true
2026-07-03,ACC-027,850,true,true
2026-07-03,ACC-028,4250,true,true
2026-07-03,ACC-029,1920,true,true
2026-07-03,ACC-030,780,true,true
2026-07-03,ACC-031,4460,true,true
2026-07-03,ACC-032,1850,true,true
2026-07-03,ACC-033,710,true,true
2026-07-03,ACC-034,4390,true,true
2026-07-03,ACC-035,0,false,true
2026-07-03,ACC-036,0,false,true
2026-07-04,ACC-001,4320,true,true
2026-07-04,ACC-002,1990,true,true
2026-07-04,ACC-003,850,true,true
2026-07-04,ACC-004,4250,true,true
2026-07-04,ACC-005,1920,true,true
2026-07-04,ACC-006,780,true,true
2026-07-04,ACC-007,4460,true,true
2026-07-04,ACC-008,1850,true,true
2026-07-04,ACC-009,710,true,true
2026-07-04,ACC-010,4390,true,true
2026-07-04,ACC-011,2060,true,true
2026-07-04,ACC-012,640,true,true
2026-07-04,ACC-013,4320,true,true
2026-07-04,ACC-014,1990,true,true
2026-07-04,ACC-015,850,true,true
2026-07-04,ACC-016,4250,true,true
2026-07-04,ACC-017,1920,true,true
2026-07-04,ACC-018,780,true,true
2026-07-04,ACC-019,4460,true,true
2026-07-04,ACC-020,1850,true,true
2026-07-04,ACC-021,710,true,true
2026-07-04,ACC-022,4390,true,true
2026-07-04,ACC-023,2060,true,true
2026-07-04,ACC-024,640,true,true
2026-07-04,ACC-025,4320,true,true
2026-07-04,ACC-026,1990,true,true
2026-07-04,ACC-027,850,true,true
2026-07-04,ACC-028,4250,true,true
2026-07-04,ACC-029,1920,true,true
2026-07-04,ACC-030,780,true,true
2026-07-04,ACC-031,4460,true,true
2026-07-04,ACC-032,1850,true,true
2026-07-04,ACC-033,710,true,true
2026-07-04,ACC-034,4390,true,true
2026-07-04,ACC-035,0,false,true
2026-07-04,ACC-036,0,false,true
2026-07-05,ACC-001,4320,true,true
2026-07-05,ACC-002,1990,true,true
2026-07-05,ACC-003,850,true,true
2026-07-05,ACC-004,4250,true,true
2026-07-05,ACC-005,1920,true,true
2026-07-05,ACC-006,780,true,true
2026-07-05,ACC-007,4460,true,true
2026-07-05,ACC-008,1850,true,true
2026-07-05,ACC-009,710,true,true
2026-07-05,ACC-010,4390,true,true
2026-07-05,ACC-011,2060,true,true
2026-07-05,ACC-012,640,true,true
2026-07-05,ACC-013,4320,true,true
2026-07-05,ACC-014,1990,true,true
2026-07-05,ACC-015,850,true,true
2026-07-05,ACC-016,4250,true,true
2026-07-05,ACC-017,1920,true,true
2026-07-05,ACC-018,780,true,true
2026-07-05,ACC-019,4460,true,true
2026-07-05,ACC-020,1850,true,true
2026-07-05,ACC-021,710,true,true
2026-07-05,ACC-022,4390,true,true
2026-07-05,ACC-023,2060,true,true
2026-07-05,ACC-024,640,true,true
2026-07-05,ACC-025,4320,true,true
2026-07-05,ACC-026,1990,true,true
2026-07-05,ACC-027,850,true,true
2026-07-05,ACC-028,4250,true,true
2026-07-05,ACC-029,1920,true,true
2026-07-05,ACC-030,780,true,true
2026-07-05,ACC-031,4460,true,true
2026-07-05,ACC-032,1850,true,true
2026-07-05,ACC-033,710,true,true
2026-07-05,ACC-034,4390,true,true
2026-07-05,ACC-035,0,false,true
2026-07-05,ACC-036,0,false,true
2026-07-06,ACC-001,4320,true,true
2026-07-06,ACC-002,1990,true,true
2026-07-06,ACC-003,850,true,true
2026-07-06,ACC-004,4250,true,true
2026-07-06,ACC-005,1920,true,true
2026-07-06,ACC-006,780,true,true
2026-07-06,ACC-007,4460,true,true
2026-07-06,ACC-008,1850,true,true
2026-07-06,ACC-009,710,true,true
2026-07-06,ACC-010,4390,true,true
2026-07-06,ACC-011,2060,true,true
2026-07-06,ACC-012,640,true,true
2026-07-06,ACC-013,4320,true,true
2026-07-06,ACC-014,1990,true,true
2026-07-06,ACC-015,850,true,true
2026-07-06,ACC-016,4250,true,true
2026-07-06,ACC-017,1920,true,true
2026-07-06,ACC-018,780,true,true
2026-07-06,ACC-019,4460,true,true
2026-07-06,ACC-020,1850,true,true
2026-07-06,ACC-021,710,true,true
2026-07-06,ACC-022,4390,true,true
2026-07-06,ACC-023,2060,true,true
2026-07-06,ACC-024,640,true,true
2026-07-06,ACC-025,4320,true,true
2026-07-06,ACC-026,1990,true,true
2026-07-06,ACC-027,850,true,true
2026-07-06,ACC-028,4250,true,true
2026-07-06,ACC-029,1920,true,true
2026-07-06,ACC-030,780,true,true
2026-07-06,ACC-031,4460,true,true
2026-07-06,ACC-032,1850,true,true
2026-07-06,ACC-033,710,true,true
2026-07-06,ACC-034,4390,true,true
2026-07-06,ACC-035,0,false,true
2026-07-06,ACC-036,0,false,true
2026-07-07,ACC-001,4320,true,true
2026-07-07,ACC-002,1990,true,true
2026-07-07,ACC-003,850,true,true
2026-07-07,ACC-004,4250,true,true
2026-07-07,ACC-005,1920,true,true
2026-07-07,ACC-006,780,true,true
2026-07-07,ACC-007,4460,true,true
2026-07-07,ACC-008,1850,true,true
2026-07-07,ACC-009,710,true,true
2026-07-07,ACC-010,4390,true,true
2026-07-07,ACC-011,2060,true,true
2026-07-07,ACC-012,640,true,true
2026-07-07,ACC-013,4320,true,true
2026-07-07,ACC-014,1990,true,true
2026-07-07,ACC-015,850,true,true
2026-07-07,ACC-016,4250,true,true
2026-07-07,ACC-017,1920,true,true
2026-07-07,ACC-018,780,true,true
2026-07-07,ACC-019,4460,true,true
2026-07-07,ACC-020,1850,true,true
2026-07-07,ACC-021,710,true,true
2026-07-07,ACC-022,4390,true,true
2026-07-07,ACC-023,2060,true,true
2026-07-07,ACC-024,640,true,true
2026-07-07,ACC-025,4320,true,true
2026-07-07,ACC-026,1990,true,true
2026-07-07,ACC-027,850,true,true
2026-07-07,ACC-028,4250,true,true
2026-07-07,ACC-029,1920,true,true
2026-07-07,ACC-030,780,true,true
2026-07-07,ACC-031,4460,true,true
2026-07-07,ACC-032,1850,true,true
2026-07-07,ACC-033,710,true,true
2026-07-07,ACC-034,4390,true,true
2026-07-07,ACC-035,0,false,true
2026-07-07,ACC-036,0,false,true
2026-07-08,ACC-001,4320,true,true
2026-07-08,ACC-002,1990,true,true
2026-07-08,ACC-003,850,true,true
2026-07-08,ACC-004,4250,true,true
2026-07-08,ACC-005,1920,true,true
2026-07-08,ACC-006,780,true,true
2026-07-08,ACC-007,4460,true,true
2026-07-08,ACC-008,1850,true,true
2026-07-08,ACC-009,710,true,true
2026-07-08,ACC-010,4390,true,true
2026-07-08,ACC-011,2060,true,true
2026-07-08,ACC-012,640,true,true
2026-07-08,ACC-013,4320,true,true
2026-07-08,ACC-014,1990,true,true
2026-07-08,ACC-015,850,true,true
2026-07-08,ACC-016,4250,true,true
2026-07-08,ACC-017,1920,true,true
2026-07-08,ACC-018,780,true,true
2026-07-08,ACC-019,4460,true,true
2026-07-08,ACC-020,1850,true,true
2026-07-08,ACC-021,710,true,true
2026-07-08,ACC-022,4390,true,true
2026-07-08,ACC-023,2060,true,true
2026-07-08,ACC-024,640,true,true
2026-07-08,ACC-025,4320,true,true
2026-07-08,ACC-026,1990,true,true
2026-07-08,ACC-027,850,true,true
2026-07-08,ACC-028,4250,true,true
2026-07-08,ACC-029,1920,true,true
2026-07-08,ACC-030,780,true,true
2026-07-08,ACC-031,4460,true,true
2026-07-08,ACC-032,1850,true,true
2026-07-08,ACC-033,710,true,true
2026-07-08,ACC-034,4390,true,true
2026-07-08,ACC-035,0,false,true
2026-07-08,ACC-036,0,false,true
2026-07-09,ACC-001,4320,true,true
2026-07-09,ACC-002,1990,true,true
2026-07-09,ACC-003,850,true,true
2026-07-09,ACC-004,4250,true,true
2026-07-09,ACC-005,1920,true,true
2026-07-09,ACC-006,780,true,true
2026-07-09,ACC-007,4460,true,true
2026-07-09,ACC-008,1850,true,true
2026-07-09,ACC-009,710,true,true
2026-07-09,ACC-010,4390,true,true
2026-07-09,ACC-011,2060,true,true
2026-07-09,ACC-012,640,true,true
2026-07-09,ACC-013,4320,true,true
2026-07-09,ACC-014,1990,true,true
2026-07-09,ACC-015,850,true,true
2026-07-09,ACC-016,4250,true,true
2026-07-09,ACC-017,1920,true,true
2026-07-09,ACC-018,780,true,true
2026-07-09,ACC-019,4460,true,true
2026-07-09,ACC-020,1850,true,true
2026-07-09,ACC-021,710,true,true
2026-07-09,ACC-022,4390,true,true
2026-07-09,ACC-023,2060,true,true
2026-07-09,ACC-024,640,true,true
2026-07-09,ACC-025,4320,true,true
2026-07-09,ACC-026,1990,true,true
2026-07-09,ACC-027,850,true,true
2026-07-09,ACC-028,4250,true,true
2026-07-09,ACC-029,1920,true,true
2026-07-09,ACC-030,780,true,true
2026-07-09,ACC-031,4460,true,true
2026-07-09,ACC-032,1850,true,true
2026-07-09,ACC-033,710,true,true
2026-07-09,ACC-034,4390,true,true
2026-07-09,ACC-035,0,false,true
2026-07-09,ACC-036,0,false,true
2026-07-10,ACC-001,4320,true,true
2026-07-10,ACC-002,1990,true,true
2026-07-10,ACC-003,850,true,true
2026-07-10,ACC-004,4250,true,true
2026-07-10,ACC-005,1920,true,true
2026-07-10,ACC-006,780,true,true
2026-07-10,ACC-007,4460,true,true
2026-07-10,ACC-008,1850,true,true
2026-07-10,ACC-009,710,true,true
2026-07-10,ACC-010,4390,true,true
2026-07-10,ACC-011,2060,true,true
2026-07-10,ACC-012,640,true,true
2026-07-10,ACC-013,4320,true,true
2026-07-10,ACC-014,1990,true,true
2026-07-10,ACC-015,850,true,true
2026-07-10,ACC-016,4250,true,true
2026-07-10,ACC-017,1920,true,true
2026-07-10,ACC-018,780,true,true
2026-07-10,ACC-019,4460,true,true
2026-07-10,ACC-020,1850,true,true
2026-07-10,ACC-021,710,true,true
2026-07-10,ACC-022,4390,true,true
2026-07-10,ACC-023,2060,true,true
2026-07-10,ACC-024,640,true,true
2026-07-10,ACC-025,4320,true,true
2026-07-10,ACC-026,1990,true,true
2026-07-10,ACC-027,850,true,true
2026-07-10,ACC-028,4250,true,true
2026-07-10,ACC-029,1920,true,true
2026-07-10,ACC-030,780,true,true
2026-07-10,ACC-031,4460,true,true
2026-07-10,ACC-032,1850,true,true
2026-07-10,ACC-033,710,true,true
2026-07-10,ACC-034,4390,true,true
2026-07-10,ACC-035,2060,true,true
2026-07-10,ACC-036,0,false,true
2026-07-11,ACC-001,4320,true,true
2026-07-11,ACC-002,1990,true,true
2026-07-11,ACC-003,850,true,true
2026-07-11,ACC-004,4250,true,true
2026-07-11,ACC-005,1920,true,true
2026-07-11,ACC-006,780,true,true
2026-07-11,ACC-007,4460,true,true
2026-07-11,ACC-008,1850,true,true
2026-07-11,ACC-009,710,true,true
2026-07-11,ACC-010,4390,true,true
2026-07-11,ACC-011,2060,true,true
2026-07-11,ACC-012,640,true,true
2026-07-11,ACC-013,4320,true,true
2026-07-11,ACC-014,1990,true,true
2026-07-11,ACC-015,850,true,true
2026-07-11,ACC-016,4250,true,true
2026-07-11,ACC-017,1920,true,true
2026-07-11,ACC-018,780,true,true
2026-07-11,ACC-019,4460,true,true
2026-07-11,ACC-020,1850,true,true
2026-07-11,ACC-021,710,true,true
2026-07-11,ACC-022,4390,true,true
2026-07-11,ACC-023,2060,true,true
2026-07-11,ACC-024,640,true,true
2026-07-11,ACC-025,4320,true,true
2026-07-11,ACC-026,1990,true,true
2026-07-11,ACC-027,850,true,true
2026-07-11,ACC-028,4250,true,true
2026-07-11,ACC-029,1920,true,true
2026-07-11,ACC-030,780,true,true
2026-07-11,ACC-031,4460,true,true
2026-07-11,ACC-032,1850,true,true
2026-07-11,ACC-033,710,true,true
2026-07-11,ACC-034,4390,true,true
2026-07-11,ACC-035,2060,true,true
2026-07-11,ACC-036,0,false,true
2026-07-12,ACC-001,4320,true,true
2026-07-12,ACC-002,1990,true,true
2026-07-12,ACC-003,850,true,true
2026-07-12,ACC-004,4250,true,true
2026-07-12,ACC-005,1920,true,true
2026-07-12,ACC-006,780,true,true
2026-07-12,ACC-007,4460,true,true
2026-07-12,ACC-008,1850,true,true
2026-07-12,ACC-009,710,true,true
2026-07-12,ACC-010,4390,true,true
2026-07-12,ACC-011,2060,true,true
2026-07-12,ACC-012,640,true,true
2026-07-12,ACC-013,4320,true,true
2026-07-12,ACC-014,1990,true,true
2026-07-12,ACC-015,850,true,true
2026-07-12,ACC-016,4250,true,true
2026-07-12,ACC-017,1920,true,true
2026-07-12,ACC-018,780,true,true
2026-07-12,ACC-019,4460,true,true
2026-07-12,ACC-020,1850,true,true
2026-07-12,ACC-021,710,true,true
2026-07-12,ACC-022,4390,true,true
2026-07-12,ACC-023,2060,true,true
2026-07-12,ACC-024,640,true,true
2026-07-12,ACC-025,4320,true,true
2026-07-12,ACC-026,1990,true,true
2026-07-12,ACC-027,850,true,true
2026-07-12,ACC-028,4250,true,true
2026-07-12,ACC-029,1920,true,true
2026-07-12,ACC-030,780,true,true
2026-07-12,ACC-031,4460,true,true
2026-07-12,ACC-032,1850,true,true
2026-07-12,ACC-033,710,true,true
2026-07-12,ACC-034,4390,true,true
2026-07-12,ACC-035,2060,true,true
2026-07-12,ACC-036,0,false,true
2026-07-13,ACC-001,4320,true,true
2026-07-13,ACC-002,1990,true,true
2026-07-13,ACC-003,850,true,true
2026-07-13,ACC-004,4250,true,true
2026-07-13,ACC-005,1920,true,true
2026-07-13,ACC-006,780,true,true
2026-07-13,ACC-007,4460,true,true
2026-07-13,ACC-008,1850,true,true
2026-07-13,ACC-009,710,true,true
2026-07-13,ACC-010,4390,true,true
2026-07-13,ACC-011,2060,true,true
2026-07-13,ACC-012,640,true,true
2026-07-13,ACC-013,4320,true,true
2026-07-13,ACC-014,1990,true,true
2026-07-13,ACC-015,850,true,true
2026-07-13,ACC-016,4250,true,true
2026-07-13,ACC-017,1920,true,true
2026-07-13,ACC-018,780,true,true
2026-07-13,ACC-019,4460,true,true
2026-07-13,ACC-020,1850,true,true
2026-07-13,ACC-021,710,true,true
2026-07-13,ACC-022,4390,true,true
2026-07-13,ACC-023,2060,true,true
2026-07-13,ACC-024,640,true,true
2026-07-13,ACC-025,4320,true,true
2026-07-13,ACC-026,1990,true,true
2026-07-13,ACC-027,850,true,true
2026-07-13,ACC-028,4250,true,true
2026-07-13,ACC-029,1920,true,true
2026-07-13,ACC-030,780,true,true
2026-07-13,ACC-031,4460,true,true
2026-07-13,ACC-032,1850,true,true
2026-07-13,ACC-033,710,true,true
2026-07-13,ACC-034,4390,true,true
2026-07-13,ACC-035,2060,true,true
2026-07-13,ACC-036,0,false,true
2026-07-14,ACC-001,4320,true,true
2026-07-14,ACC-002,1990,true,true
2026-07-14,ACC-003,850,true,true
2026-07-14,ACC-004,4250,true,true
2026-07-14,ACC-005,1920,true,true
2026-07-14,ACC-006,780,true,true
2026-07-14,ACC-007,4460,true,true
2026-07-14,ACC-008,1850,true,true
2026-07-14,ACC-009,710,true,true
2026-07-14,ACC-010,4390,true,true
2026-07-14,ACC-011,2060,true,true
2026-07-14,ACC-012,640,true,true
2026-07-14,ACC-013,4320,true,true
2026-07-14,ACC-014,1990,true,true
2026-07-14,ACC-015,850,true,true
2026-07-14,ACC-016,4250,true,true
2026-07-14,ACC-017,1920,true,true
2026-07-14,ACC-018,780,true,true
2026-07-14,ACC-019,4460,true,true
2026-07-14,ACC-020,1850,true,true
2026-07-14,ACC-021,360,true,true
2026-07-14,ACC-022,4390,true,true
2026-07-14,ACC-023,2060,true,true
2026-07-14,ACC-024,640,true,true
2026-07-14,ACC-025,4320,true,true
2026-07-14,ACC-026,1990,true,true
2026-07-14,ACC-027,850,true,true
2026-07-14,ACC-028,4250,true,true
2026-07-14,ACC-029,1920,true,true
2026-07-14,ACC-030,780,true,true
2026-07-14,ACC-031,4460,true,true
2026-07-14,ACC-032,1850,true,true
2026-07-14,ACC-033,710,true,true
2026-07-14,ACC-034,4390,true,true
2026-07-14,ACC-035,2060,true,true
2026-07-14,ACC-036,0,false,true
2026-07-15,ACC-001,4320,true,true
2026-07-15,ACC-002,1990,true,true
2026-07-15,ACC-003,850,true,true
2026-07-15,ACC-004,4250,true,true
2026-07-15,ACC-005,1920,true,true
2026-07-15,ACC-006,780,true,true
2026-07-15,ACC-007,4460,true,true
2026-07-15,ACC-008,1850,true,true
2026-07-15,ACC-009,710,true,true
2026-07-15,ACC-010,4390,true,true
2026-07-15,ACC-011,2060,true,true
2026-07-15,ACC-012,640,true,true
2026-07-15,ACC-013,4320,true,true
2026-07-15,ACC-014,1990,true,true
2026-07-15,ACC-015,850,true,true
2026-07-15,ACC-016,4250,true,true
2026-07-15,ACC-017,1920,true,true
2026-07-15,ACC-018,780,true,true
2026-07-15,ACC-019,4460,true,true
2026-07-15,ACC-020,1850,true,true
2026-07-15,ACC-021,360,true,true
2026-07-15,ACC-022,4390,true,true
2026-07-15,ACC-023,2060,true,true
2026-07-15,ACC-024,640,true,true
2026-07-15,ACC-025,4320,true,true
2026-07-15,ACC-026,1990,true,true
2026-07-15,ACC-027,850,true,true
2026-07-15,ACC-028,4250,true,true
2026-07-15,ACC-029,1920,true,true
2026-07-15,ACC-030,780,true,true
2026-07-15,ACC-031,4460,true,true
2026-07-15,ACC-032,1850,true,true
2026-07-15,ACC-033,710,true,true
2026-07-15,ACC-034,4390,true,true
2026-07-15,ACC-035,2060,true,true
2026-07-15,ACC-036,0,false,true
2026-07-16,ACC-001,4320,true,true
2026-07-16,ACC-002,1990,true,true
2026-07-16,ACC-003,850,true,true
2026-07-16,ACC-004,4250,true,true
2026-07-16,ACC-005,1920,true,true
2026-07-16,ACC-006,780,true,true
2026-07-16,ACC-007,4460,true,true
2026-07-16,ACC-008,1850,true,true
2026-07-16,ACC-009,710,true,true
2026-07-16,ACC-010,4390,true,true
2026-07-16,ACC-011,2060,true,true
2026-07-16,ACC-012,640,true,true
2026-07-16,ACC-013,4320,true,true
2026-07-16,ACC-014,1990,true,true
2026-07-16,ACC-015,850,true,true
2026-07-16,ACC-016,4250,true,true
2026-07-16,ACC-017,1920,true,true
2026-07-16,ACC-018,780,true,true
2026-07-16,ACC-019,4460,true,true
2026-07-16,ACC-020,1850,true,true
2026-07-16,ACC-021,360,true,true
2026-07-16,ACC-022,4390,true,true
2026-07-16,ACC-023,2060,true,true
2026-07-16,ACC-024,640,true,true
2026-07-16,ACC-025,4320,true,true
2026-07-16,ACC-026,1990,true,true
2026-07-16,ACC-027,850,true,true
2026-07-16,ACC-028,4250,true,true
2026-07-16,ACC-029,1920,true,true
2026-07-16,ACC-030,780,true,true
2026-07-16,ACC-031,4460,true,true
2026-07-16,ACC-032,1850,true,true
2026-07-16,ACC-033,710,true,true
2026-07-16,ACC-034,4390,true,true
2026-07-16,ACC-035,2060,true,true
2026-07-16,ACC-036,0,false,true
2026-07-17,ACC-001,4320,true,true
2026-07-17,ACC-002,1990,true,true
2026-07-17,ACC-003,850,true,true
2026-07-17,ACC-004,4250,true,true
2026-07-17,ACC-005,1920,true,true
2026-07-17,ACC-006,780,true,true
2026-07-17,ACC-007,4460,true,true
2026-07-17,ACC-008,1850,true,true
2026-07-17,ACC-009,710,true,true
2026-07-17,ACC-010,4390,true,true
2026-07-17,ACC-011,2060,true,true
2026-07-17,ACC-012,640,true,true
2026-07-17,ACC-013,4320,true,true
2026-07-17,ACC-014,1990,true,true
2026-07-17,ACC-015,850,true,true
2026-07-17,ACC-016,4250,true,true
2026-07-17,ACC-017,1920,true,true
2026-07-17,ACC-018,780,true,true
2026-07-17,ACC-019,4460,true,true
2026-07-17,ACC-020,1850,true,true
2026-07-17,ACC-021,360,true,true
2026-07-17,ACC-022,4390,true,true
2026-07-17,ACC-023,2060,true,true
2026-07-17,ACC-024,640,true,true
2026-07-17,ACC-025,4320,true,true
2026-07-17,ACC-026,1990,true,true
2026-07-17,ACC-027,850,true,true
2026-07-17,ACC-028,4250,true,true
2026-07-17,ACC-029,1920,true,true
2026-07-17,ACC-030,780,true,true
2026-07-17,ACC-031,4460,true,true
2026-07-17,ACC-032,1850,true,true
2026-07-17,ACC-033,710,true,true
2026-07-17,ACC-034,4390,true,true
2026-07-17,ACC-035,2060,true,true
2026-07-17,ACC-036,0,false,true
2026-07-18,ACC-001,4320,true,true
2026-07-18,ACC-002,1990,true,true
2026-07-18,ACC-003,850,true,true
2026-07-18,ACC-004,4250,true,true
2026-07-18,ACC-005,1920,true,true
2026-07-18,ACC-006,780,true,true
2026-07-18,ACC-007,4460,true,true
2026-07-18,ACC-008,1850,true,true
2026-07-18,ACC-009,710,true,true
2026-07-18,ACC-010,4390,true,true
2026-07-18,ACC-011,2060,true,true
2026-07-18,ACC-012,640,true,true
2026-07-18,ACC-013,4320,true,true
2026-07-18,ACC-014,1990,true,true
2026-07-18,ACC-015,850,true,true
2026-07-18,ACC-016,4250,true,true
2026-07-18,ACC-017,1920,true,true
2026-07-18,ACC-018,780,true,true
2026-07-18,ACC-019,4460,true,true
2026-07-18,ACC-020,1850,true,true
2026-07-18,ACC-021,360,true,true
2026-07-18,ACC-022,4390,true,true
2026-07-18,ACC-023,2060,true,true
2026-07-18,ACC-024,640,true,true
2026-07-18,ACC-025,4320,true,true
2026-07-18,ACC-026,1990,true,true
2026-07-18,ACC-027,850,true,true
2026-07-18,ACC-028,4250,true,true
2026-07-18,ACC-029,1920,true,true
2026-07-18,ACC-030,780,true,true
2026-07-18,ACC-031,4460,true,true
2026-07-18,ACC-032,1850,true,true
2026-07-18,ACC-033,710,true,true
2026-07-18,ACC-034,4390,true,true
2026-07-18,ACC-035,2060,true,true
2026-07-18,ACC-036,0,false,true
2026-07-19,ACC-001,4320,true,true
2026-07-19,ACC-002,1990,true,true
2026-07-19,ACC-003,850,true,true
2026-07-19,ACC-004,4250,true,true
2026-07-19,ACC-005,1920,true,true
2026-07-19,ACC-006,780,true,true
2026-07-19,ACC-007,4460,true,true
2026-07-19,ACC-008,1850,true,true
2026-07-19,ACC-009,710,true,true
2026-07-19,ACC-010,4390,true,true
2026-07-19,ACC-011,2060,true,true
2026-07-19,ACC-012,640,true,true
2026-07-19,ACC-013,4320,true,true
2026-07-19,ACC-014,1990,true,true
2026-07-19,ACC-015,850,true,true
2026-07-19,ACC-016,4250,true,true
2026-07-19,ACC-017,1920,true,true
2026-07-19,ACC-018,780,true,true
2026-07-19,ACC-019,4460,true,true
2026-07-19,ACC-020,1850,true,true
2026-07-19,ACC-021,360,true,true
2026-07-19,ACC-022,4390,true,true
2026-07-19,ACC-023,2060,true,true
2026-07-19,ACC-024,640,true,true
2026-07-19,ACC-025,4320,true,true
2026-07-19,ACC-026,1990,true,true
2026-07-19,ACC-027,850,true,true
2026-07-19,ACC-028,4250,true,true
2026-07-19,ACC-029,1920,true,true
2026-07-19,ACC-030,780,true,true
2026-07-19,ACC-031,4460,true,true
2026-07-19,ACC-032,1850,true,true
2026-07-19,ACC-033,710,true,true
2026-07-19,ACC-034,4390,true,true
2026-07-19,ACC-035,2060,true,true
2026-07-19,ACC-036,0,false,true
2026-07-20,ACC-001,4320,true,true
2026-07-20,ACC-002,1990,true,true
2026-07-20,ACC-003,850,true,true
2026-07-20,ACC-004,4250,true,true
2026-07-20,ACC-005,1920,true,true
2026-07-20,ACC-006,780,true,true
2026-07-20,ACC-007,4460,true,true
2026-07-20,ACC-008,1850,true,true
2026-07-20,ACC-009,710,true,true
2026-07-20,ACC-010,4390,true,true
2026-07-20,ACC-011,2060,true,true
2026-07-20,ACC-012,640,true,true
2026-07-20,ACC-013,4320,true,true
2026-07-20,ACC-014,1990,true,true
2026-07-20,ACC-015,850,true,true
2026-07-20,ACC-016,4250,true,true
2026-07-20,ACC-017,1920,true,true
2026-07-20,ACC-018,780,true,true
2026-07-20,ACC-019,4460,true,true
2026-07-20,ACC-020,1850,true,true
2026-07-20,ACC-021,360,true,true
2026-07-20,ACC-022,4390,true,true
2026-07-20,ACC-023,2060,true,true
2026-07-20,ACC-024,640,true,true
2026-07-20,ACC-025,4320,true,true
2026-07-20,ACC-026,1990,true,true
2026-07-20,ACC-027,850,true,true
2026-07-20,ACC-028,4250,true,true
2026-07-20,ACC-029,1920,true,true
2026-07-20,ACC-030,780,true,true
2026-07-20,ACC-031,4460,true,true
2026-07-20,ACC-032,1850,true,true
2026-07-20,ACC-033,710,true,true
2026-07-20,ACC-034,4390,true,true
2026-07-20,ACC-035,2060,true,true
2026-07-20,ACC-036,0,false,true
2026-07-21,ACC-001,4320,true,true
2026-07-21,ACC-002,1990,true,true
2026-07-21,ACC-003,850,true,true
2026-07-21,ACC-004,4250,true,true
2026-07-21,ACC-005,1920,true,true
2026-07-21,ACC-006,780,true,true
2026-07-21,ACC-007,4460,true,true
2026-07-21,ACC-008,1850,true,true
2026-07-21,ACC-009,710,true,true
2026-07-21,ACC-010,4390,true,true
2026-07-21,ACC-011,2060,true,true
2026-07-21,ACC-012,640,true,true
2026-07-21,ACC-013,4320,true,true
2026-07-21,ACC-014,1990,true,true
2026-07-21,ACC-015,850,true,true
2026-07-21,ACC-016,4250,true,true
2026-07-21,ACC-017,1920,true,true
2026-07-21,ACC-018,780,true,true
2026-07-21,ACC-019,4460,true,true
2026-07-21,ACC-020,1850,true,true
2026-07-21,ACC-021,360,true,true
2026-07-21,ACC-022,4390,true,true
2026-07-21,ACC-023,2060,true,true
2026-07-21,ACC-024,640,true,true
2026-07-21,ACC-025,4320,true,true
2026-07-21,ACC-026,1990,true,true
2026-07-21,ACC-027,850,true,true
2026-07-21,ACC-028,4250,true,true
2026-07-21,ACC-029,1920,true,true
2026-07-21,ACC-030,780,true,true
2026-07-21,ACC-031,4460,true,true
2026-07-21,ACC-032,1850,true,true
2026-07-21,ACC-033,710,true,true
2026-07-21,ACC-034,4390,true,true
2026-07-21,ACC-035,2060,true,true
2026-07-21,ACC-036,0,false,true
2026-07-22,ACC-001,4320,true,true
2026-07-22,ACC-002,1990,true,true
2026-07-22,ACC-003,850,true,true
2026-07-22,ACC-004,4250,true,true
2026-07-22,ACC-005,1920,true,true
2026-07-22,ACC-006,780,true,true
2026-07-22,ACC-007,4460,true,true
2026-07-22,ACC-008,1850,true,true
2026-07-22,ACC-009,710,true,true
2026-07-22,ACC-010,4390,true,true
2026-07-22,ACC-011,2060,true,true
2026-07-22,ACC-012,640,true,true
2026-07-22,ACC-013,4320,true,true
2026-07-22,ACC-014,1990,true,true
2026-07-22,ACC-015,850,true,true
2026-07-22,ACC-016,4250,true,true
2026-07-22,ACC-017,1920,true,true
2026-07-22,ACC-018,780,true,true
2026-07-22,ACC-019,4460,true,true
2026-07-22,ACC-020,1850,true,true
2026-07-22,ACC-021,360,true,true
2026-07-22,ACC-022,4390,true,true
2026-07-22,ACC-023,2060,true,true
2026-07-22,ACC-024,640,true,true
2026-07-22,ACC-025,4320,true,true
2026-07-22,ACC-026,1990,true,true
2026-07-22,ACC-027,850,true,true
2026-07-22,ACC-028,4250,true,true
2026-07-22,ACC-029,1920,true,true
2026-07-22,ACC-030,780,true,true
2026-07-22,ACC-031,4460,true,true
2026-07-22,ACC-032,1850,true,true
2026-07-22,ACC-033,710,true,true
2026-07-22,ACC-034,4390,true,true
2026-07-22,ACC-035,2060,true,true
2026-07-22,ACC-036,0,false,true
2026-07-23,ACC-001,4320,true,true
2026-07-23,ACC-002,1990,true,true
2026-07-23,ACC-003,850,true,true
2026-07-23,ACC-004,4250,true,true
2026-07-23,ACC-005,1920,true,true
2026-07-23,ACC-006,780,true,true
2026-07-23,ACC-007,4460,true,true
2026-07-23,ACC-008,1850,true,true
2026-07-23,ACC-009,710,true,true
2026-07-23,ACC-010,4390,true,true
2026-07-23,ACC-011,2060,true,true
2026-07-23,ACC-012,640,true,true
2026-07-23,ACC-013,4320,true,true
2026-07-23,ACC-014,1990,true,true
2026-07-23,ACC-015,850,true,true
2026-07-23,ACC-016,4250,true,true
2026-07-23,ACC-017,1920,true,true
2026-07-23,ACC-018,780,true,true
2026-07-23,ACC-019,4460,true,true
2026-07-23,ACC-020,1850,true,true
2026-07-23,ACC-021,360,true,true
2026-07-23,ACC-022,4390,true,true
2026-07-23,ACC-023,2060,true,true
2026-07-23,ACC-024,640,true,true
2026-07-23,ACC-025,4320,true,true
2026-07-23,ACC-026,1990,true,true
2026-07-23,ACC-027,850,true,true
2026-07-23,ACC-028,4250,true,true
2026-07-23,ACC-029,1920,true,true
2026-07-23,ACC-030,780,true,true
2026-07-23,ACC-031,4460,true,true
2026-07-23,ACC-032,1850,true,true
2026-07-23,ACC-033,710,true,true
2026-07-23,ACC-034,4390,true,true
2026-07-23,ACC-035,2060,true,true
2026-07-23,ACC-036,0,false,true
2026-07-24,ACC-001,4320,true,true
2026-07-24,ACC-002,1990,true,true
2026-07-24,ACC-003,850,true,true
2026-07-24,ACC-004,4250,true,true
2026-07-24,ACC-005,1920,true,true
2026-07-24,ACC-006,780,true,true
2026-07-24,ACC-007,4460,true,true
2026-07-24,ACC-008,1850,true,true
2026-07-24,ACC-009,710,true,true
2026-07-24,ACC-010,4390,true,true
2026-07-24,ACC-011,2060,true,true
2026-07-24,ACC-012,640,true,true
2026-07-24,ACC-013,4320,true,true
2026-07-24,ACC-014,1990,true,true
2026-07-24,ACC-015,850,true,true
2026-07-24,ACC-016,4250,true,true
2026-07-24,ACC-017,1920,true,true
2026-07-24,ACC-018,780,true,true
2026-07-24,ACC-019,4460,true,true
2026-07-24,ACC-020,1850,true,true
2026-07-24,ACC-021,360,true,true
2026-07-24,ACC-022,4390,true,true
2026-07-24,ACC-023,2060,true,true
2026-07-24,ACC-024,640,true,true
2026-07-24,ACC-025,4320,true,true
2026-07-24,ACC-026,1990,true,true
2026-07-24,ACC-027,850,true,true
2026-07-24,ACC-028,4250,true,true
2026-07-24,ACC-029,1920,true,true
2026-07-24,ACC-030,780,true,true
2026-07-24,ACC-031,4460,true,true
2026-07-24,ACC-032,1850,true,true
2026-07-24,ACC-033,710,true,true
2026-07-24,ACC-034,4390,true,true
2026-07-24,ACC-035,2060,true,true
2026-07-24,ACC-036,0,false,true
2026-07-25,ACC-001,4320,true,true
2026-07-25,ACC-002,1990,true,true
2026-07-25,ACC-003,850,true,true
2026-07-25,ACC-004,4250,true,true
2026-07-25,ACC-005,1920,true,true
2026-07-25,ACC-006,780,true,true
2026-07-25,ACC-007,4460,true,true
2026-07-25,ACC-008,1850,true,true
2026-07-25,ACC-009,710,true,true
2026-07-25,ACC-010,4390,true,true
2026-07-25,ACC-011,2060,true,true
2026-07-25,ACC-012,640,true,true
2026-07-25,ACC-013,4320,true,true
2026-07-25,ACC-014,1990,true,true
2026-07-25,ACC-015,850,true,true
2026-07-25,ACC-016,4250,true,true
2026-07-25,ACC-017,1920,true,true
2026-07-25,ACC-018,780,true,true
2026-07-25,ACC-019,4460,true,true
2026-07-25,ACC-020,1850,true,true
2026-07-25,ACC-021,360,true,true
2026-07-25,ACC-022,4390,true,true
2026-07-25,ACC-023,2060,true,true
2026-07-25,ACC-024,640,true,true
2026-07-25,ACC-025,4320,true,true
2026-07-25,ACC-026,1990,true,true
2026-07-25,ACC-027,850,true,true
2026-07-25,ACC-028,4250,true,true
2026-07-25,ACC-029,1920,true,true
2026-07-25,ACC-030,780,true,true
2026-07-25,ACC-031,4460,true,true
2026-07-25,ACC-032,1850,true,true
2026-07-25,ACC-033,710,true,true
2026-07-25,ACC-034,4390,true,true
2026-07-25,ACC-035,2060,true,true
2026-07-25,ACC-036,0,false,true
2026-07-26,ACC-001,4320,true,true
2026-07-26,ACC-002,1990,true,true
2026-07-26,ACC-003,850,true,true
2026-07-26,ACC-004,4250,true,true
2026-07-26,ACC-005,1920,true,true
2026-07-26,ACC-006,780,true,true
2026-07-26,ACC-007,4460,true,true
2026-07-26,ACC-008,1850,true,true
2026-07-26,ACC-009,710,true,true
2026-07-26,ACC-010,4390,true,true
2026-07-26,ACC-011,2060,true,true
2026-07-26,ACC-012,640,true,true
2026-07-26,ACC-013,4320,true,true
2026-07-26,ACC-014,1990,true,true
2026-07-26,ACC-015,850,true,true
2026-07-26,ACC-016,4250,true,true
2026-07-26,ACC-017,1920,true,true
2026-07-26,ACC-018,780,true,true
2026-07-26,ACC-019,4460,true,true
2026-07-26,ACC-020,1850,true,true
2026-07-26,ACC-021,360,true,true
2026-07-26,ACC-022,4390,true,true
2026-07-26,ACC-023,2060,true,true
2026-07-26,ACC-024,640,true,true
2026-07-26,ACC-025,4320,true,true
2026-07-26,ACC-026,1990,true,true
2026-07-26,ACC-027,850,true,true
2026-07-26,ACC-028,4250,true,true
2026-07-26,ACC-029,1920,true,true
2026-07-26,ACC-030,780,true,true
2026-07-26,ACC-031,4460,true,true
2026-07-26,ACC-032,1850,true,true
2026-07-26,ACC-033,710,true,true
2026-07-26,ACC-034,4390,true,true
2026-07-26,ACC-035,2060,true,true
2026-07-26,ACC-036,640,true,true
2026-07-27,ACC-001,4320,true,true
2026-07-27,ACC-002,1990,true,true
2026-07-27,ACC-003,850,true,true
2026-07-27,ACC-004,4250,true,true
2026-07-27,ACC-005,1920,true,true
2026-07-27,ACC-006,780,true,true
2026-07-27,ACC-007,4460,true,true
2026-07-27,ACC-008,1850,true,true
2026-07-27,ACC-009,710,true,true
2026-07-27,ACC-010,4390,true,true
2026-07-27,ACC-011,2060,true,true
2026-07-27,ACC-012,640,true,true
2026-07-27,ACC-013,4320,true,true
2026-07-27,ACC-014,1990,true,true
2026-07-27,ACC-015,850,true,true
2026-07-27,ACC-016,4250,true,true
2026-07-27,ACC-017,1920,true,true
2026-07-27,ACC-018,780,true,true
2026-07-27,ACC-019,4460,true,true
2026-07-27,ACC-020,1850,true,true
2026-07-27,ACC-021,360,true,true
2026-07-27,ACC-022,4390,true,true
2026-07-27,ACC-023,2060,true,true
2026-07-27,ACC-024,640,true,true
2026-07-27,ACC-025,4320,true,true
2026-07-27,ACC-026,1990,true,true
2026-07-27,ACC-027,850,true,true
2026-07-27,ACC-028,4250,true,true
2026-07-27,ACC-029,1920,true,true
2026-07-27,ACC-030,780,true,true
2026-07-27,ACC-031,4460,true,true
2026-07-27,ACC-032,1850,true,true
2026-07-27,ACC-033,710,true,true
2026-07-27,ACC-034,4390,true,true
2026-07-27,ACC-035,2060,true,true
2026-07-27,ACC-036,640,true,true
2026-07-28,ACC-001,4320,true,true
2026-07-28,ACC-002,1990,true,true
2026-07-28,ACC-003,850,true,true
2026-07-28,ACC-004,4250,true,true
2026-07-28,ACC-005,1920,true,true
2026-07-28,ACC-006,780,true,true
2026-07-28,ACC-007,4460,true,true
2026-07-28,ACC-008,1850,true,true
2026-07-28,ACC-009,710,true,true
2026-07-28,ACC-010,4390,true,true
2026-07-28,ACC-011,2060,true,true
2026-07-28,ACC-012,640,true,true
2026-07-28,ACC-013,4320,true,true
2026-07-28,ACC-014,1990,true,true
2026-07-28,ACC-015,850,true,true
2026-07-28,ACC-016,4250,true,true
2026-07-28,ACC-017,1920,true,true
2026-07-28,ACC-018,780,true,true
2026-07-28,ACC-019,4460,true,true
2026-07-28,ACC-020,1850,true,true
2026-07-28,ACC-021,360,true,true
2026-07-28,ACC-022,4390,true,true
2026-07-28,ACC-023,2060,true,true
2026-07-28,ACC-024,640,true,true
2026-07-28,ACC-025,4320,true,true
2026-07-28,ACC-026,1990,true,true
2026-07-28,ACC-027,850,true,true
2026-07-28,ACC-028,4250,true,true
2026-07-28,ACC-029,1920,true,true
2026-07-28,ACC-030,780,true,true
2026-07-28,ACC-031,4460,true,true
2026-07-28,ACC-032,1850,true,true
2026-07-28,ACC-033,710,true,true
2026-07-28,ACC-034,4390,true,true
2026-07-28,ACC-035,2060,true,true
2026-07-28,ACC-036,640,true,true
2026-07-29,ACC-001,4320,true,true
2026-07-29,ACC-002,1990,true,true
2026-07-29,ACC-003,850,true,true
2026-07-29,ACC-004,4250,true,true
2026-07-29,ACC-005,1920,true,true
2026-07-29,ACC-006,780,true,true
2026-07-29,ACC-007,4460,true,true
2026-07-29,ACC-008,1850,true,true
2026-07-29,ACC-009,710,true,true
2026-07-29,ACC-010,4390,true,true
2026-07-29,ACC-011,2060,true,true
2026-07-29,ACC-012,640,true,true
2026-07-29,ACC-013,4320,true,true
2026-07-29,ACC-014,1990,true,true
2026-07-29,ACC-015,850,true,true
2026-07-29,ACC-016,4250,true,true
2026-07-29,ACC-017,1920,true,true
2026-07-29,ACC-018,780,true,true
2026-07-29,ACC-019,4460,true,true
2026-07-29,ACC-020,1850,true,true
2026-07-29,ACC-021,360,true,true
2026-07-29,ACC-022,4390,true,true
2026-07-29,ACC-023,2060,true,true
2026-07-29,ACC-024,640,true,true
2026-07-29,ACC-025,4320,true,true
2026-07-29,ACC-026,1990,true,true
2026-07-29,ACC-027,850,true,true
2026-07-29,ACC-028,4250,true,true
2026-07-29,ACC-029,1920,true,true
2026-07-29,ACC-030,780,true,true
2026-07-29,ACC-031,4460,true,true
2026-07-29,ACC-032,1850,true,true
2026-07-29,ACC-033,710,true,true
2026-07-29,ACC-034,4390,true,true
2026-07-29,ACC-035,2060,true,true
2026-07-29,ACC-036,640,true,true
2026-07-30,ACC-001,4320,true,true
2026-07-30,ACC-002,1990,true,true
2026-07-30,ACC-003,850,true,true
2026-07-30,ACC-004,4250,true,true
2026-07-30,ACC-005,1920,true,true
2026-07-30,ACC-006,780,true,true
2026-07-30,ACC-007,4460,true,true
2026-07-30,ACC-008,1850,true,true
2026-07-30,ACC-009,710,true,true
2026-07-30,ACC-010,4390,true,true
2026-07-30,ACC-011,2060,true,true
2026-07-30,ACC-012,640,true,true
2026-07-30,ACC-013,4320,true,true
2026-07-30,ACC-014,1990,true,true
2026-07-30,ACC-015,850,true,true
2026-07-30,ACC-016,4250,true,true
2026-07-30,ACC-017,1920,true,true
2026-07-30,ACC-018,780,true,true
2026-07-30,ACC-019,4460,true,true
2026-07-30,ACC-020,1850,true,true
2026-07-30,ACC-021,360,true,true
2026-07-30,ACC-022,4390,true,true
2026-07-30,ACC-023,2060,true,true
2026-07-30,ACC-024,640,true,true
2026-07-30,ACC-025,4320,true,true
2026-07-30,ACC-026,1990,true,true
2026-07-30,ACC-027,850,true,true
2026-07-30,ACC-028,4250,true,true
2026-07-30,ACC-029,1920,true,true
2026-07-30,ACC-030,780,true,true
2026-07-30,ACC-031,4460,true,true
2026-07-30,ACC-032,1850,true,true
2026-07-30,ACC-033,710,true,true
2026-07-30,ACC-034,4390,true,true
2026-07-30,ACC-035,2060,true,true
2026-07-30,ACC-036,640,true,true
2026-07-31,ACC-001,4320,true,true
2026-07-31,ACC-002,1990,true,true
2026-07-31,ACC-003,850,true,true
2026-07-31,ACC-004,4250,true,true
2026-07-31,ACC-005,1920,true,true
2026-07-31,ACC-006,780,true,true
2026-07-31,ACC-007,4460,true,true
2026-07-31,ACC-008,1850,true,true
2026-07-31,ACC-009,710,true,true
2026-07-31,ACC-010,4390,true,true
2026-07-31,ACC-011,2060,true,true
2026-07-31,ACC-012,640,true,true
2026-07-31,ACC-013,4320,true,true
2026-07-31,ACC-014,1990,true,true
2026-07-31,ACC-015,850,true,true
2026-07-31,ACC-016,4250,true,true
2026-07-31,ACC-017,1920,true,true
2026-07-31,ACC-018,780,true,true
2026-07-31,ACC-019,4460,true,true
2026-07-31,ACC-020,1850,true,true
2026-07-31,ACC-021,360,true,true
2026-07-31,ACC-022,4390,true,true
2026-07-31,ACC-023,2060,true,true
2026-07-31,ACC-024,640,true,true
2026-07-31,ACC-025,4320,true,true
2026-07-31,ACC-026,1990,true,true
2026-07-31,ACC-027,850,true,true
2026-07-31,ACC-028,4250,true,true
2026-07-31,ACC-029,1920,true,true
2026-07-31,ACC-030,780,true,true
2026-07-31,ACC-031,4460,true,true
2026-07-31,ACC-032,1850,true,true
2026-07-31,ACC-033,710,true,true
2026-07-31,ACC-034,4390,true,true
2026-07-31,ACC-035,2060,true,true
2026-07-31,ACC-036,640,true,true
2026-08-01,ACC-001,4320,true,true
2026-08-01,ACC-002,1990,true,true
2026-08-01,ACC-003,850,true,true
2026-08-01,ACC-004,4250,true,true
2026-08-01,ACC-005,1920,true,true
2026-08-01,ACC-006,780,true,true
2026-08-01,ACC-007,4460,true,true
2026-08-01,ACC-008,1850,true,true
2026-08-01,ACC-009,710,true,true
2026-08-01,ACC-010,4390,true,true
2026-08-01,ACC-011,2060,true,true
2026-08-01,ACC-012,640,true,true
2026-08-01,ACC-013,4320,true,true
2026-08-01,ACC-014,1990,true,true
2026-08-01,ACC-015,850,true,true
2026-08-01,ACC-016,4250,true,true
2026-08-01,ACC-017,1920,true,true
2026-08-01,ACC-018,780,true,true
2026-08-01,ACC-019,4460,true,true
2026-08-01,ACC-020,1850,true,true
2026-08-01,ACC-021,360,true,true
2026-08-01,ACC-022,4390,true,true
2026-08-01,ACC-023,2060,true,true
2026-08-01,ACC-024,640,true,true
2026-08-01,ACC-025,4320,true,true
2026-08-01,ACC-026,1990,true,true
2026-08-01,ACC-027,850,true,true
2026-08-01,ACC-028,4250,true,true
2026-08-01,ACC-029,1920,true,true
2026-08-01,ACC-030,780,true,true
2026-08-01,ACC-031,4460,true,true
2026-08-01,ACC-032,1850,true,true
2026-08-01,ACC-033,710,true,true
2026-08-01,ACC-034,4390,true,true
2026-08-01,ACC-035,2060,true,true
2026-08-01,ACC-036,640,true,true
2026-08-02,ACC-001,4320,true,true
2026-08-02,ACC-002,1990,true,true
2026-08-02,ACC-003,850,true,true
2026-08-02,ACC-004,4250,true,true
2026-08-02,ACC-005,1920,true,true
2026-08-02,ACC-006,780,true,true
2026-08-02,ACC-007,4460,true,true
2026-08-02,ACC-008,1850,true,true
2026-08-02,ACC-009,710,true,true
2026-08-02,ACC-010,4390,true,true
2026-08-02,ACC-011,2060,true,true
2026-08-02,ACC-012,640,true,true
2026-08-02,ACC-013,4320,true,true
2026-08-02,ACC-014,1990,true,true
2026-08-02,ACC-015,850,true,true
2026-08-02,ACC-016,4250,true,true
2026-08-02,ACC-017,1920,true,true
2026-08-02,ACC-018,780,true,true
2026-08-02,ACC-019,4460,true,true
2026-08-02,ACC-020,1850,true,true
2026-08-02,ACC-021,360,true,true
2026-08-02,ACC-022,4390,true,true
2026-08-02,ACC-023,2060,true,true
2026-08-02,ACC-024,640,true,true
2026-08-02,ACC-025,4320,true,true
2026-08-02,ACC-026,1990,true,true
2026-08-02,ACC-027,850,true,true
2026-08-02,ACC-028,4250,true,true
2026-08-02,ACC-029,1920,true,true
2026-08-02,ACC-030,780,true,true
2026-08-02,ACC-031,4460,true,true
2026-08-02,ACC-032,1850,true,true
2026-08-02,ACC-033,710,true,true
2026-08-02,ACC-034,4390,true,true
2026-08-02,ACC-035,2060,true,true
2026-08-02,ACC-036,640,true,true
2026-08-03,ACC-001,4320,true,true
2026-08-03,ACC-002,1990,true,true
2026-08-03,ACC-003,850,true,true
2026-08-03,ACC-004,4250,true,true
2026-08-03,ACC-005,1920,true,true
2026-08-03,ACC-006,780,true,true
2026-08-03,ACC-007,4460,true,true
2026-08-03,ACC-008,1850,true,true
2026-08-03,ACC-009,710,true,true
2026-08-03,ACC-010,4390,true,true
2026-08-03,ACC-011,2060,true,true
2026-08-03,ACC-012,640,true,true
2026-08-03,ACC-013,4320,true,true
2026-08-03,ACC-014,1990,true,true
2026-08-03,ACC-015,850,true,true
2026-08-03,ACC-016,4250,true,true
2026-08-03,ACC-017,1920,true,true
2026-08-03,ACC-018,780,true,true
2026-08-03,ACC-019,4460,true,true
2026-08-03,ACC-020,1850,true,true
2026-08-03,ACC-021,360,true,true
2026-08-03,ACC-022,4390,true,true
2026-08-03,ACC-023,2060,true,true
2026-08-03,ACC-024,640,true,true
2026-08-03,ACC-025,4320,true,true
2026-08-03,ACC-026,1990,true,true
2026-08-03,ACC-027,850,true,true
2026-08-03,ACC-028,4250,true,true
2026-08-03,ACC-029,1920,true,true
2026-08-03,ACC-030,780,true,true
2026-08-03,ACC-031,4460,true,true
2026-08-03,ACC-032,1850,true,true
2026-08-03,ACC-033,710,true,true
2026-08-03,ACC-034,4390,true,true
2026-08-03,ACC-035,2060,true,true
2026-08-03,ACC-036,640,true,true
2026-08-04,ACC-001,4320,true,true
2026-08-04,ACC-002,1990,true,true
2026-08-04,ACC-003,850,true,true
2026-08-04,ACC-004,4250,true,true
2026-08-04,ACC-005,1920,true,true
2026-08-04,ACC-006,780,true,true
2026-08-04,ACC-007,4460,true,true
2026-08-04,ACC-008,1850,true,true
2026-08-04,ACC-009,710,true,true
2026-08-04,ACC-010,4390,true,true
2026-08-04,ACC-011,2060,true,true
2026-08-04,ACC-012,640,true,true
2026-08-04,ACC-013,4320,true,true
2026-08-04,ACC-014,1990,true,true
2026-08-04,ACC-015,850,true,true
2026-08-04,ACC-016,4250,true,true
2026-08-04,ACC-017,1920,true,true
2026-08-04,ACC-018,780,true,true
2026-08-04,ACC-019,4460,true,true
2026-08-04,ACC-020,1850,true,true
2026-08-04,ACC-021,360,true,true
2026-08-04,ACC-022,4390,true,true
2026-08-04,ACC-023,2060,true,true
2026-08-04,ACC-024,640,true,true
2026-08-04,ACC-025,4320,true,true
2026-08-04,ACC-026,1990,true,true
2026-08-04,ACC-027,850,true,true
2026-08-04,ACC-028,4250,true,true
2026-08-04,ACC-029,1920,true,true
2026-08-04,ACC-030,780,true,true
2026-08-04,ACC-031,4460,true,true
2026-08-04,ACC-032,1850,true,true
2026-08-04,ACC-033,710,true,true
2026-08-04,ACC-034,4390,true,true
2026-08-04,ACC-035,2060,true,true
2026-08-04,ACC-036,640,true,true
2026-08-05,ACC-001,4320,true,true
2026-08-05,ACC-002,1990,true,true
2026-08-05,ACC-003,850,true,true
2026-08-05,ACC-004,4250,true,true
2026-08-05,ACC-005,1920,true,true
2026-08-05,ACC-006,780,true,true
2026-08-05,ACC-007,4460,true,true
2026-08-05,ACC-008,1850,true,true
2026-08-05,ACC-009,710,true,true
2026-08-05,ACC-010,4390,true,true
2026-08-05,ACC-011,2060,true,true
2026-08-05,ACC-012,640,true,true
2026-08-05,ACC-013,4320,true,true
2026-08-05,ACC-014,1990,true,true
2026-08-05,ACC-015,850,true,true
2026-08-05,ACC-016,4250,true,true
2026-08-05,ACC-017,1920,true,true
2026-08-05,ACC-018,780,true,true
2026-08-05,ACC-019,4460,true,true
2026-08-05,ACC-020,1850,true,true
2026-08-05,ACC-021,360,true,true
2026-08-05,ACC-022,4390,true,true
2026-08-05,ACC-023,2060,true,true
2026-08-05,ACC-024,640,true,true
2026-08-05,ACC-025,4320,true,true
2026-08-05,ACC-026,1990,true,true
2026-08-05,ACC-027,850,true,true
2026-08-05,ACC-028,4250,true,true
2026-08-05,ACC-029,1920,true,true
2026-08-05,ACC-030,780,true,true
2026-08-05,ACC-031,4460,true,true
2026-08-05,ACC-032,1850,true,true
2026-08-05,ACC-033,710,true,true
2026-08-05,ACC-034,4390,true,true
2026-08-05,ACC-035,2060,true,true
2026-08-05,ACC-036,640,true,true
2026-08-06,ACC-001,4320,true,true
2026-08-06,ACC-002,1990,true,true
2026-08-06,ACC-003,850,true,true
2026-08-06,ACC-004,4250,true,true
2026-08-06,ACC-005,1920,true,true
2026-08-06,ACC-006,780,true,true
2026-08-06,ACC-007,4460,true,true
2026-08-06,ACC-008,1850,true,true
2026-08-06,ACC-009,710,true,true
2026-08-06,ACC-010,4390,true,true
2026-08-06,ACC-011,2060,true,true
2026-08-06,ACC-012,640,true,true
2026-08-06,ACC-013,4320,true,true
2026-08-06,ACC-014,1990,true,true
2026-08-06,ACC-015,850,true,true
2026-08-06,ACC-016,4250,true,true
2026-08-06,ACC-017,1920,true,true
2026-08-06,ACC-018,780,true,true
2026-08-06,ACC-019,4460,true,true
2026-08-06,ACC-020,1850,true,true
2026-08-06,ACC-021,360,true,true
2026-08-06,ACC-022,4390,true,true
2026-08-06,ACC-023,2060,true,true
2026-08-06,ACC-024,640,true,true
2026-08-06,ACC-025,4320,true,true
2026-08-06,ACC-026,1990,true,true
2026-08-06,ACC-027,850,true,true
2026-08-06,ACC-028,4250,true,true
2026-08-06,ACC-029,1920,true,true
2026-08-06,ACC-030,780,true,true
2026-08-06,ACC-031,4460,true,true
2026-08-06,ACC-032,1850,true,true
2026-08-06,ACC-033,710,true,true
2026-08-06,ACC-034,4390,true,true
2026-08-06,ACC-035,2060,true,true
2026-08-06,ACC-036,640,true,true
2026-08-07,ACC-001,4320,true,true
2026-08-07,ACC-002,1990,true,true
2026-08-07,ACC-003,850,true,true
2026-08-07,ACC-004,4250,true,true
2026-08-07,ACC-005,1920,true,true
2026-08-07,ACC-006,780,true,true
2026-08-07,ACC-007,4460,true,true
2026-08-07,ACC-008,1850,true,true
2026-08-07,ACC-009,710,true,true
2026-08-07,ACC-010,4390,true,true
2026-08-07,ACC-011,2060,true,true
2026-08-07,ACC-012,640,true,true
2026-08-07,ACC-013,4320,true,true
2026-08-07,ACC-014,1990,true,true
2026-08-07,ACC-015,850,true,true
2026-08-07,ACC-016,4250,true,true
2026-08-07,ACC-017,1920,true,true
2026-08-07,ACC-018,780,true,true
2026-08-07,ACC-019,4460,true,true
2026-08-07,ACC-020,1850,true,true
2026-08-07,ACC-021,360,true,true
2026-08-07,ACC-022,4390,true,true
2026-08-07,ACC-023,2060,true,true
2026-08-07,ACC-024,640,true,true
2026-08-07,ACC-025,4320,true,true
2026-08-07,ACC-026,1990,true,true
2026-08-07,ACC-027,850,true,true
2026-08-07,ACC-028,4250,true,true
2026-08-07,ACC-029,1920,true,true
2026-08-07,ACC-030,780,true,true
2026-08-07,ACC-031,4460,true,true
2026-08-07,ACC-032,1850,true,true
2026-08-07,ACC-033,710,true,true
2026-08-07,ACC-034,4390,true,true
2026-08-07,ACC-035,2060,true,true
2026-08-07,ACC-036,640,true,true
2026-08-08,ACC-001,4320,true,true
2026-08-08,ACC-002,1990,true,true
2026-08-08,ACC-003,850,true,true
2026-08-08,ACC-004,4250,true,true
2026-08-08,ACC-005,1920,true,true
2026-08-08,ACC-006,780,true,true
2026-08-08,ACC-007,4460,true,true
2026-08-08,ACC-008,1850,true,true
2026-08-08,ACC-009,710,true,true
2026-08-08,ACC-010,4390,true,true
2026-08-08,ACC-011,2060,true,true
2026-08-08,ACC-012,640,true,true
2026-08-08,ACC-013,4320,true,true
2026-08-08,ACC-014,1990,true,true
2026-08-08,ACC-015,850,true,true
2026-08-08,ACC-016,4250,true,true
2026-08-08,ACC-017,1920,true,true
2026-08-08,ACC-018,780,true,true
2026-08-08,ACC-019,4460,true,true
2026-08-08,ACC-020,1850,true,true
2026-08-08,ACC-021,360,true,true
2026-08-08,ACC-022,4390,true,true
2026-08-08,ACC-023,2060,true,true
2026-08-08,ACC-024,640,true,true
2026-08-08,ACC-025,4320,true,true
2026-08-08,ACC-026,1990,true,true
2026-08-08,ACC-027,850,true,true
2026-08-08,ACC-028,4250,true,true
2026-08-08,ACC-029,1920,true,true
2026-08-08,ACC-030,780,true,true
2026-08-08,ACC-031,4460,true,true
2026-08-08,ACC-032,1850,true,true
2026-08-08,ACC-033,710,true,true
2026-08-08,ACC-034,4390,true,true
2026-08-08,ACC-035,2060,true,true
2026-08-08,ACC-036,640,true,true
2026-08-09,ACC-001,4320,true,true
2026-08-09,ACC-002,1990,true,true
2026-08-09,ACC-003,850,true,true
2026-08-09,ACC-004,4250,true,true
2026-08-09,ACC-005,1920,true,true
2026-08-09,ACC-006,780,true,true
2026-08-09,ACC-007,4460,true,true
2026-08-09,ACC-008,1850,true,true
2026-08-09,ACC-009,710,true,true
2026-08-09,ACC-010,4390,true,true
2026-08-09,ACC-011,2060,true,true
2026-08-09,ACC-012,640,true,true
2026-08-09,ACC-013,4320,true,true
2026-08-09,ACC-014,1990,true,true
2026-08-09,ACC-015,850,true,true
2026-08-09,ACC-016,4250,true,true
2026-08-09,ACC-017,1920,true,true
2026-08-09,ACC-018,780,true,true
2026-08-09,ACC-019,4460,true,true
2026-08-09,ACC-020,1850,true,true
2026-08-09,ACC-021,360,true,true
2026-08-09,ACC-022,4390,true,true
2026-08-09,ACC-023,2060,true,true
2026-08-09,ACC-024,640,true,true
2026-08-09,ACC-025,4320,true,true
2026-08-09,ACC-026,1990,true,true
2026-08-09,ACC-027,850,true,true
2026-08-09,ACC-028,4250,true,true
2026-08-09,ACC-029,1920,true,true
2026-08-09,ACC-030,780,true,true
2026-08-09,ACC-031,4460,true,true
2026-08-09,ACC-032,1850,true,true
2026-08-09,ACC-033,710,true,true
2026-08-09,ACC-034,4390,true,true
2026-08-09,ACC-035,2060,true,true
2026-08-09,ACC-036,640,true,true
2026-08-10,ACC-001,4320,true,true
2026-08-10,ACC-002,1990,true,true
2026-08-10,ACC-003,850,true,true
2026-08-10,ACC-004,4250,true,true
2026-08-10,ACC-005,1920,true,true
2026-08-10,ACC-006,780,true,true
2026-08-10,ACC-007,4460,true,true
2026-08-10,ACC-008,1850,true,true
2026-08-10,ACC-009,710,true,true
2026-08-10,ACC-010,4390,true,true
2026-08-10,ACC-011,2060,true,true
2026-08-10,ACC-012,640,true,true
2026-08-10,ACC-013,4320,true,true
2026-08-10,ACC-014,1990,true,true
2026-08-10,ACC-015,850,true,true
2026-08-10,ACC-016,4250,true,true
2026-08-10,ACC-017,1920,true,true
2026-08-10,ACC-018,780,true,true
2026-08-10,ACC-019,4460,true,true
2026-08-10,ACC-020,1850,true,true
2026-08-10,ACC-021,360,true,true
2026-08-10,ACC-022,4390,true,true
2026-08-10,ACC-023,2060,true,true
2026-08-10,ACC-024,640,true,true
2026-08-10,ACC-025,4320,true,true
2026-08-10,ACC-026,1990,true,true
2026-08-10,ACC-027,850,true,true
2026-08-10,ACC-028,4250,true,true
2026-08-10,ACC-029,1920,true,true
2026-08-10,ACC-030,780,true,true
2026-08-10,ACC-031,4460,true,true
2026-08-10,ACC-032,1850,true,true
2026-08-10,ACC-033,710,true,true
2026-08-10,ACC-034,4390,true,true
2026-08-10,ACC-035,2060,true,true
2026-08-10,ACC-036,640,true,true
2026-08-11,ACC-001,4320,true,true
2026-08-11,ACC-002,1990,true,true
2026-08-11,ACC-003,850,true,true
2026-08-11,ACC-004,4250,true,true
2026-08-11,ACC-005,1920,true,true
2026-08-11,ACC-006,780,true,true
2026-08-11,ACC-007,4460,true,true
2026-08-11,ACC-008,1850,true,true
2026-08-11,ACC-009,710,true,true
2026-08-11,ACC-010,4390,true,true
2026-08-11,ACC-011,2060,true,true
2026-08-11,ACC-012,640,true,true
2026-08-11,ACC-013,4320,true,true
2026-08-11,ACC-014,1990,true,true
2026-08-11,ACC-015,850,true,true
2026-08-11,ACC-016,4250,true,true
2026-08-11,ACC-017,1920,true,true
2026-08-11,ACC-018,780,true,true
2026-08-11,ACC-019,4460,true,true
2026-08-11,ACC-020,1850,true,true
2026-08-11,ACC-021,360,true,true
2026-08-11,ACC-022,4390,true,true
2026-08-11,ACC-023,2060,true,true
2026-08-11,ACC-024,640,true,true
2026-08-11,ACC-025,4320,true,true
2026-08-11,ACC-026,1990,true,true
2026-08-11,ACC-027,850,true,true
2026-08-11,ACC-028,4250,true,true
2026-08-11,ACC-029,1920,true,true
2026-08-11,ACC-030,780,true,true
2026-08-11,ACC-031,4460,true,true
2026-08-11,ACC-032,1850,true,true
2026-08-11,ACC-033,710,true,true
2026-08-11,ACC-034,4390,true,true
2026-08-11,ACC-035,2060,true,true
2026-08-11,ACC-036,640,true,true
2026-08-12,ACC-001,4320,true,true
2026-08-12,ACC-002,1990,true,true
2026-08-12,ACC-003,850,true,true
2026-08-12,ACC-004,4250,true,true
2026-08-12,ACC-005,1920,true,true
2026-08-12,ACC-006,780,true,true
2026-08-12,ACC-007,4460,true,true
2026-08-12,ACC-008,1850,true,true
2026-08-12,ACC-009,710,true,true
2026-08-12,ACC-010,4390,true,true
2026-08-12,ACC-011,2060,true,true
2026-08-12,ACC-012,640,true,true
2026-08-12,ACC-013,4320,true,true
2026-08-12,ACC-014,1990,true,true
2026-08-12,ACC-015,850,true,true
2026-08-12,ACC-016,4250,true,true
2026-08-12,ACC-017,1920,true,true
2026-08-12,ACC-018,780,true,true
2026-08-12,ACC-019,4460,true,true
2026-08-12,ACC-020,1850,true,true
2026-08-12,ACC-021,360,true,true
2026-08-12,ACC-022,4390,true,true
2026-08-12,ACC-023,2060,true,true
2026-08-12,ACC-024,640,true,true
2026-08-12,ACC-025,4320,true,true
2026-08-12,ACC-026,1990,true,true
2026-08-12,ACC-027,850,true,true
2026-08-12,ACC-028,4250,true,true
2026-08-12,ACC-029,1920,true,true
2026-08-12,ACC-030,780,true,true
2026-08-12,ACC-031,4460,true,true
2026-08-12,ACC-032,1850,true,true
2026-08-12,ACC-033,710,true,true
2026-08-12,ACC-034,4390,true,true
2026-08-12,ACC-035,2060,true,true
2026-08-12,ACC-036,640,true,true
2026-08-13,ACC-001,4320,true,true
2026-08-13,ACC-002,1990,true,true
2026-08-13,ACC-003,850,true,true
2026-08-13,ACC-004,4250,true,true
2026-08-13,ACC-005,1920,true,true
2026-08-13,ACC-006,780,true,true
2026-08-13,ACC-007,4460,true,true
2026-08-13,ACC-008,1850,true,true
2026-08-13,ACC-009,710,true,true
2026-08-13,ACC-010,4390,true,true
2026-08-13,ACC-011,2060,true,true
2026-08-13,ACC-012,640,true,true
2026-08-13,ACC-013,4320,true,true
2026-08-13,ACC-014,1990,true,true
2026-08-13,ACC-015,850,true,true
2026-08-13,ACC-016,4250,true,true
2026-08-13,ACC-017,1920,true,true
2026-08-13,ACC-018,780,true,true
2026-08-13,ACC-019,4460,true,true
2026-08-13,ACC-020,1850,true,true
2026-08-13,ACC-021,360,true,true
2026-08-13,ACC-022,4390,true,true
2026-08-13,ACC-023,2060,true,true
2026-08-13,ACC-024,640,true,true
2026-08-13,ACC-025,4320,true,true
2026-08-13,ACC-026,1990,true,true
2026-08-13,ACC-027,850,true,true
2026-08-13,ACC-028,4250,true,true
2026-08-13,ACC-029,1920,true,true
2026-08-13,ACC-030,780,true,true
2026-08-13,ACC-031,4460,true,true
2026-08-13,ACC-032,1850,true,true
2026-08-13,ACC-033,710,true,true
2026-08-13,ACC-034,4390,true,true
2026-08-13,ACC-035,2060,true,true
2026-08-13,ACC-036,640,true,true
2026-08-14,ACC-001,4320,true,true
2026-08-14,ACC-002,1990,true,true
2026-08-14,ACC-003,850,true,true
2026-08-14,ACC-004,4250,true,true
2026-08-14,ACC-005,1920,true,true
2026-08-14,ACC-006,780,true,true
2026-08-14,ACC-007,4460,true,true
2026-08-14,ACC-008,1850,true,true
2026-08-14,ACC-009,710,true,true
2026-08-14,ACC-010,4390,true,true
2026-08-14,ACC-011,2060,true,true
2026-08-14,ACC-012,640,true,true
2026-08-14,ACC-013,4320,true,true
2026-08-14,ACC-014,1990,true,true
2026-08-14,ACC-015,850,true,true
2026-08-14,ACC-016,4250,true,true
2026-08-14,ACC-017,1920,true,true
2026-08-14,ACC-018,780,true,true
2026-08-14,ACC-019,4460,true,true
2026-08-14,ACC-020,1850,true,true
2026-08-14,ACC-021,360,true,true
2026-08-14,ACC-022,4390,true,true
2026-08-14,ACC-023,2060,true,true
2026-08-14,ACC-024,640,true,true
2026-08-14,ACC-025,4320,true,true
2026-08-14,ACC-026,1990,true,true
2026-08-14,ACC-027,850,true,true
2026-08-14,ACC-028,4250,true,true
2026-08-14,ACC-029,1920,true,true
2026-08-14,ACC-030,780,true,true
2026-08-14,ACC-031,4460,true,true
2026-08-14,ACC-032,1850,true,true
2026-08-14,ACC-033,710,true,true
2026-08-14,ACC-034,4390,true,true
2026-08-14,ACC-035,2060,true,true
2026-08-14,ACC-036,640,true,true
2026-08-15,ACC-001,4320,true,true
2026-08-15,ACC-002,1990,true,true
2026-08-15,ACC-003,850,true,true
2026-08-15,ACC-004,4250,true,true
2026-08-15,ACC-005,1920,true,true
2026-08-15,ACC-006,780,true,true
2026-08-15,ACC-007,4460,true,true
2026-08-15,ACC-008,1850,true,true
2026-08-15,ACC-009,710,true,true
2026-08-15,ACC-010,4390,true,true
2026-08-15,ACC-011,2060,true,true
2026-08-15,ACC-012,640,true,true
2026-08-15,ACC-013,4320,true,true
2026-08-15,ACC-014,1990,true,true
2026-08-15,ACC-015,850,true,true
2026-08-15,ACC-016,4250,true,true
2026-08-15,ACC-017,1920,true,true
2026-08-15,ACC-018,780,true,true
2026-08-15,ACC-019,4460,true,true
2026-08-15,ACC-020,1850,true,true
2026-08-15,ACC-021,360,true,true
2026-08-15,ACC-022,4390,true,true
2026-08-15,ACC-023,2060,true,true
2026-08-15,ACC-024,640,true,true
2026-08-15,ACC-025,4320,true,true
2026-08-15,ACC-026,1990,true,true
2026-08-15,ACC-027,850,true,true
2026-08-15,ACC-028,4250,true,true
2026-08-15,ACC-029,1920,true,true
2026-08-15,ACC-030,780,true,true
2026-08-15,ACC-031,4460,true,true
2026-08-15,ACC-032,1850,true,true
2026-08-15,ACC-033,710,true,true
2026-08-15,ACC-034,4390,true,true
2026-08-15,ACC-035,2060,true,true
2026-08-15,ACC-036,640,true,true
2026-08-16,ACC-001,4320,true,true
2026-08-16,ACC-002,1990,true,true
2026-08-16,ACC-003,850,true,true
2026-08-16,ACC-004,4250,true,true
2026-08-16,ACC-005,1920,true,true
2026-08-16,ACC-006,780,true,true
2026-08-16,ACC-007,4460,true,true
2026-08-16,ACC-008,1850,true,true
2026-08-16,ACC-009,710,true,true
2026-08-16,ACC-010,4390,true,true
2026-08-16,ACC-011,2060,true,true
2026-08-16,ACC-012,640,true,true
2026-08-16,ACC-013,4320,true,true
2026-08-16,ACC-014,1990,true,true
2026-08-16,ACC-015,850,true,true
2026-08-16,ACC-016,4250,true,true
2026-08-16,ACC-017,1920,true,true
2026-08-16,ACC-018,780,true,true
2026-08-16,ACC-019,4460,true,true
2026-08-16,ACC-020,1850,true,true
2026-08-16,ACC-021,360,true,true
2026-08-16,ACC-022,4390,true,true
2026-08-16,ACC-023,2060,true,true
2026-08-16,ACC-024,640,true,true
2026-08-16,ACC-025,4320,true,true
2026-08-16,ACC-026,1990,true,true
2026-08-16,ACC-027,850,true,true
2026-08-16,ACC-028,4250,true,true
2026-08-16,ACC-029,1920,true,true
2026-08-16,ACC-030,780,true,true
2026-08-16,ACC-031,4460,true,true
2026-08-16,ACC-032,1850,true,true
2026-08-16,ACC-033,710,true,true
2026-08-16,ACC-034,4390,true,true
2026-08-16,ACC-035,2060,true,true
2026-08-16,ACC-036,640,true,true
2026-08-17,ACC-001,4320,true,true
2026-08-17,ACC-002,1990,true,true
2026-08-17,ACC-003,850,true,true
2026-08-17,ACC-004,4250,true,true
2026-08-17,ACC-005,1920,true,true
2026-08-17,ACC-006,780,true,true
2026-08-17,ACC-007,4460,true,true
2026-08-17,ACC-008,1850,true,true
2026-08-17,ACC-009,710,true,true
2026-08-17,ACC-010,4390,true,true
2026-08-17,ACC-011,2060,true,true
2026-08-17,ACC-012,640,true,true
2026-08-17,ACC-013,4320,true,true
2026-08-17,ACC-014,1990,true,true
2026-08-17,ACC-015,850,true,true
2026-08-17,ACC-016,4250,true,true
2026-08-17,ACC-017,1920,true,true
2026-08-17,ACC-018,780,true,true
2026-08-17,ACC-019,4460,true,true
2026-08-17,ACC-020,1850,true,true
2026-08-17,ACC-021,360,true,true
2026-08-17,ACC-022,4390,true,true
2026-08-17,ACC-023,2060,true,true
2026-08-17,ACC-024,640,true,true
2026-08-17,ACC-025,4320,true,true
2026-08-17,ACC-026,1990,true,true
2026-08-17,ACC-027,850,true,true
2026-08-17,ACC-028,4250,true,true
2026-08-17,ACC-029,1920,true,true
2026-08-17,ACC-030,780,true,true
2026-08-17,ACC-031,4460,true,true
2026-08-17,ACC-032,1850,true,true
2026-08-17,ACC-033,710,true,true
2026-08-17,ACC-034,4390,true,true
2026-08-17,ACC-035,2060,true,true
2026-08-17,ACC-036,640,true,true
2026-08-18,ACC-001,4320,true,true
2026-08-18,ACC-002,1990,true,true
2026-08-18,ACC-003,850,true,true
2026-08-18,ACC-004,4250,true,true
2026-08-18,ACC-005,1920,true,true
2026-08-18,ACC-006,780,true,true
2026-08-18,ACC-007,4460,true,true
2026-08-18,ACC-008,1850,true,true
2026-08-18,ACC-009,710,true,true
2026-08-18,ACC-010,4390,true,true
2026-08-18,ACC-011,2060,true,true
2026-08-18,ACC-012,640,true,true
2026-08-18,ACC-013,4320,true,true
2026-08-18,ACC-014,1990,true,true
2026-08-18,ACC-015,850,true,true
2026-08-18,ACC-016,4250,true,true
2026-08-18,ACC-017,1920,true,true
2026-08-18,ACC-018,780,true,true
2026-08-18,ACC-019,4460,true,true
2026-08-18,ACC-020,1850,true,true
2026-08-18,ACC-021,360,true,true
2026-08-18,ACC-022,4390,true,true
2026-08-18,ACC-023,2060,true,true
2026-08-18,ACC-024,640,true,true
2026-08-18,ACC-025,4320,true,true
2026-08-18,ACC-026,1990,true,true
2026-08-18,ACC-027,850,true,true
2026-08-18,ACC-028,4250,true,true
2026-08-18,ACC-029,1920,true,true
2026-08-18,ACC-030,780,true,true
2026-08-18,ACC-031,4460,true,true
2026-08-18,ACC-032,1850,true,true
2026-08-18,ACC-033,710,true,true
2026-08-18,ACC-034,4390,true,true
2026-08-18,ACC-035,2060,true,true
2026-08-18,ACC-036,640,true,true
2026-08-19,ACC-001,4320,true,true
2026-08-19,ACC-002,1990,true,true
2026-08-19,ACC-003,850,true,true
2026-08-19,ACC-004,4250,true,true
2026-08-19,ACC-005,1920,true,true
2026-08-19,ACC-006,780,true,true
2026-08-19,ACC-007,4460,true,true
2026-08-19,ACC-008,1850,true,true
2026-08-19,ACC-009,710,true,true
2026-08-19,ACC-010,4390,true,true
2026-08-19,ACC-011,2060,true,true
2026-08-19,ACC-012,640,true,true
2026-08-19,ACC-013,4320,true,true
2026-08-19,ACC-014,1990,true,true
2026-08-19,ACC-015,850,true,true
2026-08-19,ACC-016,4250,true,true
2026-08-19,ACC-017,1920,true,true
2026-08-19,ACC-018,780,true,true
2026-08-19,ACC-019,4460,true,true
2026-08-19,ACC-020,1850,true,true
2026-08-19,ACC-021,360,true,true
2026-08-19,ACC-022,4390,true,true
2026-08-19,ACC-023,2060,true,true
2026-08-19,ACC-024,640,true,true
2026-08-19,ACC-025,4320,true,true
2026-08-19,ACC-026,1990,true,true
2026-08-19,ACC-027,850,true,true
2026-08-19,ACC-028,4250,true,true
2026-08-19,ACC-029,1920,true,true
2026-08-19,ACC-030,780,true,true
2026-08-19,ACC-031,4460,true,true
2026-08-19,ACC-032,1850,true,true
2026-08-19,ACC-033,710,true,true
2026-08-19,ACC-034,4390,true,true
2026-08-19,ACC-035,2060,true,true
2026-08-19,ACC-036,640,true,true
2026-08-20,ACC-001,4320,true,true
2026-08-20,ACC-002,1990,true,true
2026-08-20,ACC-003,850,true,true
2026-08-20,ACC-004,4250,true,true
2026-08-20,ACC-005,1920,true,true
2026-08-20,ACC-006,780,true,true
2026-08-20,ACC-007,4460,true,true
2026-08-20,ACC-008,1850,true,true
2026-08-20,ACC-009,710,true,true
2026-08-20,ACC-010,4390,true,true
2026-08-20,ACC-011,2060,true,true
2026-08-20,ACC-012,640,true,true
2026-08-20,ACC-013,4320,true,true
2026-08-20,ACC-014,1990,true,true
2026-08-20,ACC-015,850,true,true
2026-08-20,ACC-016,4250,true,true
2026-08-20,ACC-017,1920,true,true
2026-08-20,ACC-018,780,true,true
2026-08-20,ACC-019,4460,true,true
2026-08-20,ACC-020,1850,true,true
2026-08-20,ACC-021,360,true,true
2026-08-20,ACC-022,4390,true,true
2026-08-20,ACC-023,2060,true,true
2026-08-20,ACC-024,640,true,true
2026-08-20,ACC-025,4320,true,true
2026-08-20,ACC-026,1990,true,true
2026-08-20,ACC-027,850,true,true
2026-08-20,ACC-028,4250,true,true
2026-08-20,ACC-029,1920,true,true
2026-08-20,ACC-030,780,true,true
2026-08-20,ACC-031,4460,true,true
2026-08-20,ACC-032,1850,true,true
2026-08-20,ACC-033,710,true,true
2026-08-20,ACC-034,4390,true,true
2026-08-20,ACC-035,2060,true,true
2026-08-20,ACC-036,640,true,true
2026-08-21,ACC-001,4320,true,true
2026-08-21,ACC-002,1990,true,true
2026-08-21,ACC-003,850,true,true
2026-08-21,ACC-004,4250,true,true
2026-08-21,ACC-005,1920,true,true
2026-08-21,ACC-006,780,true,true
2026-08-21,ACC-007,4460,true,true
2026-08-21,ACC-008,1850,true,true
2026-08-21,ACC-009,710,true,true
2026-08-21,ACC-010,4390,true,true
2026-08-21,ACC-011,2060,true,true
2026-08-21,ACC-012,640,true,true
2026-08-21,ACC-013,4320,true,true
2026-08-21,ACC-014,1990,true,true
2026-08-21,ACC-015,850,true,true
2026-08-21,ACC-016,4250,true,true
2026-08-21,ACC-017,1920,true,true
2026-08-21,ACC-018,780,true,true
2026-08-21,ACC-019,4460,true,true
2026-08-21,ACC-020,1850,true,true
2026-08-21,ACC-021,360,true,true
2026-08-21,ACC-022,4390,true,true
2026-08-21,ACC-023,2060,true,true
2026-08-21,ACC-024,640,true,true
2026-08-21,ACC-025,4320,true,true
2026-08-21,ACC-026,1990,true,true
2026-08-21,ACC-027,850,true,true
2026-08-21,ACC-028,4250,true,true
2026-08-21,ACC-029,1920,true,true
2026-08-21,ACC-030,780,true,true
2026-08-21,ACC-031,4460,true,true
2026-08-21,ACC-032,1850,true,true
2026-08-21,ACC-033,710,true,true
2026-08-21,ACC-034,4390,true,true
2026-08-21,ACC-035,2060,true,true
2026-08-21,ACC-036,640,true,true
2026-08-22,ACC-001,4320,true,true
2026-08-22,ACC-002,1990,true,true
2026-08-22,ACC-003,850,true,true
2026-08-22,ACC-004,4250,true,true
2026-08-22,ACC-005,1920,true,true
2026-08-22,ACC-006,780,true,true
2026-08-22,ACC-007,4460,true,true
2026-08-22,ACC-008,1850,true,true
2026-08-22,ACC-009,710,true,true
2026-08-22,ACC-010,4390,true,true
2026-08-22,ACC-011,2060,true,true
2026-08-22,ACC-012,640,true,true
2026-08-22,ACC-013,4320,true,true
2026-08-22,ACC-014,1990,true,true
2026-08-22,ACC-015,850,true,true
2026-08-22,ACC-016,4250,true,true
2026-08-22,ACC-017,1920,true,true
2026-08-22,ACC-018,780,true,true
2026-08-22,ACC-019,4460,true,true
2026-08-22,ACC-020,1850,true,true
2026-08-22,ACC-021,360,true,true
2026-08-22,ACC-022,4390,true,true
2026-08-22,ACC-023,2060,true,true
2026-08-22,ACC-024,640,true,true
2026-08-22,ACC-025,4320,true,true
2026-08-22,ACC-026,1990,true,true
2026-08-22,ACC-027,850,true,true
2026-08-22,ACC-028,4250,true,true
2026-08-22,ACC-029,1920,true,true
2026-08-22,ACC-030,780,true,true
2026-08-22,ACC-031,4460,true,true
2026-08-22,ACC-032,1850,true,true
2026-08-22,ACC-033,710,true,true
2026-08-22,ACC-034,4390,true,true
2026-08-22,ACC-035,2060,true,true
2026-08-22,ACC-036,640,true,true
2026-08-23,ACC-001,4320,true,true
2026-08-23,ACC-002,1990,true,true
2026-08-23,ACC-003,850,true,true
2026-08-23,ACC-004,4250,true,true
2026-08-23,ACC-005,1920,true,true
2026-08-23,ACC-006,780,true,true
2026-08-23,ACC-007,4460,true,true
2026-08-23,ACC-008,1850,true,true
2026-08-23,ACC-009,710,true,true
2026-08-23,ACC-010,4390,true,true
2026-08-23,ACC-011,2060,true,true
2026-08-23,ACC-012,640,true,true
2026-08-23,ACC-013,4320,true,true
2026-08-23,ACC-014,1990,true,true
2026-08-23,ACC-015,850,true,true
2026-08-23,ACC-016,4250,true,true
2026-08-23,ACC-017,1920,true,true
2026-08-23,ACC-018,780,true,true
2026-08-23,ACC-019,4460,true,true
2026-08-23,ACC-020,1850,true,true
2026-08-23,ACC-021,360,true,true
2026-08-23,ACC-022,4390,true,true
2026-08-23,ACC-023,2060,true,true
2026-08-23,ACC-024,640,true,true
2026-08-23,ACC-025,4320,true,true
2026-08-23,ACC-026,1990,true,true
2026-08-23,ACC-027,850,true,true
2026-08-23,ACC-028,4250,true,true
2026-08-23,ACC-029,1920,true,true
2026-08-23,ACC-030,780,true,true
2026-08-23,ACC-031,4460,true,true
2026-08-23,ACC-032,1850,true,true
2026-08-23,ACC-033,710,true,true
2026-08-23,ACC-034,4390,true,true
2026-08-23,ACC-035,2060,true,true
2026-08-23,ACC-036,640,true,true
2026-08-24,ACC-001,4320,true,true
2026-08-24,ACC-002,1990,true,true
2026-08-24,ACC-003,850,true,true
2026-08-24,ACC-004,4250,true,true
2026-08-24,ACC-005,1920,true,true
2026-08-24,ACC-006,780,true,true
2026-08-24,ACC-007,4460,true,true
2026-08-24,ACC-008,1850,true,true
2026-08-24,ACC-009,710,true,true
2026-08-24,ACC-010,4390,true,true
2026-08-24,ACC-011,2060,true,true
2026-08-24,ACC-012,640,true,true
2026-08-24,ACC-013,4320,true,true
2026-08-24,ACC-014,1990,true,true
2026-08-24,ACC-015,850,true,true
2026-08-24,ACC-016,4250,true,true
2026-08-24,ACC-017,1920,true,true
2026-08-24,ACC-018,780,true,true
2026-08-24,ACC-019,4460,true,true
2026-08-24,ACC-020,1850,true,true
2026-08-24,ACC-021,360,true,true
2026-08-24,ACC-022,4390,true,true
2026-08-24,ACC-023,2060,true,true
2026-08-24,ACC-024,640,true,true
2026-08-24,ACC-025,4320,true,true
2026-08-24,ACC-026,1990,true,true
2026-08-24,ACC-027,850,true,true
2026-08-24,ACC-028,4250,true,true
2026-08-24,ACC-029,1920,true,true
2026-08-24,ACC-030,780,true,true
2026-08-24,ACC-031,4460,true,true
2026-08-24,ACC-032,1850,true,true
2026-08-24,ACC-033,710,true,true
2026-08-24,ACC-034,4390,true,true
2026-08-24,ACC-035,2060,true,true
2026-08-24,ACC-036,640,true,true
2026-08-25,ACC-001,4320,true,true
2026-08-25,ACC-002,1990,true,true
2026-08-25,ACC-003,850,true,true
2026-08-25,ACC-004,4250,true,true
2026-08-25,ACC-005,1920,true,true
2026-08-25,ACC-006,780,true,true
2026-08-25,ACC-007,4460,true,true
2026-08-25,ACC-008,1850,true,true
2026-08-25,ACC-009,710,true,true
2026-08-25,ACC-010,4390,true,true
2026-08-25,ACC-011,2060,true,true
2026-08-25,ACC-012,1540,true,true
2026-08-25,ACC-013,4320,true,true
2026-08-25,ACC-014,1990,true,true
2026-08-25,ACC-015,850,true,true
2026-08-25,ACC-016,4250,true,true
2026-08-25,ACC-017,1920,true,true
2026-08-25,ACC-018,780,true,true
2026-08-25,ACC-019,4460,true,true
2026-08-25,ACC-020,1850,true,true
2026-08-25,ACC-021,360,true,true
2026-08-25,ACC-022,4390,true,true
2026-08-25,ACC-023,2060,true,true
2026-08-25,ACC-024,640,true,true
2026-08-25,ACC-025,4320,true,true
2026-08-25,ACC-026,1990,true,true
2026-08-25,ACC-027,850,true,true
2026-08-25,ACC-028,4250,true,true
2026-08-25,ACC-029,1920,true,true
2026-08-25,ACC-030,780,true,true
2026-08-25,ACC-031,4460,true,true
2026-08-25,ACC-032,1850,true,true
2026-08-25,ACC-033,710,true,true
2026-08-25,ACC-034,4390,true,true
2026-08-25,ACC-035,2060,true,true
2026-08-25,ACC-036,640,true,true
2026-08-26,ACC-001,4320,true,true
2026-08-26,ACC-002,1990,true,true
2026-08-26,ACC-003,850,true,true
2026-08-26,ACC-004,4250,true,true
2026-08-26,ACC-005,1920,true,true
2026-08-26,ACC-006,780,true,true
2026-08-26,ACC-007,4460,true,true
2026-08-26,ACC-008,1850,true,true
2026-08-26,ACC-009,710,true,true
2026-08-26,ACC-010,4390,true,true
2026-08-26,ACC-011,2060,true,true
2026-08-26,ACC-012,1540,true,true
2026-08-26,ACC-013,4320,true,true
2026-08-26,ACC-014,1990,true,true
2026-08-26,ACC-015,850,true,true
2026-08-26,ACC-016,4250,true,true
2026-08-26,ACC-017,1920,true,true
2026-08-26,ACC-018,780,true,true
2026-08-26,ACC-019,4460,true,true
2026-08-26,ACC-020,1850,true,true
2026-08-26,ACC-021,360,true,true
2026-08-26,ACC-022,4390,true,true
2026-08-26,ACC-023,2060,true,true
2026-08-26,ACC-024,640,true,true
2026-08-26,ACC-025,4320,true,true
2026-08-26,ACC-026,1990,true,true
2026-08-26,ACC-027,850,true,true
2026-08-26,ACC-028,4250,true,true
2026-08-26,ACC-029,1920,true,true
2026-08-26,ACC-030,780,true,true
2026-08-26,ACC-031,4460,true,true
2026-08-26,ACC-032,1850,true,true
2026-08-26,ACC-033,710,true,true
2026-08-26,ACC-034,4390,true,true
2026-08-26,ACC-035,2060,true,true
2026-08-26,ACC-036,640,true,true
2026-08-27,ACC-001,4320,true,true
2026-08-27,ACC-002,1990,true,true
2026-08-27,ACC-003,850,true,true
2026-08-27,ACC-004,4250,true,true
2026-08-27,ACC-005,1920,true,true
2026-08-27,ACC-006,780,true,true
2026-08-27,ACC-007,4460,true,true
2026-08-27,ACC-008,1850,true,true
2026-08-27,ACC-009,710,true,true
2026-08-27,ACC-010,4390,true,true
2026-08-27,ACC-011,2060,true,true
2026-08-27,ACC-012,1540,true,true
2026-08-27,ACC-013,4320,true,true
2026-08-27,ACC-014,1990,true,true
2026-08-27,ACC-015,850,true,true
2026-08-27,ACC-016,4250,true,true
2026-08-27,ACC-017,1920,true,true
2026-08-27,ACC-018,780,true,true
2026-08-27,ACC-019,4460,true,true
2026-08-27,ACC-020,1850,true,true
2026-08-27,ACC-021,360,true,true
2026-08-27,ACC-022,4390,true,true
2026-08-27,ACC-023,2060,true,true
2026-08-27,ACC-024,640,true,true
2026-08-27,ACC-025,4320,true,true
2026-08-27,ACC-026,1990,true,true
2026-08-27,ACC-027,850,true,true
2026-08-27,ACC-028,4250,true,true
2026-08-27,ACC-029,1920,true,true
2026-08-27,ACC-030,780,true,true
2026-08-27,ACC-031,4460,true,true
2026-08-27,ACC-032,1850,true,true
2026-08-27,ACC-033,710,true,true
2026-08-27,ACC-034,4390,true,true
2026-08-27,ACC-035,2060,true,true
2026-08-27,ACC-036,640,true,true
2026-08-28,ACC-001,4320,true,true
2026-08-28,ACC-002,1990,true,true
2026-08-28,ACC-003,850,true,true
2026-08-28,ACC-004,4250,true,true
2026-08-28,ACC-005,1920,true,true
2026-08-28,ACC-006,780,true,true
2026-08-28,ACC-007,4460,true,true
2026-08-28,ACC-008,1850,true,true
2026-08-28,ACC-009,710,true,true
2026-08-28,ACC-010,4390,true,true
2026-08-28,ACC-011,2060,true,true
2026-08-28,ACC-012,1540,true,true
2026-08-28,ACC-013,4320,true,true
2026-08-28,ACC-014,1990,true,true
2026-08-28,ACC-015,850,true,true
2026-08-28,ACC-016,4250,true,true
2026-08-28,ACC-017,1920,true,true
2026-08-28,ACC-018,780,true,true
2026-08-28,ACC-019,4460,true,true
2026-08-28,ACC-020,1850,true,true
2026-08-28,ACC-021,360,true,true
2026-08-28,ACC-022,4390,true,true
2026-08-28,ACC-023,2060,true,true
2026-08-28,ACC-024,640,true,true
2026-08-28,ACC-025,4320,true,true
2026-08-28,ACC-026,1990,true,true
2026-08-28,ACC-027,850,true,true
2026-08-28,ACC-028,4250,true,true
2026-08-28,ACC-029,1920,true,true
2026-08-28,ACC-030,780,true,true
2026-08-28,ACC-031,4460,true,true
2026-08-28,ACC-032,1850,true,true
2026-08-28,ACC-033,710,true,true
2026-08-28,ACC-034,0,false,true
2026-08-28,ACC-035,2060,true,true
2026-08-28,ACC-036,640,true,true
2026-08-29,ACC-001,4320,true,true
2026-08-29,ACC-002,1990,true,true
2026-08-29,ACC-003,850,true,true
2026-08-29,ACC-004,4250,true,true
2026-08-29,ACC-005,1920,true,true
2026-08-29,ACC-006,780,true,true
2026-08-29,ACC-007,4460,true,true
2026-08-29,ACC-008,1850,true,true
2026-08-29,ACC-009,710,true,true
2026-08-29,ACC-010,4390,true,true
2026-08-29,ACC-011,2060,true,true
2026-08-29,ACC-012,1540,true,true
2026-08-29,ACC-013,4320,true,true
2026-08-29,ACC-014,1990,true,true
2026-08-29,ACC-015,850,true,true
2026-08-29,ACC-016,4250,true,true
2026-08-29,ACC-017,1920,true,true
2026-08-29,ACC-018,780,true,true
2026-08-29,ACC-019,4460,true,true
2026-08-29,ACC-020,1850,true,true
2026-08-29,ACC-021,360,true,true
2026-08-29,ACC-022,4390,true,true
2026-08-29,ACC-023,2060,true,true
2026-08-29,ACC-024,640,true,true
2026-08-29,ACC-025,4320,true,true
2026-08-29,ACC-026,1990,true,true
2026-08-29,ACC-027,850,true,true
2026-08-29,ACC-028,4250,true,true
2026-08-29,ACC-029,1920,true,true
2026-08-29,ACC-030,780,true,true
2026-08-29,ACC-031,4460,true,true
2026-08-29,ACC-032,1850,true,true
2026-08-29,ACC-033,710,true,true
2026-08-29,ACC-034,0,false,true
2026-08-29,ACC-035,2060,true,true
2026-08-29,ACC-036,640,true,true
2026-08-30,ACC-001,4320,true,true
2026-08-30,ACC-002,1990,true,true
2026-08-30,ACC-003,850,true,true
2026-08-30,ACC-004,4250,true,true
2026-08-30,ACC-005,1920,true,true
2026-08-30,ACC-006,780,true,true
2026-08-30,ACC-007,4460,true,true
2026-08-30,ACC-008,1850,true,true
2026-08-30,ACC-009,710,true,true
2026-08-30,ACC-010,4390,true,true
2026-08-30,ACC-011,2060,true,true
2026-08-30,ACC-012,1540,true,true
2026-08-30,ACC-013,4320,true,true
2026-08-30,ACC-014,1990,true,true
2026-08-30,ACC-015,850,true,true
2026-08-30,ACC-016,4250,true,true
2026-08-30,ACC-017,1920,true,true
2026-08-30,ACC-018,780,true,true
2026-08-30,ACC-019,4460,true,true
2026-08-30,ACC-020,1850,true,true
2026-08-30,ACC-021,360,true,true
2026-08-30,ACC-022,4390,true,true
2026-08-30,ACC-023,2060,true,true
2026-08-30,ACC-024,640,true,true
2026-08-30,ACC-025,4320,true,true
2026-08-30,ACC-026,1990,true,true
2026-08-30,ACC-027,850,true,true
2026-08-30,ACC-028,4250,true,true
2026-08-30,ACC-029,1920,true,true
2026-08-30,ACC-030,780,true,true
2026-08-30,ACC-031,4460,true,true
2026-08-30,ACC-032,1850,true,true
2026-08-30,ACC-033,710,true,true
2026-08-30,ACC-034,0,false,true
2026-08-30,ACC-035,2060,true,true
2026-08-30,ACC-036,640,true,true
2026-08-31,ACC-001,4320,true,false
2026-08-31,ACC-002,1990,true,false
2026-08-31,ACC-003,850,true,false
2026-08-31,ACC-004,4250,true,false
2026-08-31,ACC-005,1920,true,false
2026-08-31,ACC-006,780,true,false
2026-08-31,ACC-007,4460,true,false
2026-08-31,ACC-008,1850,true,false
2026-08-31,ACC-009,710,true,false
2026-08-31,ACC-010,4390,true,false
2026-08-31,ACC-011,2060,true,false
2026-08-31,ACC-012,1540,true,false
2026-08-31,ACC-013,4320,true,false
2026-08-31,ACC-014,1990,true,false
2026-08-31,ACC-015,850,true,false
2026-08-31,ACC-016,4250,true,false
2026-08-31,ACC-017,1920,true,false
2026-08-31,ACC-018,780,true,false
2026-08-31,ACC-019,4460,true,false
2026-08-31,ACC-020,1850,true,false
2026-08-31,ACC-021,360,true,false
2026-08-31,ACC-022,4390,true,false
2026-08-31,ACC-023,2060,true,false
2026-08-31,ACC-024,640,true,false
2026-08-31,ACC-025,4320,true,false
2026-08-31,ACC-026,1990,true,false
2026-08-31,ACC-027,850,true,false
2026-08-31,ACC-028,4250,true,false
2026-08-31,ACC-029,1920,true,false
2026-08-31,ACC-030,780,true,false
2026-08-31,ACC-031,4460,true,false
2026-08-31,ACC-032,1850,true,false
2026-08-31,ACC-033,710,true,false
2026-08-31,ACC-034,0,false,false
2026-08-31,ACC-035,2060,true,false
2026-08-31,ACC-036,640,true,false
