date,account_id,active_users,workflows_published,production_runs,successful_runs,failed_runs,template_runs,data_complete
2026-06-01,ACC-001,5,0,157,154,3,78,true
2026-06-01,ACC-002,6,1,87,85,2,45,true
2026-06-01,ACC-003,7,0,40,39,1,22,true
2026-06-01,ACC-004,8,0,181,178,3,103,true
2026-06-01,ACC-005,10,0,99,97,2,59,true
2026-06-01,ACC-006,11,0,46,45,1,22,true
2026-06-01,ACC-007,12,1,150,146,4,74,true
2026-06-01,ACC-008,13,0,82,80,2,43,true
2026-06-01,ACC-009,14,0,38,37,1,21,true
2026-06-01,ACC-010,15,0,173,169,4,99,true
2026-06-01,ACC-011,16,0,95,93,2,57,true
2026-06-01,ACC-012,17,1,44,43,1,21,true
2026-06-01,ACC-013,4,0,196,192,4,97,true
2026-06-01,ACC-014,5,0,78,76,2,41,true
2026-06-01,ACC-015,6,0,36,35,1,20,true
2026-06-01,ACC-016,7,0,165,162,3,94,true
2026-06-01,ACC-017,8,1,91,89,2,54,true
2026-06-01,ACC-018,10,0,42,41,1,20,true
2026-06-01,ACC-019,11,0,189,184,5,94,true
2026-06-01,ACC-020,12,0,103,101,2,54,true
2026-06-01,ACC-021,13,0,35,34,1,19,true
2026-06-01,ACC-022,14,1,157,153,4,89,true
2026-06-01,ACC-023,15,0,87,85,2,52,true
2026-06-01,ACC-024,16,0,40,39,1,19,true
2026-06-01,ACC-025,17,0,181,177,4,90,true
2026-06-01,ACC-026,4,0,99,97,2,51,true
2026-06-01,ACC-027,5,1,46,45,1,25,true
2026-06-01,ACC-028,6,0,150,147,3,85,true
2026-06-01,ACC-029,7,0,82,80,2,49,true
2026-06-01,ACC-030,8,0,38,37,1,18,true
2026-06-01,ACC-031,10,0,173,169,4,86,true
2026-06-01,ACC-032,11,1,95,93,2,49,true
2026-06-01,ACC-033,0,0,0,0,0,0,true
2026-06-01,ACC-034,0,0,0,0,0,0,true
2026-06-01,ACC-035,0,0,0,0,0,0,true
2026-06-01,ACC-036,0,0,0,0,0,0,true
2026-06-02,ACC-001,6,1,163,160,3,81,true
2026-06-02,ACC-002,7,0,90,88,2,47,true
2026-06-02,ACC-003,8,0,42,41,1,23,true
2026-06-02,ACC-004,9,0,188,184,4,107,true
2026-06-02,ACC-005,10,0,103,101,2,61,true
2026-06-02,ACC-006,11,1,47,46,1,22,true
2026-06-02,ACC-007,12,0,155,151,4,77,true
2026-06-02,ACC-008,13,0,86,84,2,45,true
2026-06-02,ACC-009,14,0,40,39,1,22,true
2026-06-02,ACC-010,15,0,179,175,4,102,true
2026-06-02,ACC-011,16,1,98,96,2,58,true
2026-06-02,ACC-012,18,0,45,44,1,21,true
2026-06-02,ACC-013,4,0,204,200,4,101,true
2026-06-02,ACC-014,6,0,81,79,2,42,true
2026-06-02,ACC-015,7,0,38,37,1,21,true
2026-06-02,ACC-016,8,1,171,168,3,97,true
2026-06-02,ACC-017,9,0,94,92,2,56,true
2026-06-02,ACC-018,10,0,43,42,1,20,true
2026-06-02,ACC-019,11,0,196,191,5,97,true
2026-06-02,ACC-020,12,0,107,105,2,56,true
2026-06-02,ACC-021,13,1,36,35,1,20,true
2026-06-02,ACC-022,14,0,163,159,4,93,true
2026-06-02,ACC-023,15,0,90,88,2,54,true
2026-06-02,ACC-024,16,0,42,41,1,20,true
2026-06-02,ACC-025,18,0,188,184,4,93,true
2026-06-02,ACC-026,4,1,103,101,2,54,true
2026-06-02,ACC-027,6,0,47,46,1,26,true
2026-06-02,ACC-028,7,0,155,152,3,88,true
2026-06-02,ACC-029,8,0,86,84,2,51,true
2026-06-02,ACC-030,9,0,40,39,1,19,true
2026-06-02,ACC-031,10,1,179,175,4,89,true
2026-06-02,ACC-032,11,0,98,96,2,51,true
2026-06-02,ACC-033,0,0,0,0,0,0,true
2026-06-02,ACC-034,0,0,0,0,0,0,true
2026-06-02,ACC-035,0,0,0,0,0,0,true
2026-06-02,ACC-036,0,0,0,0,0,0,true
2026-06-03,ACC-001,5,0,160,157,3,79,true
2026-06-03,ACC-002,6,0,88,86,2,46,true
2026-06-03,ACC-003,8,0,41,40,1,22,true
2026-06-03,ACC-004,9,0,184,181,3,105,true
2026-06-03,ACC-005,10,1,101,99,2,60,true
2026-06-03,ACC-006,11,0,46,45,1,22,true
2026-06-03,ACC-007,12,0,152,148,4,75,true
2026-06-03,ACC-008,13,0,84,82,2,44,true
2026-06-03,ACC-009,14,0,39,38,1,21,true
2026-06-03,ACC-010,15,1,176,172,4,100,true
2026-06-03,ACC-011,16,0,97,95,2,58,true
2026-06-03,ACC-012,17,0,45,44,1,21,true
2026-06-03,ACC-013,4,0,200,196,4,99,true
2026-06-03,ACC-014,5,0,80,78,2,42,true
2026-06-03,ACC-015,6,1,37,36,1,20,true
2026-06-03,ACC-016,8,0,168,165,3,96,true
2026-06-03,ACC-017,9,0,92,90,2,55,true
2026-06-03,ACC-018,10,0,43,42,1,20,true
2026-06-03,ACC-019,11,0,192,187,5,95,true
2026-06-03,ACC-020,12,1,105,103,2,55,true
2026-06-03,ACC-021,13,0,35,34,1,19,true
2026-06-03,ACC-022,14,0,160,156,4,91,true
2026-06-03,ACC-023,15,0,88,86,2,52,true
2026-06-03,ACC-024,16,0,41,40,1,19,true
2026-06-03,ACC-025,17,1,184,180,4,91,true
2026-06-03,ACC-026,4,0,101,99,2,53,true
2026-06-03,ACC-027,5,0,46,45,1,25,true
2026-06-03,ACC-028,6,0,152,149,3,87,true
2026-06-03,ACC-029,8,0,84,82,2,50,true
2026-06-03,ACC-030,9,1,39,38,1,18,true
2026-06-03,ACC-031,10,0,176,172,4,87,true
2026-06-03,ACC-032,11,0,97,95,2,50,true
2026-06-03,ACC-033,0,0,0,0,0,0,true
2026-06-03,ACC-034,0,0,0,0,0,0,true
2026-06-03,ACC-035,0,0,0,0,0,0,true
2026-06-03,ACC-036,0,0,0,0,0,0,true
2026-06-04,ACC-001,5,0,154,151,3,76,true
2026-06-04,ACC-002,6,0,85,83,2,44,true
2026-06-04,ACC-003,7,0,39,38,1,21,true
2026-06-04,ACC-004,8,1,177,174,3,101,true
2026-06-04,ACC-005,9,0,97,95,2,58,true
2026-06-04,ACC-006,10,0,45,44,1,21,true
2026-06-04,ACC-007,11,0,147,143,4,73,true
2026-06-04,ACC-008,12,0,81,79,2,42,true
2026-06-04,ACC-009,14,1,38,37,1,21,true
2026-06-04,ACC-010,15,0,170,166,4,97,true
2026-06-04,ACC-011,16,0,93,91,2,55,true
2026-06-04,ACC-012,17,0,43,42,1,20,true
2026-06-04,ACC-013,4,0,193,189,4,96,true
2026-06-04,ACC-014,5,1,77,75,2,40,true
2026-06-04,ACC-015,6,0,36,35,1,20,true
2026-06-04,ACC-016,7,0,162,159,3,92,true
2026-06-04,ACC-017,8,0,89,87,2,53,true
2026-06-04,ACC-018,9,0,41,40,1,19,true
2026-06-04,ACC-019,10,1,185,180,5,92,true
2026-06-04,ACC-020,11,0,101,99,2,53,true
2026-06-04,ACC-021,12,0,34,33,1,19,true
2026-06-04,ACC-022,14,0,154,150,4,88,true
2026-06-04,ACC-023,15,0,85,83,2,51,true
2026-06-04,ACC-024,16,1,39,38,1,18,true
2026-06-04,ACC-025,17,0,177,173,4,88,true
2026-06-04,ACC-026,4,0,97,95,2,50,true
2026-06-04,ACC-027,5,0,45,44,1,25,true
2026-06-04,ACC-028,6,0,147,144,3,84,true
2026-06-04,ACC-029,7,1,81,79,2,48,true
2026-06-04,ACC-030,8,0,38,37,1,18,true
2026-06-04,ACC-031,9,0,170,166,4,84,true
2026-06-04,ACC-032,10,0,93,91,2,48,true
2026-06-04,ACC-033,0,0,0,0,0,0,true
2026-06-04,ACC-034,0,0,0,0,0,0,true
2026-06-04,ACC-035,0,0,0,0,0,0,true
2026-06-04,ACC-036,0,0,0,0,0,0,true
2026-06-05,ACC-001,5,0,138,135,3,68,true
2026-06-05,ACC-002,6,0,76,74,2,40,true
2026-06-05,ACC-003,7,1,35,34,1,19,true
2026-06-05,ACC-004,7,0,159,156,3,91,true
2026-06-05,ACC-005,8,0,87,85,2,52,true
2026-06-05,ACC-006,9,0,40,39,1,19,true
2026-06-05,ACC-007,10,0,131,128,3,65,true
2026-06-05,ACC-008,11,1,72,71,1,37,true
2026-06-05,ACC-009,12,0,34,33,1,19,true
2026-06-05,ACC-010,13,0,152,149,3,87,true
2026-06-05,ACC-011,14,0,83,81,2,49,true
2026-06-05,ACC-012,15,0,38,37,1,18,true
2026-06-05,ACC-013,4,1,172,168,4,85,true
2026-06-05,ACC-014,5,0,69,67,2,36,true
2026-06-05,ACC-015,6,0,32,31,1,17,true
2026-06-05,ACC-016,7,0,145,142,3,83,true
2026-06-05,ACC-017,7,0,80,78,2,48,true
2026-06-05,ACC-018,8,1,37,36,1,17,true
2026-06-05,ACC-019,9,0,165,161,4,82,true
2026-06-05,ACC-020,10,0,90,88,2,47,true
2026-06-05,ACC-021,11,0,30,29,1,16,true
2026-06-05,ACC-022,12,0,138,135,3,79,true
2026-06-05,ACC-023,13,1,76,74,2,45,true
2026-06-05,ACC-024,14,0,35,34,1,16,true
2026-06-05,ACC-025,15,0,159,156,3,79,true
2026-06-05,ACC-026,4,0,87,85,2,45,true
2026-06-05,ACC-027,5,0,40,39,1,22,true
2026-06-05,ACC-028,6,1,131,129,2,75,true
2026-06-05,ACC-029,7,0,72,70,2,43,true
2026-06-05,ACC-030,7,0,34,33,1,16,true
2026-06-05,ACC-031,8,0,152,148,4,75,true
2026-06-05,ACC-032,9,0,83,81,2,43,true
2026-06-05,ACC-033,0,0,0,0,0,0,true
2026-06-05,ACC-034,0,0,0,0,0,0,true
2026-06-05,ACC-035,0,0,0,0,0,0,true
2026-06-05,ACC-036,0,0,0,0,0,0,true
2026-06-06,ACC-001,3,0,94,92,2,47,true
2026-06-06,ACC-002,4,1,51,50,1,27,true
2026-06-06,ACC-003,4,0,24,23,1,13,true
2026-06-06,ACC-004,5,0,107,105,2,61,true
2026-06-06,ACC-005,6,0,59,58,1,35,true
2026-06-06,ACC-006,6,0,27,26,1,13,true
2026-06-06,ACC-007,7,1,89,87,2,44,true
2026-06-06,ACC-008,8,0,49,48,1,25,true
2026-06-06,ACC-009,8,0,23,23,0,13,true
2026-06-06,ACC-010,9,0,103,101,2,59,true
2026-06-06,ACC-011,9,0,56,55,1,33,true
2026-06-06,ACC-012,10,1,26,26,0,12,true
2026-06-06,ACC-013,3,0,117,115,2,58,true
2026-06-06,ACC-014,3,0,47,46,1,24,true
2026-06-06,ACC-015,4,0,22,21,1,12,true
2026-06-06,ACC-016,4,0,98,96,2,56,true
2026-06-06,ACC-017,5,1,54,53,1,32,true
2026-06-06,ACC-018,6,0,25,24,1,12,true
2026-06-06,ACC-019,6,0,112,109,3,55,true
2026-06-06,ACC-020,7,0,61,60,1,32,true
2026-06-06,ACC-021,8,0,21,21,0,11,true
2026-06-06,ACC-022,8,1,94,92,2,54,true
2026-06-06,ACC-023,9,0,51,50,1,30,true
2026-06-06,ACC-024,9,0,24,24,0,11,true
2026-06-06,ACC-025,10,0,107,105,2,53,true
2026-06-06,ACC-026,3,0,59,58,1,31,true
2026-06-06,ACC-027,3,1,27,26,1,15,true
2026-06-06,ACC-028,4,0,89,87,2,51,true
2026-06-06,ACC-029,4,0,49,48,1,29,true
2026-06-06,ACC-030,5,0,23,22,1,11,true
2026-06-06,ACC-031,6,0,103,100,3,51,true
2026-06-06,ACC-032,6,1,56,55,1,29,true
2026-06-06,ACC-033,0,0,0,0,0,0,true
2026-06-06,ACC-034,0,0,0,0,0,0,true
2026-06-06,ACC-035,0,0,0,0,0,0,true
2026-06-06,ACC-036,0,0,0,0,0,0,true
2026-06-07,ACC-001,3,1,85,83,2,42,true
2026-06-07,ACC-002,3,0,47,46,1,24,true
2026-06-07,ACC-003,4,0,22,21,1,12,true
2026-06-07,ACC-004,5,0,97,95,2,55,true
2026-06-07,ACC-005,5,0,53,52,1,32,true
2026-06-07,ACC-006,6,1,24,23,1,11,true
2026-06-07,ACC-007,6,0,80,78,2,40,true
2026-06-07,ACC-008,7,0,44,43,1,23,true
2026-06-07,ACC-009,7,0,21,21,0,11,true
2026-06-07,ACC-010,8,0,93,91,2,53,true
2026-06-07,ACC-011,9,1,51,50,1,30,true
2026-06-07,ACC-012,9,0,24,24,0,11,true
2026-06-07,ACC-013,2,0,106,104,2,52,true
2026-06-07,ACC-014,3,0,42,41,1,22,true
2026-06-07,ACC-015,3,0,20,20,0,11,true
2026-06-07,ACC-016,4,1,89,87,2,51,true
2026-06-07,ACC-017,5,0,49,48,1,29,true
2026-06-07,ACC-018,5,0,23,22,1,11,true
2026-06-07,ACC-019,6,0,101,98,3,50,true
2026-06-07,ACC-020,6,0,55,54,1,29,true
2026-06-07,ACC-021,7,1,19,19,0,10,true
2026-06-07,ACC-022,7,0,85,83,2,48,true
2026-06-07,ACC-023,8,0,47,46,1,28,true
2026-06-07,ACC-024,9,0,22,22,0,10,true
2026-06-07,ACC-025,9,0,97,95,2,48,true
2026-06-07,ACC-026,2,1,53,52,1,28,true
2026-06-07,ACC-027,3,0,24,23,1,13,true
2026-06-07,ACC-028,3,0,80,78,2,46,true
2026-06-07,ACC-029,4,0,44,43,1,26,true
2026-06-07,ACC-030,5,0,21,21,0,10,true
2026-06-07,ACC-031,5,1,93,91,2,46,true
2026-06-07,ACC-032,6,0,51,50,1,27,true
2026-06-07,ACC-033,0,0,0,0,0,0,true
2026-06-07,ACC-034,0,0,0,0,0,0,true
2026-06-07,ACC-035,0,0,0,0,0,0,true
2026-06-07,ACC-036,0,0,0,0,0,0,true
2026-06-08,ACC-001,5,0,157,154,3,78,true
2026-06-08,ACC-002,6,0,87,85,2,45,true
2026-06-08,ACC-003,7,0,40,39,1,22,true
2026-06-08,ACC-004,8,0,181,178,3,103,true
2026-06-08,ACC-005,10,1,99,97,2,59,true
2026-06-08,ACC-006,11,0,46,45,1,22,true
2026-06-08,ACC-007,12,0,150,146,4,74,true
2026-06-08,ACC-008,13,0,82,80,2,43,true
2026-06-08,ACC-009,14,0,38,37,1,21,true
2026-06-08,ACC-010,15,1,173,169,4,99,true
2026-06-08,ACC-011,16,0,95,93,2,57,true
2026-06-08,ACC-012,17,0,44,43,1,21,true
2026-06-08,ACC-013,4,0,196,192,4,97,true
2026-06-08,ACC-014,5,0,78,76,2,41,true
2026-06-08,ACC-015,6,1,36,35,1,20,true
2026-06-08,ACC-016,7,0,165,162,3,94,true
2026-06-08,ACC-017,8,0,91,89,2,54,true
2026-06-08,ACC-018,10,0,42,41,1,20,true
2026-06-08,ACC-019,11,0,189,184,5,94,true
2026-06-08,ACC-020,12,1,103,101,2,54,true
2026-06-08,ACC-021,13,0,35,34,1,19,true
2026-06-08,ACC-022,14,0,157,153,4,89,true
2026-06-08,ACC-023,15,0,87,85,2,52,true
2026-06-08,ACC-024,16,0,40,39,1,19,true
2026-06-08,ACC-025,17,1,181,177,4,90,true
2026-06-08,ACC-026,4,0,99,97,2,51,true
2026-06-08,ACC-027,5,0,46,45,1,25,true
2026-06-08,ACC-028,6,0,150,147,3,85,true
2026-06-08,ACC-029,7,0,82,80,2,49,true
2026-06-08,ACC-030,8,1,38,37,1,18,true
2026-06-08,ACC-031,10,0,173,169,4,86,true
2026-06-08,ACC-032,11,0,95,93,2,49,true
2026-06-08,ACC-033,12,0,44,43,1,24,true
2026-06-08,ACC-034,0,0,0,0,0,0,true
2026-06-08,ACC-035,0,0,0,0,0,0,true
2026-06-08,ACC-036,0,0,0,0,0,0,true
2026-06-09,ACC-001,6,0,163,160,3,81,true
2026-06-09,ACC-002,7,0,90,88,2,47,true
2026-06-09,ACC-003,8,0,42,41,1,23,true
2026-06-09,ACC-004,9,1,188,184,4,107,true
2026-06-09,ACC-005,10,0,103,101,2,61,true
2026-06-09,ACC-006,11,0,47,46,1,22,true
2026-06-09,ACC-007,12,0,155,151,4,77,true
2026-06-09,ACC-008,13,0,86,84,2,45,true
2026-06-09,ACC-009,14,1,40,39,1,22,true
2026-06-09,ACC-010,15,0,179,175,4,102,true
2026-06-09,ACC-011,16,0,98,96,2,58,true
2026-06-09,ACC-012,18,0,45,44,1,21,true
2026-06-09,ACC-013,4,0,204,200,4,101,true
2026-06-09,ACC-014,6,1,81,79,2,42,true
2026-06-09,ACC-015,7,0,38,37,1,21,true
2026-06-09,ACC-016,8,0,171,168,3,97,true
2026-06-09,ACC-017,9,0,94,92,2,56,true
2026-06-09,ACC-018,10,0,43,42,1,20,true
2026-06-09,ACC-019,11,1,196,191,5,97,true
2026-06-09,ACC-020,12,0,107,105,2,56,true
2026-06-09,ACC-021,13,0,36,35,1,20,true
2026-06-09,ACC-022,14,0,163,159,4,93,true
2026-06-09,ACC-023,15,0,90,88,2,54,true
2026-06-09,ACC-024,16,1,42,41,1,20,true
2026-06-09,ACC-025,18,0,188,184,4,93,true
2026-06-09,ACC-026,4,0,103,101,2,54,true
2026-06-09,ACC-027,6,0,47,46,1,26,true
2026-06-09,ACC-028,7,0,155,152,3,88,true
2026-06-09,ACC-029,8,1,86,84,2,51,true
2026-06-09,ACC-030,9,0,40,39,1,19,true
2026-06-09,ACC-031,10,0,179,175,4,89,true
2026-06-09,ACC-032,11,0,98,96,2,51,true
2026-06-09,ACC-033,12,0,45,44,1,25,true
2026-06-09,ACC-034,0,0,0,0,0,0,true
2026-06-09,ACC-035,0,0,0,0,0,0,true
2026-06-09,ACC-036,0,0,0,0,0,0,true
2026-06-10,ACC-001,5,0,160,157,3,79,true
2026-06-10,ACC-002,6,0,88,86,2,46,true
2026-06-10,ACC-003,8,1,41,40,1,22,true
2026-06-10,ACC-004,9,0,184,181,3,105,true
2026-06-10,ACC-005,10,0,101,99,2,60,true
2026-06-10,ACC-006,11,0,46,45,1,22,true
2026-06-10,ACC-007,12,0,152,148,4,75,true
2026-06-10,ACC-008,13,1,84,82,2,44,true
2026-06-10,ACC-009,14,0,39,38,1,21,true
2026-06-10,ACC-010,15,0,176,172,4,100,true
2026-06-10,ACC-011,16,0,97,95,2,58,true
2026-06-10,ACC-012,17,0,45,44,1,21,true
2026-06-10,ACC-013,4,1,200,196,4,99,true
2026-06-10,ACC-014,5,0,80,78,2,42,true
2026-06-10,ACC-015,6,0,37,36,1,20,true
2026-06-10,ACC-016,8,0,168,165,3,96,true
2026-06-10,ACC-017,9,0,92,90,2,55,true
2026-06-10,ACC-018,10,1,43,42,1,20,true
2026-06-10,ACC-019,11,0,192,187,5,95,true
2026-06-10,ACC-020,12,0,105,103,2,55,true
2026-06-10,ACC-021,13,0,35,34,1,19,true
2026-06-10,ACC-022,14,0,160,156,4,91,true
2026-06-10,ACC-023,15,1,88,86,2,52,true
2026-06-10,ACC-024,16,0,41,40,1,19,true
2026-06-10,ACC-025,17,0,184,180,4,91,true
2026-06-10,ACC-026,4,0,101,99,2,53,true
2026-06-10,ACC-027,5,0,46,45,1,25,true
2026-06-10,ACC-028,6,1,152,149,3,87,true
2026-06-10,ACC-029,8,0,84,82,2,50,true
2026-06-10,ACC-030,9,0,39,38,1,18,true
2026-06-10,ACC-031,10,0,176,172,4,87,true
2026-06-10,ACC-032,11,0,97,95,2,50,true
2026-06-10,ACC-033,12,1,45,44,1,25,true
2026-06-10,ACC-034,0,0,0,0,0,0,true
2026-06-10,ACC-035,0,0,0,0,0,0,true
2026-06-10,ACC-036,0,0,0,0,0,0,true
2026-06-11,ACC-001,5,0,154,151,3,76,true
2026-06-11,ACC-002,6,1,85,83,2,44,true
2026-06-11,ACC-003,7,0,39,38,1,21,true
2026-06-11,ACC-004,8,0,177,174,3,101,true
2026-06-11,ACC-005,9,0,97,95,2,58,true
2026-06-11,ACC-006,10,0,45,44,1,21,true
2026-06-11,ACC-007,11,1,147,143,4,73,true
2026-06-11,ACC-008,12,0,81,79,2,42,true
2026-06-11,ACC-009,14,0,38,37,1,21,true
2026-06-11,ACC-010,15,0,170,166,4,97,true
2026-06-11,ACC-011,16,0,93,91,2,55,true
2026-06-11,ACC-012,17,1,43,42,1,20,true
2026-06-11,ACC-013,4,0,193,189,4,96,true
2026-06-11,ACC-014,5,0,77,75,2,40,true
2026-06-11,ACC-015,6,0,36,35,1,20,true
2026-06-11,ACC-016,7,0,162,159,3,92,true
2026-06-11,ACC-017,8,1,89,87,2,53,true
2026-06-11,ACC-018,9,0,41,40,1,19,true
2026-06-11,ACC-019,10,0,185,180,5,92,true
2026-06-11,ACC-020,11,0,101,99,2,53,true
2026-06-11,ACC-021,12,0,34,33,1,19,true
2026-06-11,ACC-022,14,1,154,150,4,88,true
2026-06-11,ACC-023,15,0,85,83,2,51,true
2026-06-11,ACC-024,16,0,39,38,1,18,true
2026-06-11,ACC-025,17,0,177,173,4,88,true
2026-06-11,ACC-026,4,0,97,95,2,50,true
2026-06-11,ACC-027,5,1,45,44,1,25,true
2026-06-11,ACC-028,6,0,147,144,3,84,true
2026-06-11,ACC-029,7,0,81,79,2,48,true
2026-06-11,ACC-030,8,0,38,37,1,18,true
2026-06-11,ACC-031,9,0,170,166,4,84,true
2026-06-11,ACC-032,10,1,93,91,2,48,true
2026-06-11,ACC-033,11,0,43,42,1,23,true
2026-06-11,ACC-034,0,0,0,0,0,0,true
2026-06-11,ACC-035,0,0,0,0,0,0,true
2026-06-11,ACC-036,0,0,0,0,0,0,true
2026-06-12,ACC-001,5,1,138,135,3,68,true
2026-06-12,ACC-002,6,0,76,74,2,40,true
2026-06-12,ACC-003,7,0,35,34,1,19,true
2026-06-12,ACC-004,7,0,159,156,3,91,true
2026-06-12,ACC-005,8,0,87,85,2,52,true
2026-06-12,ACC-006,9,1,40,39,1,19,true
2026-06-12,ACC-007,10,0,131,128,3,65,true
2026-06-12,ACC-008,11,0,72,71,1,37,true
2026-06-12,ACC-009,12,0,34,33,1,19,true
2026-06-12,ACC-010,13,0,152,149,3,87,true
2026-06-12,ACC-011,14,1,83,81,2,49,true
2026-06-12,ACC-012,15,0,38,37,1,18,true
2026-06-12,ACC-013,4,0,172,168,4,85,true
2026-06-12,ACC-014,5,0,69,67,2,36,true
2026-06-12,ACC-015,6,0,32,31,1,17,true
2026-06-12,ACC-016,7,1,145,142,3,83,true
2026-06-12,ACC-017,7,0,80,78,2,48,true
2026-06-12,ACC-018,8,0,37,36,1,17,true
2026-06-12,ACC-019,9,0,165,161,4,82,true
2026-06-12,ACC-020,10,0,90,88,2,47,true
2026-06-12,ACC-021,11,1,30,29,1,16,true
2026-06-12,ACC-022,12,0,138,135,3,79,true
2026-06-12,ACC-023,13,0,76,74,2,45,true
2026-06-12,ACC-024,14,0,35,34,1,16,true
2026-06-12,ACC-025,15,0,159,156,3,79,true
2026-06-12,ACC-026,4,1,87,85,2,45,true
2026-06-12,ACC-027,5,0,40,39,1,22,true
2026-06-12,ACC-028,6,0,131,129,2,75,true
2026-06-12,ACC-029,7,0,72,70,2,43,true
2026-06-12,ACC-030,7,0,34,33,1,16,true
2026-06-12,ACC-031,8,1,152,148,4,75,true
2026-06-12,ACC-032,9,0,83,81,2,43,true
2026-06-12,ACC-033,10,0,38,37,1,21,true
2026-06-12,ACC-034,0,0,0,0,0,0,true
2026-06-12,ACC-035,0,0,0,0,0,0,true
2026-06-12,ACC-036,0,0,0,0,0,0,true
2026-06-13,ACC-001,3,0,94,92,2,47,true
2026-06-13,ACC-002,4,0,51,50,1,27,true
2026-06-13,ACC-003,4,0,24,23,1,13,true
2026-06-13,ACC-004,5,0,107,105,2,61,true
2026-06-13,ACC-005,6,1,59,58,1,35,true
2026-06-13,ACC-006,6,0,27,26,1,13,true
2026-06-13,ACC-007,7,0,89,87,2,44,true
2026-06-13,ACC-008,8,0,49,48,1,25,true
2026-06-13,ACC-009,8,0,23,23,0,13,true
2026-06-13,ACC-010,9,1,103,101,2,59,true
2026-06-13,ACC-011,9,0,56,55,1,33,true
2026-06-13,ACC-012,10,0,26,26,0,12,true
2026-06-13,ACC-013,3,0,117,115,2,58,true
2026-06-13,ACC-014,3,0,47,46,1,24,true
2026-06-13,ACC-015,4,1,22,21,1,12,true
2026-06-13,ACC-016,4,0,98,96,2,56,true
2026-06-13,ACC-017,5,0,54,53,1,32,true
2026-06-13,ACC-018,6,0,25,24,1,12,true
2026-06-13,ACC-019,6,0,112,109,3,55,true
2026-06-13,ACC-020,7,1,61,60,1,32,true
2026-06-13,ACC-021,8,0,21,21,0,11,true
2026-06-13,ACC-022,8,0,94,92,2,54,true
2026-06-13,ACC-023,9,0,51,50,1,30,true
2026-06-13,ACC-024,9,0,24,24,0,11,true
2026-06-13,ACC-025,10,1,107,105,2,53,true
2026-06-13,ACC-026,3,0,59,58,1,31,true
2026-06-13,ACC-027,3,0,27,26,1,15,true
2026-06-13,ACC-028,4,0,89,87,2,51,true
2026-06-13,ACC-029,4,0,49,48,1,29,true
2026-06-13,ACC-030,5,1,23,22,1,11,true
2026-06-13,ACC-031,6,0,103,100,3,51,true
2026-06-13,ACC-032,6,0,56,55,1,29,true
2026-06-13,ACC-033,7,0,26,25,1,14,true
2026-06-13,ACC-034,0,0,0,0,0,0,true
2026-06-13,ACC-035,0,0,0,0,0,0,true
2026-06-13,ACC-036,0,0,0,0,0,0,true
2026-06-14,ACC-001,3,0,85,83,2,42,true
2026-06-14,ACC-002,3,0,47,46,1,24,true
2026-06-14,ACC-003,4,0,22,21,1,12,true
2026-06-14,ACC-004,5,1,97,95,2,55,true
2026-06-14,ACC-005,5,0,53,52,1,32,true
2026-06-14,ACC-006,6,0,24,23,1,11,true
2026-06-14,ACC-007,6,0,80,78,2,40,true
2026-06-14,ACC-008,7,0,44,43,1,23,true
2026-06-14,ACC-009,7,1,21,21,0,11,true
2026-06-14,ACC-010,8,0,93,91,2,53,true
2026-06-14,ACC-011,9,0,51,50,1,30,true
2026-06-14,ACC-012,9,0,24,24,0,11,true
2026-06-14,ACC-013,2,0,106,104,2,52,true
2026-06-14,ACC-014,3,1,42,41,1,22,true
2026-06-14,ACC-015,3,0,20,20,0,11,true
2026-06-14,ACC-016,4,0,89,87,2,51,true
2026-06-14,ACC-017,5,0,49,48,1,29,true
2026-06-14,ACC-018,5,0,23,22,1,11,true
2026-06-14,ACC-019,6,1,101,98,3,50,true
2026-06-14,ACC-020,6,0,55,54,1,29,true
2026-06-14,ACC-021,7,0,19,19,0,10,true
2026-06-14,ACC-022,7,0,85,83,2,48,true
2026-06-14,ACC-023,8,0,47,46,1,28,true
2026-06-14,ACC-024,9,1,22,22,0,10,true
2026-06-14,ACC-025,9,0,97,95,2,48,true
2026-06-14,ACC-026,2,0,53,52,1,28,true
2026-06-14,ACC-027,3,0,24,23,1,13,true
2026-06-14,ACC-028,3,0,80,78,2,46,true
2026-06-14,ACC-029,4,1,44,43,1,26,true
2026-06-14,ACC-030,5,0,21,21,0,10,true
2026-06-14,ACC-031,5,0,93,91,2,46,true
2026-06-14,ACC-032,6,0,51,50,1,27,true
2026-06-14,ACC-033,6,0,24,23,1,13,true
2026-06-14,ACC-034,0,0,0,0,0,0,true
2026-06-14,ACC-035,0,0,0,0,0,0,true
2026-06-14,ACC-036,0,0,0,0,0,0,true
2026-06-15,ACC-001,5,0,157,154,3,78,true
2026-06-15,ACC-002,6,0,87,85,2,45,true
2026-06-15,ACC-003,7,1,40,39,1,22,true
2026-06-15,ACC-004,8,0,181,178,3,103,true
2026-06-15,ACC-005,10,0,99,97,2,59,true
2026-06-15,ACC-006,11,0,46,45,1,22,true
2026-06-15,ACC-007,12,0,150,146,4,74,true
2026-06-15,ACC-008,13,1,82,80,2,43,true
2026-06-15,ACC-009,14,0,38,37,1,21,true
2026-06-15,ACC-010,15,0,173,169,4,99,true
2026-06-15,ACC-011,16,0,95,93,2,57,true
2026-06-15,ACC-012,17,0,44,43,1,21,true
2026-06-15,ACC-013,4,1,196,192,4,97,true
2026-06-15,ACC-014,5,0,78,76,2,41,true
2026-06-15,ACC-015,6,0,36,35,1,20,true
2026-06-15,ACC-016,7,0,165,162,3,94,true
2026-06-15,ACC-017,8,0,91,89,2,54,true
2026-06-15,ACC-018,10,1,42,41,1,20,true
2026-06-15,ACC-019,11,0,189,184,5,94,true
2026-06-15,ACC-020,12,0,103,101,2,54,true
2026-06-15,ACC-021,13,0,35,34,1,19,true
2026-06-15,ACC-022,14,0,157,153,4,89,true
2026-06-15,ACC-023,15,1,87,85,2,52,true
2026-06-15,ACC-024,16,0,40,39,1,19,true
2026-06-15,ACC-025,17,0,181,177,4,90,true
2026-06-15,ACC-026,4,0,99,97,2,51,true
2026-06-15,ACC-027,5,0,46,45,1,25,true
2026-06-15,ACC-028,6,1,150,147,3,85,true
2026-06-15,ACC-029,7,0,82,80,2,49,true
2026-06-15,ACC-030,8,0,38,37,1,18,true
2026-06-15,ACC-031,10,0,173,169,4,86,true
2026-06-15,ACC-032,11,0,95,93,2,49,true
2026-06-15,ACC-033,12,1,44,43,1,24,true
2026-06-15,ACC-034,0,0,0,0,0,0,true
2026-06-15,ACC-035,0,0,0,0,0,0,true
2026-06-15,ACC-036,0,0,0,0,0,0,true
2026-06-16,ACC-001,6,0,163,160,3,81,true
2026-06-16,ACC-002,7,1,90,88,2,47,true
2026-06-16,ACC-003,8,0,42,41,1,23,true
2026-06-16,ACC-004,9,0,188,184,4,107,true
2026-06-16,ACC-005,10,0,103,101,2,61,true
2026-06-16,ACC-006,11,0,47,46,1,22,true
2026-06-16,ACC-007,12,1,155,151,4,77,true
2026-06-16,ACC-008,13,0,86,84,2,45,true
2026-06-16,ACC-009,14,0,40,39,1,22,true
2026-06-16,ACC-010,15,0,179,175,4,102,true
2026-06-16,ACC-011,16,0,98,96,2,58,true
2026-06-16,ACC-012,18,1,45,44,1,21,true
2026-06-16,ACC-013,4,0,204,200,4,101,true
2026-06-16,ACC-014,6,0,81,79,2,42,true
2026-06-16,ACC-015,7,0,38,37,1,21,true
2026-06-16,ACC-016,8,0,171,168,3,97,true
2026-06-16,ACC-017,9,1,94,92,2,56,true
2026-06-16,ACC-018,10,0,43,42,1,20,true
2026-06-16,ACC-019,11,0,196,191,5,97,true
2026-06-16,ACC-020,12,0,107,105,2,56,true
2026-06-16,ACC-021,13,0,36,35,1,20,true
2026-06-16,ACC-022,14,1,163,159,4,93,true
2026-06-16,ACC-023,15,0,90,88,2,54,true
2026-06-16,ACC-024,16,0,42,41,1,20,true
2026-06-16,ACC-025,18,0,188,184,4,93,true
2026-06-16,ACC-026,4,0,103,101,2,54,true
2026-06-16,ACC-027,6,1,47,46,1,26,true
2026-06-16,ACC-028,7,0,155,152,3,88,true
2026-06-16,ACC-029,8,0,86,84,2,51,true
2026-06-16,ACC-030,9,0,40,39,1,19,true
2026-06-16,ACC-031,10,0,179,175,4,89,true
2026-06-16,ACC-032,11,1,98,96,2,51,true
2026-06-16,ACC-033,12,0,45,44,1,25,true
2026-06-16,ACC-034,0,0,0,0,0,0,true
2026-06-16,ACC-035,0,0,0,0,0,0,true
2026-06-16,ACC-036,0,0,0,0,0,0,true
2026-06-17,ACC-001,5,1,160,157,3,79,true
2026-06-17,ACC-002,6,0,88,86,2,46,true
2026-06-17,ACC-003,8,0,41,40,1,22,true
2026-06-17,ACC-004,9,0,184,181,3,105,true
2026-06-17,ACC-005,10,0,101,99,2,60,true
2026-06-17,ACC-006,11,1,46,45,1,22,true
2026-06-17,ACC-007,12,0,152,148,4,75,true
2026-06-17,ACC-008,13,0,84,82,2,44,true
2026-06-17,ACC-009,14,0,39,38,1,21,true
2026-06-17,ACC-010,15,0,176,172,4,100,true
2026-06-17,ACC-011,16,1,97,95,2,58,true
2026-06-17,ACC-012,17,0,45,44,1,21,true
2026-06-17,ACC-013,4,0,200,196,4,99,true
2026-06-17,ACC-014,5,0,80,78,2,42,true
2026-06-17,ACC-015,6,0,37,36,1,20,true
2026-06-17,ACC-016,8,1,168,165,3,96,true
2026-06-17,ACC-017,9,0,92,90,2,55,true
2026-06-17,ACC-018,10,0,43,42,1,20,true
2026-06-17,ACC-019,11,0,192,187,5,95,true
2026-06-17,ACC-020,12,0,105,103,2,55,true
2026-06-17,ACC-021,13,1,35,34,1,19,true
2026-06-17,ACC-022,14,0,160,156,4,91,true
2026-06-17,ACC-023,15,0,88,86,2,52,true
2026-06-17,ACC-024,16,0,41,40,1,19,true
2026-06-17,ACC-025,17,0,184,180,4,91,true
2026-06-17,ACC-026,4,1,101,99,2,53,true
2026-06-17,ACC-027,5,0,46,45,1,25,true
2026-06-17,ACC-028,6,0,152,149,3,87,true
2026-06-17,ACC-029,8,0,84,82,2,50,true
2026-06-17,ACC-030,9,0,39,38,1,18,true
2026-06-17,ACC-031,10,1,176,172,4,87,true
2026-06-17,ACC-032,11,0,97,95,2,50,true
2026-06-17,ACC-033,12,0,45,44,1,25,true
2026-06-17,ACC-034,0,0,0,0,0,0,true
2026-06-17,ACC-035,0,0,0,0,0,0,true
2026-06-17,ACC-036,0,0,0,0,0,0,true
2026-06-18,ACC-001,5,0,154,151,3,76,true
2026-06-18,ACC-002,6,0,85,83,2,44,true
2026-06-18,ACC-003,7,0,39,38,1,21,true
2026-06-18,ACC-004,8,0,177,174,3,101,true
2026-06-18,ACC-005,9,1,97,95,2,58,true
2026-06-18,ACC-006,10,0,45,44,1,21,true
2026-06-18,ACC-007,11,0,147,143,4,73,true
2026-06-18,ACC-008,12,0,81,79,2,42,true
2026-06-18,ACC-009,14,0,38,37,1,21,true
2026-06-18,ACC-010,15,1,170,166,4,97,true
2026-06-18,ACC-011,16,0,93,91,2,55,true
2026-06-18,ACC-012,17,0,43,42,1,20,true
2026-06-18,ACC-013,4,0,193,189,4,96,true
2026-06-18,ACC-014,5,0,77,75,2,40,true
2026-06-18,ACC-015,6,1,36,35,1,20,true
2026-06-18,ACC-016,7,0,162,159,3,92,true
2026-06-18,ACC-017,8,0,89,87,2,53,true
2026-06-18,ACC-018,9,0,41,40,1,19,true
2026-06-18,ACC-019,10,0,185,180,5,92,true
2026-06-18,ACC-020,11,1,101,99,2,53,true
2026-06-18,ACC-021,12,0,34,33,1,19,true
2026-06-18,ACC-022,14,0,154,150,4,88,true
2026-06-18,ACC-023,15,0,85,83,2,51,true
2026-06-18,ACC-024,16,0,39,38,1,18,true
2026-06-18,ACC-025,17,1,177,173,4,88,true
2026-06-18,ACC-026,4,0,97,95,2,50,true
2026-06-18,ACC-027,5,0,45,44,1,25,true
2026-06-18,ACC-028,6,0,147,144,3,84,true
2026-06-18,ACC-029,7,0,81,79,2,48,true
2026-06-18,ACC-030,8,1,38,37,1,18,true
2026-06-18,ACC-031,9,0,170,166,4,84,true
2026-06-18,ACC-032,10,0,93,91,2,48,true
2026-06-18,ACC-033,11,0,43,42,1,23,true
2026-06-18,ACC-034,0,0,0,0,0,0,true
2026-06-18,ACC-035,0,0,0,0,0,0,true
2026-06-18,ACC-036,0,0,0,0,0,0,true
2026-06-19,ACC-001,5,0,138,135,3,68,true
2026-06-19,ACC-002,6,0,76,74,2,40,true
2026-06-19,ACC-003,7,0,35,34,1,19,true
2026-06-19,ACC-004,7,1,159,156,3,91,true
2026-06-19,ACC-005,8,0,87,85,2,52,true
2026-06-19,ACC-006,9,0,40,39,1,19,true
2026-06-19,ACC-007,10,0,131,128,3,65,true
2026-06-19,ACC-008,11,0,72,71,1,37,true
2026-06-19,ACC-009,12,1,34,33,1,19,true
2026-06-19,ACC-010,13,0,152,149,3,87,true
2026-06-19,ACC-011,14,0,83,81,2,49,true
2026-06-19,ACC-012,15,0,38,37,1,18,true
2026-06-19,ACC-013,4,0,172,168,4,85,true
2026-06-19,ACC-014,5,1,69,67,2,36,true
2026-06-19,ACC-015,6,0,32,31,1,17,true
2026-06-19,ACC-016,7,0,145,142,3,83,true
2026-06-19,ACC-017,7,0,80,78,2,48,true
2026-06-19,ACC-018,8,0,37,36,1,17,true
2026-06-19,ACC-019,9,1,165,161,4,82,true
2026-06-19,ACC-020,10,0,90,88,2,47,true
2026-06-19,ACC-021,11,0,30,29,1,16,true
2026-06-19,ACC-022,12,0,138,135,3,79,true
2026-06-19,ACC-023,13,0,76,74,2,45,true
2026-06-19,ACC-024,14,1,35,34,1,16,true
2026-06-19,ACC-025,15,0,159,156,3,79,true
2026-06-19,ACC-026,4,0,87,85,2,45,true
2026-06-19,ACC-027,5,0,40,39,1,22,true
2026-06-19,ACC-028,6,0,131,129,2,75,true
2026-06-19,ACC-029,7,1,72,70,2,43,true
2026-06-19,ACC-030,7,0,34,33,1,16,true
2026-06-19,ACC-031,8,0,152,148,4,75,true
2026-06-19,ACC-032,9,0,83,81,2,43,true
2026-06-19,ACC-033,10,0,38,37,1,21,true
2026-06-19,ACC-034,0,0,0,0,0,0,true
2026-06-19,ACC-035,0,0,0,0,0,0,true
2026-06-19,ACC-036,0,0,0,0,0,0,true
2026-06-20,ACC-001,3,0,94,92,2,47,true
2026-06-20,ACC-002,4,0,51,50,1,27,true
2026-06-20,ACC-003,4,1,24,23,1,13,true
2026-06-20,ACC-004,5,0,107,105,2,61,true
2026-06-20,ACC-005,6,0,59,58,1,35,true
2026-06-20,ACC-006,6,0,27,26,1,13,true
2026-06-20,ACC-007,7,0,89,87,2,44,true
2026-06-20,ACC-008,8,1,49,48,1,25,true
2026-06-20,ACC-009,8,0,23,23,0,13,true
2026-06-20,ACC-010,9,0,103,101,2,59,true
2026-06-20,ACC-011,9,0,56,55,1,33,true
2026-06-20,ACC-012,10,0,26,26,0,12,true
2026-06-20,ACC-013,3,1,117,115,2,58,true
2026-06-20,ACC-014,3,0,47,46,1,24,true
2026-06-20,ACC-015,4,0,22,21,1,12,true
2026-06-20,ACC-016,4,0,98,96,2,56,true
2026-06-20,ACC-017,5,0,54,53,1,32,true
2026-06-20,ACC-018,6,1,25,24,1,12,true
2026-06-20,ACC-019,6,0,112,109,3,55,true
2026-06-20,ACC-020,7,0,61,60,1,32,true
2026-06-20,ACC-021,8,0,21,21,0,11,true
2026-06-20,ACC-022,8,0,94,92,2,54,true
2026-06-20,ACC-023,9,1,51,50,1,30,true
2026-06-20,ACC-024,9,0,24,24,0,11,true
2026-06-20,ACC-025,10,0,107,105,2,53,true
2026-06-20,ACC-026,3,0,59,58,1,31,true
2026-06-20,ACC-027,3,0,27,26,1,15,true
2026-06-20,ACC-028,4,1,89,87,2,51,true
2026-06-20,ACC-029,4,0,49,48,1,29,true
2026-06-20,ACC-030,5,0,23,22,1,11,true
2026-06-20,ACC-031,6,0,103,100,3,51,true
2026-06-20,ACC-032,6,0,56,55,1,29,true
2026-06-20,ACC-033,7,1,26,25,1,14,true
2026-06-20,ACC-034,0,0,0,0,0,0,true
2026-06-20,ACC-035,0,0,0,0,0,0,true
2026-06-20,ACC-036,0,0,0,0,0,0,true
2026-06-21,ACC-001,3,0,85,83,2,42,true
2026-06-21,ACC-002,3,1,47,46,1,24,true
2026-06-21,ACC-003,4,0,22,21,1,12,true
2026-06-21,ACC-004,5,0,97,95,2,55,true
2026-06-21,ACC-005,5,0,53,52,1,32,true
2026-06-21,ACC-006,6,0,24,23,1,11,true
2026-06-21,ACC-007,6,1,80,78,2,40,true
2026-06-21,ACC-008,7,0,44,43,1,23,true
2026-06-21,ACC-009,7,0,21,21,0,11,true
2026-06-21,ACC-010,8,0,93,91,2,53,true
2026-06-21,ACC-011,9,0,51,50,1,30,true
2026-06-21,ACC-012,9,1,24,24,0,11,true
2026-06-21,ACC-013,2,0,106,104,2,52,true
2026-06-21,ACC-014,3,0,42,41,1,22,true
2026-06-21,ACC-015,3,0,20,20,0,11,true
2026-06-21,ACC-016,4,0,89,87,2,51,true
2026-06-21,ACC-017,5,1,49,48,1,29,true
2026-06-21,ACC-018,5,0,23,22,1,11,true
2026-06-21,ACC-019,6,0,101,98,3,50,true
2026-06-21,ACC-020,6,0,55,54,1,29,true
2026-06-21,ACC-021,7,0,19,19,0,10,true
2026-06-21,ACC-022,7,1,85,83,2,48,true
2026-06-21,ACC-023,8,0,47,46,1,28,true
2026-06-21,ACC-024,9,0,22,22,0,10,true
2026-06-21,ACC-025,9,0,97,95,2,48,true
2026-06-21,ACC-026,2,0,53,52,1,28,true
2026-06-21,ACC-027,3,1,24,23,1,13,true
2026-06-21,ACC-028,3,0,80,78,2,46,true
2026-06-21,ACC-029,4,0,44,43,1,26,true
2026-06-21,ACC-030,5,0,21,21,0,10,true
2026-06-21,ACC-031,5,0,93,91,2,46,true
2026-06-21,ACC-032,6,1,51,50,1,27,true
2026-06-21,ACC-033,6,0,24,23,1,13,true
2026-06-21,ACC-034,0,0,0,0,0,0,true
2026-06-21,ACC-035,0,0,0,0,0,0,true
2026-06-21,ACC-036,0,0,0,0,0,0,true
2026-06-22,ACC-001,5,1,159,156,3,79,true
2026-06-22,ACC-002,6,0,88,86,2,46,true
2026-06-22,ACC-003,7,0,41,40,1,22,true
2026-06-22,ACC-004,8,0,183,180,3,104,true
2026-06-22,ACC-005,10,0,100,98,2,60,true
2026-06-22,ACC-006,11,1,46,45,1,22,true
2026-06-22,ACC-007,12,0,151,147,4,75,true
2026-06-22,ACC-008,13,0,83,81,2,43,true
2026-06-22,ACC-009,14,0,39,38,1,21,true
2026-06-22,ACC-010,15,0,175,171,4,100,true
2026-06-22,ACC-011,16,1,96,94,2,57,true
2026-06-22,ACC-012,17,0,44,43,1,21,true
2026-06-22,ACC-013,4,0,199,195,4,99,true
2026-06-22,ACC-014,5,0,79,77,2,41,true
2026-06-22,ACC-015,6,0,37,36,1,20,true
2026-06-22,ACC-016,7,1,167,164,3,95,true
2026-06-22,ACC-017,8,0,92,90,2,55,true
2026-06-22,ACC-018,10,0,42,41,1,20,true
2026-06-22,ACC-019,11,0,191,186,5,95,true
2026-06-22,ACC-020,12,0,104,102,2,54,true
2026-06-22,ACC-021,13,1,35,34,1,19,true
2026-06-22,ACC-022,14,0,159,155,4,91,true
2026-06-22,ACC-023,15,0,88,86,2,52,true
2026-06-22,ACC-024,16,0,41,40,1,19,true
2026-06-22,ACC-025,17,0,183,179,4,91,true
2026-06-22,ACC-026,4,1,100,98,2,52,true
2026-06-22,ACC-027,5,0,46,45,1,25,true
2026-06-22,ACC-028,6,0,151,148,3,86,true
2026-06-22,ACC-029,7,0,83,81,2,49,true
2026-06-22,ACC-030,8,0,39,38,1,18,true
2026-06-22,ACC-031,10,1,175,171,4,87,true
2026-06-22,ACC-032,11,0,96,94,2,50,true
2026-06-22,ACC-033,12,0,44,43,1,24,true
2026-06-22,ACC-034,0,0,0,0,0,0,true
2026-06-22,ACC-035,0,0,0,0,0,0,true
2026-06-22,ACC-036,0,0,0,0,0,0,true
2026-06-23,ACC-001,6,0,165,162,3,82,true
2026-06-23,ACC-002,7,0,91,89,2,47,true
2026-06-23,ACC-003,8,0,42,41,1,23,true
2026-06-23,ACC-004,9,0,190,186,4,108,true
2026-06-23,ACC-005,10,1,104,102,2,62,true
2026-06-23,ACC-006,11,0,48,47,1,23,true
2026-06-23,ACC-007,12,0,157,153,4,78,true
2026-06-23,ACC-008,13,0,87,85,2,45,true
2026-06-23,ACC-009,14,0,40,39,1,22,true
2026-06-23,ACC-010,15,1,182,178,4,104,true
2026-06-23,ACC-011,16,0,100,98,2,60,true
2026-06-23,ACC-012,18,0,46,45,1,22,true
2026-06-23,ACC-013,4,0,206,202,4,102,true
2026-06-23,ACC-014,6,0,82,80,2,43,true
2026-06-23,ACC-015,7,1,38,37,1,21,true
2026-06-23,ACC-016,8,0,173,170,3,99,true
2026-06-23,ACC-017,9,0,95,93,2,57,true
2026-06-23,ACC-018,10,0,44,43,1,21,true
2026-06-23,ACC-019,11,0,198,193,5,98,true
2026-06-23,ACC-020,12,1,108,106,2,56,true
2026-06-23,ACC-021,13,0,36,35,1,20,true
2026-06-23,ACC-022,14,0,165,161,4,94,true
2026-06-23,ACC-023,15,0,91,89,2,54,true
2026-06-23,ACC-024,16,0,42,41,1,20,true
2026-06-23,ACC-025,18,1,190,186,4,94,true
2026-06-23,ACC-026,4,0,104,102,2,54,true
2026-06-23,ACC-027,6,0,48,47,1,26,true
2026-06-23,ACC-028,7,0,157,154,3,89,true
2026-06-23,ACC-029,8,0,87,85,2,52,true
2026-06-23,ACC-030,9,1,40,39,1,19,true
2026-06-23,ACC-031,10,0,182,177,5,90,true
2026-06-23,ACC-032,11,0,100,98,2,52,true
2026-06-23,ACC-033,12,0,46,45,1,25,true
2026-06-23,ACC-034,0,0,0,0,0,0,true
2026-06-23,ACC-035,0,0,0,0,0,0,true
2026-06-23,ACC-036,0,0,0,0,0,0,true
2026-06-24,ACC-001,5,0,162,159,3,80,true
2026-06-24,ACC-002,6,0,89,87,2,46,true
2026-06-24,ACC-003,8,0,41,40,1,22,true
2026-06-24,ACC-004,9,1,186,182,4,106,true
2026-06-24,ACC-005,10,0,102,100,2,61,true
2026-06-24,ACC-006,11,0,47,46,1,22,true
2026-06-24,ACC-007,12,0,154,150,4,76,true
2026-06-24,ACC-008,13,0,85,83,2,44,true
2026-06-24,ACC-009,14,1,39,38,1,21,true
2026-06-24,ACC-010,15,0,178,174,4,101,true
2026-06-24,ACC-011,16,0,98,96,2,58,true
2026-06-24,ACC-012,17,0,45,44,1,21,true
2026-06-24,ACC-013,4,0,203,199,4,100,true
2026-06-24,ACC-014,5,1,81,79,2,42,true
2026-06-24,ACC-015,6,0,38,37,1,21,true
2026-06-24,ACC-016,8,0,170,167,3,97,true
2026-06-24,ACC-017,9,0,94,92,2,56,true
2026-06-24,ACC-018,10,0,43,42,1,20,true
2026-06-24,ACC-019,11,1,194,189,5,96,true
2026-06-24,ACC-020,12,0,106,104,2,55,true
2026-06-24,ACC-021,13,0,36,35,1,20,true
2026-06-24,ACC-022,14,0,162,158,4,92,true
2026-06-24,ACC-023,15,0,89,87,2,53,true
2026-06-24,ACC-024,16,1,41,40,1,19,true
2026-06-24,ACC-025,17,0,186,182,4,92,true
2026-06-24,ACC-026,4,0,102,100,2,53,true
2026-06-24,ACC-027,5,0,47,46,1,26,true
2026-06-24,ACC-028,6,0,154,151,3,88,true
2026-06-24,ACC-029,8,1,85,83,2,51,true
2026-06-24,ACC-030,9,0,39,38,1,18,true
2026-06-24,ACC-031,10,0,178,174,4,88,true
2026-06-24,ACC-032,11,0,98,96,2,51,true
2026-06-24,ACC-033,12,0,45,44,1,25,true
2026-06-24,ACC-034,13,1,203,198,5,116,true
2026-06-24,ACC-035,0,0,0,0,0,0,true
2026-06-24,ACC-036,0,0,0,0,0,0,true
2026-06-25,ACC-001,5,0,156,153,3,77,true
2026-06-25,ACC-002,6,0,86,84,2,45,true
2026-06-25,ACC-003,7,1,40,39,1,22,true
2026-06-25,ACC-004,8,0,180,177,3,103,true
2026-06-25,ACC-005,9,0,98,96,2,58,true
2026-06-25,ACC-006,10,0,45,44,1,21,true
2026-06-25,ACC-007,11,0,148,144,4,73,true
2026-06-25,ACC-008,12,1,82,80,2,43,true
2026-06-25,ACC-009,14,0,38,37,1,21,true
2026-06-25,ACC-010,15,0,172,168,4,98,true
2026-06-25,ACC-011,16,0,94,92,2,56,true
2026-06-25,ACC-012,17,0,43,42,1,20,true
2026-06-25,ACC-013,4,1,195,191,4,97,true
2026-06-25,ACC-014,5,0,78,76,2,41,true
2026-06-25,ACC-015,6,0,36,35,1,20,true
2026-06-25,ACC-016,7,0,164,161,3,93,true
2026-06-25,ACC-017,8,0,90,88,2,54,true
2026-06-25,ACC-018,9,1,42,41,1,20,true
2026-06-25,ACC-019,10,0,187,182,5,93,true
2026-06-25,ACC-020,11,0,102,100,2,53,true
2026-06-25,ACC-021,12,0,34,33,1,19,true
2026-06-25,ACC-022,14,0,156,152,4,89,true
2026-06-25,ACC-023,15,1,86,84,2,51,true
2026-06-25,ACC-024,16,0,40,39,1,19,true
2026-06-25,ACC-025,17,0,180,176,4,89,true
2026-06-25,ACC-026,4,0,98,96,2,51,true
2026-06-25,ACC-027,5,0,45,44,1,25,true
2026-06-25,ACC-028,6,1,148,145,3,84,true
2026-06-25,ACC-029,7,0,82,80,2,49,true
2026-06-25,ACC-030,8,0,38,37,1,18,true
2026-06-25,ACC-031,9,0,172,168,4,85,true
2026-06-25,ACC-032,10,0,94,92,2,49,true
2026-06-25,ACC-033,11,1,43,42,1,23,true
2026-06-25,ACC-034,12,0,195,191,4,111,true
2026-06-25,ACC-035,0,0,0,0,0,0,true
2026-06-25,ACC-036,0,0,0,0,0,0,true
2026-06-26,ACC-001,5,0,140,137,3,69,true
2026-06-26,ACC-002,6,1,77,75,2,40,true
2026-06-26,ACC-003,7,0,36,35,1,20,true
2026-06-26,ACC-004,7,0,161,158,3,92,true
2026-06-26,ACC-005,8,0,88,86,2,52,true
2026-06-26,ACC-006,9,0,40,39,1,19,true
2026-06-26,ACC-007,10,1,133,130,3,66,true
2026-06-26,ACC-008,11,0,73,72,1,38,true
2026-06-26,ACC-009,12,0,34,33,1,19,true
2026-06-26,ACC-010,13,0,154,150,4,88,true
2026-06-26,ACC-011,14,0,84,82,2,50,true
2026-06-26,ACC-012,15,1,39,38,1,18,true
2026-06-26,ACC-013,4,0,174,170,4,86,true
2026-06-26,ACC-014,5,0,70,68,2,36,true
2026-06-26,ACC-015,6,0,32,31,1,17,true
2026-06-26,ACC-016,7,0,147,144,3,84,true
2026-06-26,ACC-017,7,1,81,79,2,48,true
2026-06-26,ACC-018,8,0,37,36,1,17,true
2026-06-26,ACC-019,9,0,167,163,4,83,true
2026-06-26,ACC-020,10,0,91,89,2,47,true
2026-06-26,ACC-021,11,0,31,30,1,17,true
2026-06-26,ACC-022,12,1,140,137,3,80,true
2026-06-26,ACC-023,13,0,77,75,2,46,true
2026-06-26,ACC-024,14,0,36,35,1,17,true
2026-06-26,ACC-025,15,0,161,158,3,80,true
2026-06-26,ACC-026,4,0,88,86,2,46,true
2026-06-26,ACC-027,5,1,40,39,1,22,true
2026-06-26,ACC-028,6,0,133,130,3,76,true
2026-06-26,ACC-029,7,0,73,71,2,43,true
2026-06-26,ACC-030,7,0,34,33,1,16,true
2026-06-26,ACC-031,8,0,154,150,4,76,true
2026-06-26,ACC-032,9,1,84,82,2,44,true
2026-06-26,ACC-033,10,0,39,38,1,21,true
2026-06-26,ACC-034,11,0,174,170,4,99,true
2026-06-26,ACC-035,0,0,0,0,0,0,true
2026-06-26,ACC-036,0,0,0,0,0,0,true
2026-06-27,ACC-001,3,1,95,93,2,47,true
2026-06-27,ACC-002,4,0,52,51,1,27,true
2026-06-27,ACC-003,4,0,24,23,1,13,true
2026-06-27,ACC-004,5,0,109,107,2,62,true
2026-06-27,ACC-005,6,0,59,58,1,35,true
2026-06-27,ACC-006,6,1,27,26,1,13,true
2026-06-27,ACC-007,7,0,90,88,2,45,true
2026-06-27,ACC-008,8,0,50,49,1,26,true
2026-06-27,ACC-009,8,0,23,23,0,13,true
2026-06-27,ACC-010,9,0,104,102,2,59,true
2026-06-27,ACC-011,9,1,57,56,1,34,true
2026-06-27,ACC-012,10,0,26,26,0,12,true
2026-06-27,ACC-013,3,0,118,116,2,58,true
2026-06-27,ACC-014,3,0,47,46,1,24,true
2026-06-27,ACC-015,4,0,22,21,1,12,true
2026-06-27,ACC-016,4,1,99,97,2,56,true
2026-06-27,ACC-017,5,0,55,54,1,33,true
2026-06-27,ACC-018,6,0,25,24,1,12,true
2026-06-27,ACC-019,6,0,113,110,3,56,true
2026-06-27,ACC-020,7,0,62,61,1,32,true
2026-06-27,ACC-021,8,1,21,21,0,11,true
2026-06-27,ACC-022,8,0,95,93,2,54,true
2026-06-27,ACC-023,9,0,52,51,1,31,true
2026-06-27,ACC-024,9,0,24,24,0,11,true
2026-06-27,ACC-025,10,0,109,107,2,54,true
2026-06-27,ACC-026,3,1,59,58,1,31,true
2026-06-27,ACC-027,3,0,27,26,1,15,true
2026-06-27,ACC-028,4,0,90,88,2,51,true
2026-06-27,ACC-029,4,0,50,49,1,30,true
2026-06-27,ACC-030,5,0,23,22,1,11,true
2026-06-27,ACC-031,6,1,104,101,3,51,true
2026-06-27,ACC-032,6,0,57,56,1,30,true
2026-06-27,ACC-033,7,0,26,25,1,14,true
2026-06-27,ACC-034,8,0,118,115,3,67,true
2026-06-27,ACC-035,0,0,0,0,0,0,true
2026-06-27,ACC-036,0,0,0,0,0,0,true
2026-06-28,ACC-001,3,0,86,84,2,43,true
2026-06-28,ACC-002,3,0,47,46,1,24,true
2026-06-28,ACC-003,4,0,22,21,1,12,true
2026-06-28,ACC-004,5,0,98,96,2,56,true
2026-06-28,ACC-005,5,1,54,53,1,32,true
2026-06-28,ACC-006,6,0,25,24,1,12,true
2026-06-28,ACC-007,6,0,81,79,2,40,true
2026-06-28,ACC-008,7,0,45,44,1,23,true
2026-06-28,ACC-009,7,0,21,21,0,11,true
2026-06-28,ACC-010,8,1,94,92,2,54,true
2026-06-28,ACC-011,9,0,52,51,1,31,true
2026-06-28,ACC-012,9,0,24,24,0,11,true
2026-06-28,ACC-013,2,0,107,105,2,53,true
2026-06-28,ACC-014,3,0,43,42,1,22,true
2026-06-28,ACC-015,3,1,20,20,0,11,true
2026-06-28,ACC-016,4,0,90,88,2,51,true
2026-06-28,ACC-017,5,0,49,48,1,29,true
2026-06-28,ACC-018,5,0,23,22,1,11,true
2026-06-28,ACC-019,6,0,103,100,3,51,true
2026-06-28,ACC-020,6,1,56,55,1,29,true
2026-06-28,ACC-021,7,0,19,19,0,10,true
2026-06-28,ACC-022,7,0,86,84,2,49,true
2026-06-28,ACC-023,8,0,47,46,1,28,true
2026-06-28,ACC-024,9,0,22,22,0,10,true
2026-06-28,ACC-025,9,1,98,96,2,49,true
2026-06-28,ACC-026,2,0,54,53,1,28,true
2026-06-28,ACC-027,3,0,25,24,1,14,true
2026-06-28,ACC-028,3,0,81,79,2,46,true
2026-06-28,ACC-029,4,0,45,44,1,27,true
2026-06-28,ACC-030,5,1,21,21,0,10,true
2026-06-28,ACC-031,5,0,94,92,2,47,true
2026-06-28,ACC-032,6,0,52,51,1,27,true
2026-06-28,ACC-033,6,0,24,23,1,13,true
2026-06-28,ACC-034,7,0,107,105,2,61,true
2026-06-28,ACC-035,0,0,0,0,0,0,true
2026-06-28,ACC-036,0,0,0,0,0,0,true
2026-06-29,ACC-001,5,0,159,156,3,79,true
2026-06-29,ACC-002,6,0,88,86,2,46,true
2026-06-29,ACC-003,7,0,41,40,1,22,true
2026-06-29,ACC-004,8,1,183,180,3,104,true
2026-06-29,ACC-005,10,0,100,98,2,60,true
2026-06-29,ACC-006,11,0,46,45,1,22,true
2026-06-29,ACC-007,12,0,151,147,4,75,true
2026-06-29,ACC-008,13,0,83,81,2,43,true
2026-06-29,ACC-009,14,1,39,38,1,21,true
2026-06-29,ACC-010,15,0,175,171,4,100,true
2026-06-29,ACC-011,16,0,96,94,2,57,true
2026-06-29,ACC-012,17,0,44,43,1,21,true
2026-06-29,ACC-013,4,0,199,195,4,99,true
2026-06-29,ACC-014,5,1,79,77,2,41,true
2026-06-29,ACC-015,6,0,37,36,1,20,true
2026-06-29,ACC-016,7,0,167,164,3,95,true
2026-06-29,ACC-017,8,0,92,90,2,55,true
2026-06-29,ACC-018,10,0,42,41,1,20,true
2026-06-29,ACC-019,11,1,191,186,5,95,true
2026-06-29,ACC-020,12,0,104,102,2,54,true
2026-06-29,ACC-021,13,0,35,34,1,19,true
2026-06-29,ACC-022,14,0,159,155,4,91,true
2026-06-29,ACC-023,15,0,88,86,2,52,true
2026-06-29,ACC-024,16,1,41,40,1,19,true
2026-06-29,ACC-025,17,0,183,179,4,91,true
2026-06-29,ACC-026,4,0,100,98,2,52,true
2026-06-29,ACC-027,5,0,46,45,1,25,true
2026-06-29,ACC-028,6,0,151,148,3,86,true
2026-06-29,ACC-029,7,1,83,81,2,49,true
2026-06-29,ACC-030,8,0,39,38,1,18,true
2026-06-29,ACC-031,10,0,175,171,4,87,true
2026-06-29,ACC-032,11,0,96,94,2,50,true
2026-06-29,ACC-033,12,0,44,43,1,24,true
2026-06-29,ACC-034,13,1,199,194,5,113,true
2026-06-29,ACC-035,0,0,0,0,0,0,true
2026-06-29,ACC-036,0,0,0,0,0,0,true
2026-06-30,ACC-001,6,0,165,162,3,82,true
2026-06-30,ACC-002,7,0,91,89,2,47,true
2026-06-30,ACC-003,8,1,42,41,1,23,true
2026-06-30,ACC-004,9,0,190,186,4,108,true
2026-06-30,ACC-005,10,0,104,102,2,62,true
2026-06-30,ACC-006,11,0,48,47,1,23,true
2026-06-30,ACC-007,12,0,157,153,4,78,true
2026-06-30,ACC-008,13,1,87,85,2,45,true
2026-06-30,ACC-009,14,0,40,39,1,22,true
2026-06-30,ACC-010,15,0,182,178,4,104,true
2026-06-30,ACC-011,16,0,100,98,2,60,true
2026-06-30,ACC-012,18,0,46,45,1,22,true
2026-06-30,ACC-013,4,1,206,202,4,102,true
2026-06-30,ACC-014,6,0,82,80,2,43,true
2026-06-30,ACC-015,7,0,38,37,1,21,true
2026-06-30,ACC-016,8,0,173,170,3,99,true
2026-06-30,ACC-017,9,0,95,93,2,57,true
2026-06-30,ACC-018,10,1,44,43,1,21,true
2026-06-30,ACC-019,11,0,198,193,5,98,true
2026-06-30,ACC-020,12,0,108,106,2,56,true
2026-06-30,ACC-021,13,0,36,35,1,20,true
2026-06-30,ACC-022,14,0,165,161,4,94,true
2026-06-30,ACC-023,15,1,91,89,2,54,true
2026-06-30,ACC-024,16,0,42,41,1,20,true
2026-06-30,ACC-025,18,0,190,186,4,94,true
2026-06-30,ACC-026,4,0,104,102,2,54,true
2026-06-30,ACC-027,6,0,48,47,1,26,true
2026-06-30,ACC-028,7,1,157,154,3,89,true
2026-06-30,ACC-029,8,0,87,85,2,52,true
2026-06-30,ACC-030,9,0,40,39,1,19,true
2026-06-30,ACC-031,10,0,182,177,5,90,true
2026-06-30,ACC-032,11,0,100,98,2,52,true
2026-06-30,ACC-033,12,1,46,45,1,25,true
2026-06-30,ACC-034,13,0,206,201,5,117,true
2026-06-30,ACC-035,0,0,0,0,0,0,true
2026-06-30,ACC-036,0,0,0,0,0,0,true
2026-07-01,ACC-001,5,0,162,159,3,80,true
2026-07-01,ACC-002,6,1,89,87,2,46,true
2026-07-01,ACC-003,8,0,41,40,1,22,true
2026-07-01,ACC-004,9,0,186,182,4,106,true
2026-07-01,ACC-005,10,0,102,100,2,61,true
2026-07-01,ACC-006,11,0,47,46,1,22,true
2026-07-01,ACC-007,12,1,154,150,4,76,true
2026-07-01,ACC-008,13,0,85,83,2,44,true
2026-07-01,ACC-009,14,0,39,38,1,21,true
2026-07-01,ACC-010,15,0,178,174,4,101,true
2026-07-01,ACC-011,16,0,98,96,2,58,true
2026-07-01,ACC-012,17,1,45,44,1,21,true
2026-07-01,ACC-013,4,0,203,199,4,100,true
2026-07-01,ACC-014,5,0,81,79,2,42,true
2026-07-01,ACC-015,6,0,38,37,1,21,true
2026-07-01,ACC-016,8,0,170,167,3,97,true
2026-07-01,ACC-017,9,1,94,92,2,56,true
2026-07-01,ACC-018,10,0,43,42,1,20,true
2026-07-01,ACC-019,11,0,194,189,5,96,true
2026-07-01,ACC-020,12,0,106,104,2,55,true
2026-07-01,ACC-021,13,0,36,35,1,20,true
2026-07-01,ACC-022,14,1,162,158,4,92,true
2026-07-01,ACC-023,15,0,89,87,2,53,true
2026-07-01,ACC-024,16,0,41,40,1,19,true
2026-07-01,ACC-025,17,0,186,182,4,92,true
2026-07-01,ACC-026,4,0,102,100,2,53,true
2026-07-01,ACC-027,5,1,47,46,1,26,true
2026-07-01,ACC-028,6,0,154,151,3,88,true
2026-07-01,ACC-029,8,0,85,83,2,51,true
2026-07-01,ACC-030,9,0,39,38,1,18,true
2026-07-01,ACC-031,10,0,178,174,4,88,true
2026-07-01,ACC-032,11,1,98,96,2,51,true
2026-07-01,ACC-033,12,0,45,44,1,25,true
2026-07-01,ACC-034,13,0,203,198,5,116,true
2026-07-01,ACC-035,0,0,0,0,0,0,true
2026-07-01,ACC-036,0,0,0,0,0,0,true
2026-07-02,ACC-001,5,1,156,153,3,77,true
2026-07-02,ACC-002,6,0,86,84,2,45,true
2026-07-02,ACC-003,7,0,40,39,1,22,true
2026-07-02,ACC-004,8,0,180,177,3,103,true
2026-07-02,ACC-005,9,0,98,96,2,58,true
2026-07-02,ACC-006,10,1,45,44,1,21,true
2026-07-02,ACC-007,11,0,148,144,4,73,true
2026-07-02,ACC-008,12,0,82,80,2,43,true
2026-07-02,ACC-009,14,0,38,37,1,21,true
2026-07-02,ACC-010,15,0,172,168,4,98,true
2026-07-02,ACC-011,16,1,94,92,2,56,true
2026-07-02,ACC-012,17,0,43,42,1,20,true
2026-07-02,ACC-013,4,0,195,191,4,97,true
2026-07-02,ACC-014,5,0,78,76,2,41,true
2026-07-02,ACC-015,6,0,36,35,1,20,true
2026-07-02,ACC-016,7,1,164,161,3,93,true
2026-07-02,ACC-017,8,0,90,88,2,54,true
2026-07-02,ACC-018,9,0,42,41,1,20,true
2026-07-02,ACC-019,10,0,187,182,5,93,true
2026-07-02,ACC-020,11,0,102,100,2,53,true
2026-07-02,ACC-021,12,1,34,33,1,19,true
2026-07-02,ACC-022,14,0,156,152,4,89,true
2026-07-02,ACC-023,15,0,86,84,2,51,true
2026-07-02,ACC-024,16,0,40,39,1,19,true
2026-07-02,ACC-025,17,0,180,176,4,89,true
2026-07-02,ACC-026,4,1,98,96,2,51,true
2026-07-02,ACC-027,5,0,45,44,1,25,true
2026-07-02,ACC-028,6,0,148,145,3,84,true
2026-07-02,ACC-029,7,0,82,80,2,49,true
2026-07-02,ACC-030,8,0,38,37,1,18,true
2026-07-02,ACC-031,9,1,172,168,4,85,true
2026-07-02,ACC-032,10,0,94,92,2,49,true
2026-07-02,ACC-033,11,0,43,42,1,23,true
2026-07-02,ACC-034,12,0,195,191,4,111,true
2026-07-02,ACC-035,0,0,0,0,0,0,true
2026-07-02,ACC-036,0,0,0,0,0,0,true
2026-07-03,ACC-001,5,0,140,137,3,69,true
2026-07-03,ACC-002,6,0,77,75,2,40,true
2026-07-03,ACC-003,7,0,36,35,1,20,true
2026-07-03,ACC-004,7,0,161,158,3,92,true
2026-07-03,ACC-005,8,1,88,86,2,52,true
2026-07-03,ACC-006,9,0,40,39,1,19,true
2026-07-03,ACC-007,10,0,133,130,3,66,true
2026-07-03,ACC-008,11,0,73,72,1,38,true
2026-07-03,ACC-009,12,0,34,33,1,19,true
2026-07-03,ACC-010,13,1,154,150,4,88,true
2026-07-03,ACC-011,14,0,84,82,2,50,true
2026-07-03,ACC-012,15,0,39,38,1,18,true
2026-07-03,ACC-013,4,0,174,170,4,86,true
2026-07-03,ACC-014,5,0,70,68,2,36,true
2026-07-03,ACC-015,6,1,32,31,1,17,true
2026-07-03,ACC-016,7,0,147,144,3,84,true
2026-07-03,ACC-017,7,0,81,79,2,48,true
2026-07-03,ACC-018,8,0,37,36,1,17,true
2026-07-03,ACC-019,9,0,167,163,4,83,true
2026-07-03,ACC-020,10,1,91,89,2,47,true
2026-07-03,ACC-021,11,0,31,30,1,17,true
2026-07-03,ACC-022,12,0,140,137,3,80,true
2026-07-03,ACC-023,13,0,77,75,2,46,true
2026-07-03,ACC-024,14,0,36,35,1,17,true
2026-07-03,ACC-025,15,1,161,158,3,80,true
2026-07-03,ACC-026,4,0,88,86,2,46,true
2026-07-03,ACC-027,5,0,40,39,1,22,true
2026-07-03,ACC-028,6,0,133,130,3,76,true
2026-07-03,ACC-029,7,0,73,71,2,43,true
2026-07-03,ACC-030,7,1,34,33,1,16,true
2026-07-03,ACC-031,8,0,154,150,4,76,true
2026-07-03,ACC-032,9,0,84,82,2,44,true
2026-07-03,ACC-033,10,0,39,38,1,21,true
2026-07-03,ACC-034,11,0,174,170,4,99,true
2026-07-03,ACC-035,0,0,0,0,0,0,true
2026-07-03,ACC-036,0,0,0,0,0,0,true
2026-07-04,ACC-001,3,0,95,93,2,47,true
2026-07-04,ACC-002,4,0,52,51,1,27,true
2026-07-04,ACC-003,4,0,24,23,1,13,true
2026-07-04,ACC-004,5,1,109,107,2,62,true
2026-07-04,ACC-005,6,0,59,58,1,35,true
2026-07-04,ACC-006,6,0,27,26,1,13,true
2026-07-04,ACC-007,7,0,90,88,2,45,true
2026-07-04,ACC-008,8,0,50,49,1,26,true
2026-07-04,ACC-009,8,1,23,23,0,13,true
2026-07-04,ACC-010,9,0,104,102,2,59,true
2026-07-04,ACC-011,9,0,57,56,1,34,true
2026-07-04,ACC-012,10,0,26,26,0,12,true
2026-07-04,ACC-013,3,0,118,116,2,58,true
2026-07-04,ACC-014,3,1,47,46,1,24,true
2026-07-04,ACC-015,4,0,22,21,1,12,true
2026-07-04,ACC-016,4,0,99,97,2,56,true
2026-07-04,ACC-017,5,0,55,54,1,33,true
2026-07-04,ACC-018,6,0,25,24,1,12,true
2026-07-04,ACC-019,6,1,113,110,3,56,true
2026-07-04,ACC-020,7,0,62,61,1,32,true
2026-07-04,ACC-021,8,0,21,21,0,11,true
2026-07-04,ACC-022,8,0,95,93,2,54,true
2026-07-04,ACC-023,9,0,52,51,1,31,true
2026-07-04,ACC-024,9,1,24,24,0,11,true
2026-07-04,ACC-025,10,0,109,107,2,54,true
2026-07-04,ACC-026,3,0,59,58,1,31,true
2026-07-04,ACC-027,3,0,27,26,1,15,true
2026-07-04,ACC-028,4,0,90,88,2,51,true
2026-07-04,ACC-029,4,1,50,49,1,30,true
2026-07-04,ACC-030,5,0,23,22,1,11,true
2026-07-04,ACC-031,6,0,104,101,3,51,true
2026-07-04,ACC-032,6,0,57,56,1,30,true
2026-07-04,ACC-033,7,0,26,25,1,14,true
2026-07-04,ACC-034,8,1,118,115,3,67,true
2026-07-04,ACC-035,0,0,0,0,0,0,true
2026-07-04,ACC-036,0,0,0,0,0,0,true
2026-07-05,ACC-001,3,0,86,84,2,43,true
2026-07-05,ACC-002,3,0,47,46,1,24,true
2026-07-05,ACC-003,4,1,22,21,1,12,true
2026-07-05,ACC-004,5,0,98,96,2,56,true
2026-07-05,ACC-005,5,0,54,53,1,32,true
2026-07-05,ACC-006,6,0,25,24,1,12,true
2026-07-05,ACC-007,6,0,81,79,2,40,true
2026-07-05,ACC-008,7,1,45,44,1,23,true
2026-07-05,ACC-009,7,0,21,21,0,11,true
2026-07-05,ACC-010,8,0,94,92,2,54,true
2026-07-05,ACC-011,9,0,52,51,1,31,true
2026-07-05,ACC-012,9,0,24,24,0,11,true
2026-07-05,ACC-013,2,1,107,105,2,53,true
2026-07-05,ACC-014,3,0,43,42,1,22,true
2026-07-05,ACC-015,3,0,20,20,0,11,true
2026-07-05,ACC-016,4,0,90,88,2,51,true
2026-07-05,ACC-017,5,0,49,48,1,29,true
2026-07-05,ACC-018,5,1,23,22,1,11,true
2026-07-05,ACC-019,6,0,103,100,3,51,true
2026-07-05,ACC-020,6,0,56,55,1,29,true
2026-07-05,ACC-021,7,0,19,19,0,10,true
2026-07-05,ACC-022,7,0,86,84,2,49,true
2026-07-05,ACC-023,8,1,47,46,1,28,true
2026-07-05,ACC-024,9,0,22,22,0,10,true
2026-07-05,ACC-025,9,0,98,96,2,49,true
2026-07-05,ACC-026,2,0,54,53,1,28,true
2026-07-05,ACC-027,3,0,25,24,1,14,true
2026-07-05,ACC-028,3,1,81,79,2,46,true
2026-07-05,ACC-029,4,0,45,44,1,27,true
2026-07-05,ACC-030,5,0,21,21,0,10,true
2026-07-05,ACC-031,5,0,94,92,2,47,true
2026-07-05,ACC-032,6,0,52,51,1,27,true
2026-07-05,ACC-033,6,1,24,23,1,13,true
2026-07-05,ACC-034,7,0,107,105,2,61,true
2026-07-05,ACC-035,0,0,0,0,0,0,true
2026-07-05,ACC-036,0,0,0,0,0,0,true
2026-07-06,ACC-001,5,0,159,156,3,79,true
2026-07-06,ACC-002,6,1,88,86,2,46,true
2026-07-06,ACC-003,7,0,41,40,1,22,true
2026-07-06,ACC-004,8,0,183,180,3,104,true
2026-07-06,ACC-005,10,0,100,98,2,60,true
2026-07-06,ACC-006,11,0,46,45,1,22,true
2026-07-06,ACC-007,12,1,151,147,4,75,true
2026-07-06,ACC-008,13,0,83,81,2,43,true
2026-07-06,ACC-009,14,0,39,38,1,21,true
2026-07-06,ACC-010,15,0,175,171,4,100,true
2026-07-06,ACC-011,16,0,96,94,2,57,true
2026-07-06,ACC-012,17,1,44,43,1,21,true
2026-07-06,ACC-013,4,0,199,195,4,99,true
2026-07-06,ACC-014,5,0,79,77,2,41,true
2026-07-06,ACC-015,6,0,37,36,1,20,true
2026-07-06,ACC-016,7,0,167,164,3,95,true
2026-07-06,ACC-017,8,1,92,90,2,55,true
2026-07-06,ACC-018,10,0,42,41,1,20,true
2026-07-06,ACC-019,11,0,191,186,5,95,true
2026-07-06,ACC-020,12,0,104,102,2,54,true
2026-07-06,ACC-021,13,0,35,34,1,19,true
2026-07-06,ACC-022,14,1,159,155,4,91,true
2026-07-06,ACC-023,15,0,88,86,2,52,true
2026-07-06,ACC-024,16,0,41,40,1,19,true
2026-07-06,ACC-025,17,0,183,179,4,91,true
2026-07-06,ACC-026,4,0,100,98,2,52,true
2026-07-06,ACC-027,5,1,46,45,1,25,true
2026-07-06,ACC-028,6,0,151,148,3,86,true
2026-07-06,ACC-029,7,0,83,81,2,49,true
2026-07-06,ACC-030,8,0,39,38,1,18,true
2026-07-06,ACC-031,10,0,175,171,4,87,true
2026-07-06,ACC-032,11,1,96,94,2,50,true
2026-07-06,ACC-033,12,0,44,43,1,24,true
2026-07-06,ACC-034,13,0,199,194,5,113,true
2026-07-06,ACC-035,0,0,0,0,0,0,true
2026-07-06,ACC-036,0,0,0,0,0,0,true
2026-07-07,ACC-001,6,1,165,162,3,82,true
2026-07-07,ACC-002,7,0,91,89,2,47,true
2026-07-07,ACC-003,8,0,42,41,1,23,true
2026-07-07,ACC-004,9,0,190,186,4,108,true
2026-07-07,ACC-005,10,0,104,102,2,62,true
2026-07-07,ACC-006,11,1,48,47,1,23,true
2026-07-07,ACC-007,12,0,157,153,4,78,true
2026-07-07,ACC-008,13,0,87,85,2,45,true
2026-07-07,ACC-009,14,0,40,39,1,22,true
2026-07-07,ACC-010,15,0,182,178,4,104,true
2026-07-07,ACC-011,16,1,100,98,2,60,true
2026-07-07,ACC-012,18,0,46,45,1,22,true
2026-07-07,ACC-013,4,0,206,202,4,102,true
2026-07-07,ACC-014,6,0,82,80,2,43,true
2026-07-07,ACC-015,7,0,38,37,1,21,true
2026-07-07,ACC-016,8,1,173,170,3,99,true
2026-07-07,ACC-017,9,0,95,93,2,57,true
2026-07-07,ACC-018,10,0,44,43,1,21,true
2026-07-07,ACC-019,11,0,198,193,5,98,true
2026-07-07,ACC-020,12,0,108,106,2,56,true
2026-07-07,ACC-021,13,1,36,35,1,20,true
2026-07-07,ACC-022,14,0,165,161,4,94,true
2026-07-07,ACC-023,15,0,91,89,2,54,true
2026-07-07,ACC-024,16,0,42,41,1,20,true
2026-07-07,ACC-025,18,0,190,186,4,94,true
2026-07-07,ACC-026,4,1,104,102,2,54,true
2026-07-07,ACC-027,6,0,48,47,1,26,true
2026-07-07,ACC-028,7,0,157,154,3,89,true
2026-07-07,ACC-029,8,0,87,85,2,52,true
2026-07-07,ACC-030,9,0,40,39,1,19,true
2026-07-07,ACC-031,10,1,182,177,5,90,true
2026-07-07,ACC-032,11,0,100,98,2,52,true
2026-07-07,ACC-033,12,0,46,45,1,25,true
2026-07-07,ACC-034,13,0,206,201,5,117,true
2026-07-07,ACC-035,0,0,0,0,0,0,true
2026-07-07,ACC-036,0,0,0,0,0,0,true
2026-07-08,ACC-001,5,0,162,159,3,80,true
2026-07-08,ACC-002,6,0,89,87,2,46,true
2026-07-08,ACC-003,8,0,41,40,1,22,true
2026-07-08,ACC-004,9,0,186,182,4,106,true
2026-07-08,ACC-005,10,1,102,100,2,61,true
2026-07-08,ACC-006,11,0,47,46,1,22,true
2026-07-08,ACC-007,12,0,154,150,4,76,true
2026-07-08,ACC-008,13,0,85,83,2,44,true
2026-07-08,ACC-009,14,0,39,38,1,21,true
2026-07-08,ACC-010,15,1,178,174,4,101,true
2026-07-08,ACC-011,16,0,98,96,2,58,true
2026-07-08,ACC-012,17,0,45,44,1,21,true
2026-07-08,ACC-013,4,0,203,199,4,100,true
2026-07-08,ACC-014,5,0,81,79,2,42,true
2026-07-08,ACC-015,6,1,38,37,1,21,true
2026-07-08,ACC-016,8,0,170,167,3,97,true
2026-07-08,ACC-017,9,0,94,92,2,56,true
2026-07-08,ACC-018,10,0,43,42,1,20,true
2026-07-08,ACC-019,11,0,194,189,5,96,true
2026-07-08,ACC-020,12,1,106,104,2,55,true
2026-07-08,ACC-021,13,0,36,35,1,20,true
2026-07-08,ACC-022,14,0,162,158,4,92,true
2026-07-08,ACC-023,15,0,89,87,2,53,true
2026-07-08,ACC-024,16,0,41,40,1,19,true
2026-07-08,ACC-025,17,1,186,182,4,92,true
2026-07-08,ACC-026,4,0,102,100,2,53,true
2026-07-08,ACC-027,5,0,47,46,1,26,true
2026-07-08,ACC-028,6,0,154,151,3,88,true
2026-07-08,ACC-029,8,0,85,83,2,51,true
2026-07-08,ACC-030,9,1,39,38,1,18,true
2026-07-08,ACC-031,10,0,178,174,4,88,true
2026-07-08,ACC-032,11,0,98,96,2,51,true
2026-07-08,ACC-033,12,0,45,44,1,25,true
2026-07-08,ACC-034,13,0,203,198,5,116,true
2026-07-08,ACC-035,0,0,0,0,0,0,true
2026-07-08,ACC-036,0,0,0,0,0,0,true
2026-07-09,ACC-001,5,0,156,153,3,77,true
2026-07-09,ACC-002,6,0,86,84,2,45,true
2026-07-09,ACC-003,7,0,40,39,1,22,true
2026-07-09,ACC-004,8,1,180,177,3,103,true
2026-07-09,ACC-005,9,0,98,96,2,58,true
2026-07-09,ACC-006,10,0,45,44,1,21,true
2026-07-09,ACC-007,11,0,148,144,4,73,true
2026-07-09,ACC-008,12,0,82,80,2,43,true
2026-07-09,ACC-009,14,1,38,37,1,21,true
2026-07-09,ACC-010,15,0,172,168,4,98,true
2026-07-09,ACC-011,16,0,94,92,2,56,true
2026-07-09,ACC-012,17,0,43,42,1,20,true
2026-07-09,ACC-013,4,0,195,191,4,97,true
2026-07-09,ACC-014,5,1,78,76,2,41,true
2026-07-09,ACC-015,6,0,36,35,1,20,true
2026-07-09,ACC-016,7,0,164,161,3,93,true
2026-07-09,ACC-017,8,0,90,88,2,54,true
2026-07-09,ACC-018,9,0,42,41,1,20,true
2026-07-09,ACC-019,10,1,187,182,5,93,true
2026-07-09,ACC-020,11,0,102,100,2,53,true
2026-07-09,ACC-021,12,0,34,33,1,19,true
2026-07-09,ACC-022,14,0,156,152,4,89,true
2026-07-09,ACC-023,15,0,86,84,2,51,true
2026-07-09,ACC-024,16,1,40,39,1,19,true
2026-07-09,ACC-025,17,0,180,176,4,89,true
2026-07-09,ACC-026,4,0,98,96,2,51,true
2026-07-09,ACC-027,5,0,45,44,1,25,true
2026-07-09,ACC-028,6,0,148,145,3,84,true
2026-07-09,ACC-029,7,1,82,80,2,49,true
2026-07-09,ACC-030,8,0,38,37,1,18,true
2026-07-09,ACC-031,9,0,172,168,4,85,true
2026-07-09,ACC-032,10,0,94,92,2,49,true
2026-07-09,ACC-033,11,0,43,42,1,23,true
2026-07-09,ACC-034,12,1,195,191,4,111,true
2026-07-09,ACC-035,0,0,0,0,0,0,true
2026-07-09,ACC-036,0,0,0,0,0,0,true
2026-07-10,ACC-001,5,0,140,137,3,69,true
2026-07-10,ACC-002,6,0,77,75,2,40,true
2026-07-10,ACC-003,7,1,36,35,1,20,true
2026-07-10,ACC-004,7,0,161,158,3,92,true
2026-07-10,ACC-005,8,0,88,86,2,52,true
2026-07-10,ACC-006,9,0,40,39,1,19,true
2026-07-10,ACC-007,10,0,133,130,3,66,true
2026-07-10,ACC-008,11,1,73,72,1,38,true
2026-07-10,ACC-009,12,0,34,33,1,19,true
2026-07-10,ACC-010,13,0,154,150,4,88,true
2026-07-10,ACC-011,14,0,84,82,2,50,true
2026-07-10,ACC-012,15,0,39,38,1,18,true
2026-07-10,ACC-013,4,1,174,170,4,86,true
2026-07-10,ACC-014,5,0,70,68,2,36,true
2026-07-10,ACC-015,6,0,32,31,1,17,true
2026-07-10,ACC-016,7,0,147,144,3,84,true
2026-07-10,ACC-017,7,0,81,79,2,48,true
2026-07-10,ACC-018,8,1,37,36,1,17,true
2026-07-10,ACC-019,9,0,167,163,4,83,true
2026-07-10,ACC-020,10,0,91,89,2,47,true
2026-07-10,ACC-021,11,0,31,30,1,17,true
2026-07-10,ACC-022,12,0,140,137,3,80,true
2026-07-10,ACC-023,13,1,77,75,2,46,true
2026-07-10,ACC-024,14,0,36,35,1,17,true
2026-07-10,ACC-025,15,0,161,158,3,80,true
2026-07-10,ACC-026,4,0,88,86,2,46,true
2026-07-10,ACC-027,5,0,40,39,1,22,true
2026-07-10,ACC-028,6,1,133,130,3,76,true
2026-07-10,ACC-029,7,0,73,71,2,43,true
2026-07-10,ACC-030,7,0,34,33,1,16,true
2026-07-10,ACC-031,8,0,154,150,4,76,true
2026-07-10,ACC-032,9,0,84,82,2,44,true
2026-07-10,ACC-033,10,1,39,38,1,21,true
2026-07-10,ACC-034,11,0,174,170,4,99,true
2026-07-10,ACC-035,12,0,70,68,2,42,true
2026-07-10,ACC-036,0,0,0,0,0,0,true
2026-07-11,ACC-001,3,0,95,93,2,47,true
2026-07-11,ACC-002,4,1,52,51,1,27,true
2026-07-11,ACC-003,4,0,24,23,1,13,true
2026-07-11,ACC-004,5,0,109,107,2,62,true
2026-07-11,ACC-005,6,0,59,58,1,35,true
2026-07-11,ACC-006,6,0,27,26,1,13,true
2026-07-11,ACC-007,7,1,90,88,2,45,true
2026-07-11,ACC-008,8,0,50,49,1,26,true
2026-07-11,ACC-009,8,0,23,23,0,13,true
2026-07-11,ACC-010,9,0,104,102,2,59,true
2026-07-11,ACC-011,9,0,57,56,1,34,true
2026-07-11,ACC-012,10,1,26,26,0,12,true
2026-07-11,ACC-013,3,0,118,116,2,58,true
2026-07-11,ACC-014,3,0,47,46,1,24,true
2026-07-11,ACC-015,4,0,22,21,1,12,true
2026-07-11,ACC-016,4,0,99,97,2,56,true
2026-07-11,ACC-017,5,1,55,54,1,33,true
2026-07-11,ACC-018,6,0,25,24,1,12,true
2026-07-11,ACC-019,6,0,113,110,3,56,true
2026-07-11,ACC-020,7,0,62,61,1,32,true
2026-07-11,ACC-021,8,0,21,21,0,11,true
2026-07-11,ACC-022,8,1,95,93,2,54,true
2026-07-11,ACC-023,9,0,52,51,1,31,true
2026-07-11,ACC-024,9,0,24,24,0,11,true
2026-07-11,ACC-025,10,0,109,107,2,54,true
2026-07-11,ACC-026,3,0,59,58,1,31,true
2026-07-11,ACC-027,3,1,27,26,1,15,true
2026-07-11,ACC-028,4,0,90,88,2,51,true
2026-07-11,ACC-029,4,0,50,49,1,30,true
2026-07-11,ACC-030,5,0,23,22,1,11,true
2026-07-11,ACC-031,6,0,104,101,3,51,true
2026-07-11,ACC-032,6,1,57,56,1,30,true
2026-07-11,ACC-033,7,0,26,25,1,14,true
2026-07-11,ACC-034,8,0,118,115,3,67,true
2026-07-11,ACC-035,8,0,47,46,1,28,true
2026-07-11,ACC-036,0,0,0,0,0,0,true
2026-07-12,ACC-001,3,1,86,84,2,43,true
2026-07-12,ACC-002,3,0,47,46,1,24,true
2026-07-12,ACC-003,4,0,22,21,1,12,true
2026-07-12,ACC-004,5,0,98,96,2,56,true
2026-07-12,ACC-005,5,0,54,53,1,32,true
2026-07-12,ACC-006,6,1,25,24,1,12,true
2026-07-12,ACC-007,6,0,81,79,2,40,true
2026-07-12,ACC-008,7,0,45,44,1,23,true
2026-07-12,ACC-009,7,0,21,21,0,11,true
2026-07-12,ACC-010,8,0,94,92,2,54,true
2026-07-12,ACC-011,9,1,52,51,1,31,true
2026-07-12,ACC-012,9,0,24,24,0,11,true
2026-07-12,ACC-013,2,0,107,105,2,53,true
2026-07-12,ACC-014,3,0,43,42,1,22,true
2026-07-12,ACC-015,3,0,20,20,0,11,true
2026-07-12,ACC-016,4,1,90,88,2,51,true
2026-07-12,ACC-017,5,0,49,48,1,29,true
2026-07-12,ACC-018,5,0,23,22,1,11,true
2026-07-12,ACC-019,6,0,103,100,3,51,true
2026-07-12,ACC-020,6,0,56,55,1,29,true
2026-07-12,ACC-021,7,1,19,19,0,10,true
2026-07-12,ACC-022,7,0,86,84,2,49,true
2026-07-12,ACC-023,8,0,47,46,1,28,true
2026-07-12,ACC-024,9,0,22,22,0,10,true
2026-07-12,ACC-025,9,0,98,96,2,49,true
2026-07-12,ACC-026,2,1,54,53,1,28,true
2026-07-12,ACC-027,3,0,25,24,1,14,true
2026-07-12,ACC-028,3,0,81,79,2,46,true
2026-07-12,ACC-029,4,0,45,44,1,27,true
2026-07-12,ACC-030,5,0,21,21,0,10,true
2026-07-12,ACC-031,5,1,94,92,2,47,true
2026-07-12,ACC-032,6,0,52,51,1,27,true
2026-07-12,ACC-033,6,0,24,23,1,13,true
2026-07-12,ACC-034,7,0,107,105,2,61,true
2026-07-12,ACC-035,7,0,43,42,1,26,true
2026-07-12,ACC-036,0,0,0,0,0,0,true
2026-07-13,ACC-001,5,0,161,158,3,80,true
2026-07-13,ACC-002,6,0,89,87,2,46,true
2026-07-13,ACC-003,7,0,41,40,1,22,true
2026-07-13,ACC-004,8,0,185,181,4,105,true
2026-07-13,ACC-005,10,1,101,99,2,60,true
2026-07-13,ACC-006,11,0,47,46,1,22,true
2026-07-13,ACC-007,12,0,153,149,4,76,true
2026-07-13,ACC-008,13,0,84,82,2,44,true
2026-07-13,ACC-009,14,0,39,38,1,21,true
2026-07-13,ACC-010,15,1,177,173,4,101,true
2026-07-13,ACC-011,16,0,97,95,2,58,true
2026-07-13,ACC-012,17,0,45,44,1,21,true
2026-07-13,ACC-013,4,0,201,197,4,99,true
2026-07-13,ACC-014,5,0,80,78,2,42,true
2026-07-13,ACC-015,6,1,37,36,1,20,true
2026-07-13,ACC-016,7,0,169,166,3,96,true
2026-07-13,ACC-017,8,0,93,91,2,55,true
2026-07-13,ACC-018,10,0,43,42,1,20,true
2026-07-13,ACC-019,11,0,193,188,5,96,true
2026-07-13,ACC-020,12,1,105,103,2,55,true
2026-07-13,ACC-021,13,0,35,34,1,19,true
2026-07-13,ACC-022,14,0,161,157,4,92,true
2026-07-13,ACC-023,15,0,89,87,2,53,true
2026-07-13,ACC-024,16,0,41,40,1,19,true
2026-07-13,ACC-025,17,1,185,181,4,92,true
2026-07-13,ACC-026,4,0,101,99,2,53,true
2026-07-13,ACC-027,5,0,47,46,1,26,true
2026-07-13,ACC-028,6,0,153,150,3,87,true
2026-07-13,ACC-029,7,0,84,82,2,50,true
2026-07-13,ACC-030,8,1,39,38,1,18,true
2026-07-13,ACC-031,10,0,177,173,4,88,true
2026-07-13,ACC-032,11,0,97,95,2,50,true
2026-07-13,ACC-033,12,0,45,44,1,25,true
2026-07-13,ACC-034,13,0,201,196,5,115,true
2026-07-13,ACC-035,14,1,80,78,2,48,true
2026-07-13,ACC-036,0,0,0,0,0,0,true
2026-07-14,ACC-001,6,0,167,163,4,83,true
2026-07-14,ACC-002,7,0,92,90,2,48,true
2026-07-14,ACC-003,8,0,43,42,1,23,true
2026-07-14,ACC-004,9,1,192,188,4,109,true
2026-07-14,ACC-005,10,0,105,103,2,62,true
2026-07-14,ACC-006,11,0,48,47,1,23,true
2026-07-14,ACC-007,12,0,159,155,4,79,true
2026-07-14,ACC-008,13,0,88,86,2,46,true
2026-07-14,ACC-009,14,1,41,40,1,22,true
2026-07-14,ACC-010,15,0,184,180,4,105,true
2026-07-14,ACC-011,16,0,101,98,3,60,true
2026-07-14,ACC-012,18,0,46,45,1,22,true
2026-07-14,ACC-013,4,0,209,205,4,103,true
2026-07-14,ACC-014,6,1,83,81,2,43,true
2026-07-14,ACC-015,7,0,39,38,1,21,true
2026-07-14,ACC-016,8,0,175,172,3,100,true
2026-07-14,ACC-017,9,0,96,94,2,57,true
2026-07-14,ACC-018,10,0,45,44,1,21,true
2026-07-14,ACC-019,11,1,200,195,5,99,true
2026-07-14,ACC-020,12,0,109,107,2,57,true
2026-07-14,ACC-021,13,0,37,36,1,20,true
2026-07-14,ACC-022,14,0,167,163,4,95,true
2026-07-14,ACC-023,15,0,92,90,2,55,true
2026-07-14,ACC-024,16,1,43,42,1,20,true
2026-07-14,ACC-025,18,0,192,188,4,95,true
2026-07-14,ACC-026,4,0,105,103,2,55,true
2026-07-14,ACC-027,6,0,48,47,1,26,true
2026-07-14,ACC-028,7,0,159,156,3,91,true
2026-07-14,ACC-029,8,1,88,86,2,52,true
2026-07-14,ACC-030,9,0,41,40,1,19,true
2026-07-14,ACC-031,10,0,184,179,5,91,true
2026-07-14,ACC-032,11,0,101,99,2,53,true
2026-07-14,ACC-033,12,0,46,45,1,25,true
2026-07-14,ACC-034,13,1,209,204,5,119,true
2026-07-14,ACC-035,14,0,83,81,2,49,true
2026-07-14,ACC-036,0,0,0,0,0,0,true
2026-07-15,ACC-001,5,0,164,161,3,81,true
2026-07-15,ACC-002,6,0,90,88,2,47,true
2026-07-15,ACC-003,8,1,42,41,1,23,true
2026-07-15,ACC-004,9,0,189,185,4,108,true
2026-07-15,ACC-005,10,0,103,101,2,61,true
2026-07-15,ACC-006,11,0,47,46,1,22,true
2026-07-15,ACC-007,12,0,156,152,4,77,true
2026-07-15,ACC-008,13,1,86,84,2,45,true
2026-07-15,ACC-009,14,0,40,39,1,22,true
2026-07-15,ACC-010,15,0,180,176,4,103,true
2026-07-15,ACC-011,16,0,99,97,2,59,true
2026-07-15,ACC-012,17,0,46,45,1,22,true
2026-07-15,ACC-013,4,1,205,201,4,101,true
2026-07-15,ACC-014,5,0,82,80,2,43,true
2026-07-15,ACC-015,6,0,38,37,1,21,true
2026-07-15,ACC-016,8,0,172,169,3,98,true
2026-07-15,ACC-017,9,0,95,93,2,57,true
2026-07-15,ACC-018,10,1,44,43,1,21,true
2026-07-15,ACC-019,11,0,197,192,5,98,true
2026-07-15,ACC-020,12,0,107,105,2,56,true
2026-07-15,ACC-021,13,0,36,35,1,20,true
2026-07-15,ACC-022,14,0,164,160,4,93,true
2026-07-15,ACC-023,15,1,90,88,2,54,true
2026-07-15,ACC-024,16,0,42,41,1,20,true
2026-07-15,ACC-025,17,0,189,185,4,94,true
2026-07-15,ACC-026,4,0,103,101,2,54,true
2026-07-15,ACC-027,5,0,47,46,1,26,true
2026-07-15,ACC-028,6,1,156,153,3,89,true
2026-07-15,ACC-029,8,0,86,84,2,51,true
2026-07-15,ACC-030,9,0,40,39,1,19,true
2026-07-15,ACC-031,10,0,180,176,4,89,true
2026-07-15,ACC-032,11,0,99,97,2,51,true
2026-07-15,ACC-033,12,1,46,45,1,25,true
2026-07-15,ACC-034,13,0,205,200,5,117,true
2026-07-15,ACC-035,14,0,82,80,2,49,true
2026-07-15,ACC-036,0,0,0,0,0,0,true
2026-07-16,ACC-001,5,0,158,155,3,78,true
2026-07-16,ACC-002,6,1,87,85,2,45,true
2026-07-16,ACC-003,7,0,40,39,1,22,true
2026-07-16,ACC-004,8,0,182,179,3,104,true
2026-07-16,ACC-005,9,0,99,97,2,59,true
2026-07-16,ACC-006,10,0,46,45,1,22,true
2026-07-16,ACC-007,11,1,150,146,4,74,true
2026-07-16,ACC-008,12,0,83,81,2,43,true
2026-07-16,ACC-009,14,0,38,37,1,21,true
2026-07-16,ACC-010,15,0,174,170,4,99,true
2026-07-16,ACC-011,16,0,95,93,2,57,true
2026-07-16,ACC-012,17,1,44,43,1,21,true
2026-07-16,ACC-013,4,0,197,193,4,98,true
2026-07-16,ACC-014,5,0,79,77,2,41,true
2026-07-16,ACC-015,6,0,37,36,1,20,true
2026-07-16,ACC-016,7,0,166,163,3,95,true
2026-07-16,ACC-017,8,1,91,89,2,54,true
2026-07-16,ACC-018,9,0,42,41,1,20,true
2026-07-16,ACC-019,10,0,189,184,5,94,true
2026-07-16,ACC-020,11,0,103,101,2,54,true
2026-07-16,ACC-021,12,0,35,34,1,19,true
2026-07-16,ACC-022,14,1,158,154,4,90,true
2026-07-16,ACC-023,15,0,87,85,2,52,true
2026-07-16,ACC-024,16,0,40,39,1,19,true
2026-07-16,ACC-025,17,0,182,178,4,90,true
2026-07-16,ACC-026,4,0,99,97,2,51,true
2026-07-16,ACC-027,5,1,46,45,1,25,true
2026-07-16,ACC-028,6,0,150,147,3,85,true
2026-07-16,ACC-029,7,0,83,81,2,49,true
2026-07-16,ACC-030,8,0,38,37,1,18,true
2026-07-16,ACC-031,9,0,174,170,4,86,true
2026-07-16,ACC-032,10,1,95,93,2,49,true
2026-07-16,ACC-033,11,0,44,43,1,24,true
2026-07-16,ACC-034,12,0,197,192,5,112,true
2026-07-16,ACC-035,14,0,79,77,2,47,true
2026-07-16,ACC-036,0,0,0,0,0,0,true
2026-07-17,ACC-001,5,1,141,138,3,70,true
2026-07-17,ACC-002,6,0,78,76,2,41,true
2026-07-17,ACC-003,7,0,36,35,1,20,true
2026-07-17,ACC-004,7,0,162,159,3,92,true
2026-07-17,ACC-005,8,0,89,87,2,53,true
2026-07-17,ACC-006,9,1,41,40,1,19,true
2026-07-17,ACC-007,10,0,134,131,3,66,true
2026-07-17,ACC-008,11,0,74,73,1,38,true
2026-07-17,ACC-009,12,0,34,33,1,19,true
2026-07-17,ACC-010,13,0,155,151,4,88,true
2026-07-17,ACC-011,14,1,85,83,2,51,true
2026-07-17,ACC-012,15,0,39,38,1,18,true
2026-07-17,ACC-013,4,0,176,172,4,87,true
2026-07-17,ACC-014,5,0,70,68,2,36,true
2026-07-17,ACC-015,6,0,33,32,1,18,true
2026-07-17,ACC-016,7,1,148,145,3,84,true
2026-07-17,ACC-017,7,0,81,79,2,48,true
2026-07-17,ACC-018,8,0,38,37,1,18,true
2026-07-17,ACC-019,9,0,169,165,4,84,true
2026-07-17,ACC-020,10,0,93,91,2,48,true
2026-07-17,ACC-021,11,1,31,30,1,17,true
2026-07-17,ACC-022,12,0,141,138,3,80,true
2026-07-17,ACC-023,13,0,78,76,2,46,true
2026-07-17,ACC-024,14,0,36,35,1,17,true
2026-07-17,ACC-025,15,0,162,159,3,80,true
2026-07-17,ACC-026,4,1,89,87,2,46,true
2026-07-17,ACC-027,5,0,41,40,1,22,true
2026-07-17,ACC-028,6,0,134,131,3,76,true
2026-07-17,ACC-029,7,0,74,72,2,44,true
2026-07-17,ACC-030,7,0,34,33,1,16,true
2026-07-17,ACC-031,8,1,155,151,4,77,true
2026-07-17,ACC-032,9,0,85,83,2,44,true
2026-07-17,ACC-033,10,0,39,38,1,21,true
2026-07-17,ACC-034,11,0,176,172,4,100,true
2026-07-17,ACC-035,12,0,70,68,2,42,true
2026-07-17,ACC-036,0,0,0,0,0,0,true
2026-07-18,ACC-001,3,0,96,94,2,48,true
2026-07-18,ACC-002,4,0,53,52,1,28,true
2026-07-18,ACC-003,4,0,24,23,1,13,true
2026-07-18,ACC-004,5,0,110,108,2,63,true
2026-07-18,ACC-005,6,1,60,59,1,36,true
2026-07-18,ACC-006,6,0,28,27,1,13,true
2026-07-18,ACC-007,7,0,91,89,2,45,true
2026-07-18,ACC-008,8,0,50,49,1,26,true
2026-07-18,ACC-009,8,0,23,23,0,13,true
2026-07-18,ACC-010,9,1,105,103,2,60,true
2026-07-18,ACC-011,9,0,58,57,1,35,true
2026-07-18,ACC-012,10,0,27,26,1,13,true
2026-07-18,ACC-013,3,0,120,117,3,59,true
2026-07-18,ACC-014,3,0,48,47,1,25,true
2026-07-18,ACC-015,4,1,22,21,1,12,true
2026-07-18,ACC-016,4,0,101,99,2,58,true
2026-07-18,ACC-017,5,0,55,54,1,33,true
2026-07-18,ACC-018,6,0,25,24,1,12,true
2026-07-18,ACC-019,6,0,115,112,3,57,true
2026-07-18,ACC-020,7,1,63,62,1,33,true
2026-07-18,ACC-021,8,0,21,21,0,11,true
2026-07-18,ACC-022,8,0,96,94,2,55,true
2026-07-18,ACC-023,9,0,53,52,1,32,true
2026-07-18,ACC-024,9,0,24,24,0,11,true
2026-07-18,ACC-025,10,1,110,108,2,54,true
2026-07-18,ACC-026,3,0,60,59,1,31,true
2026-07-18,ACC-027,3,0,28,27,1,15,true
2026-07-18,ACC-028,4,0,91,89,2,52,true
2026-07-18,ACC-029,4,0,50,49,1,30,true
2026-07-18,ACC-030,5,1,23,22,1,11,true
2026-07-18,ACC-031,6,0,105,102,3,52,true
2026-07-18,ACC-032,6,0,58,57,1,30,true
2026-07-18,ACC-033,7,0,27,26,1,15,true
2026-07-18,ACC-034,8,0,120,117,3,68,true
2026-07-18,ACC-035,8,1,48,47,1,29,true
2026-07-18,ACC-036,0,0,0,0,0,0,true
2026-07-19,ACC-001,3,0,87,85,2,43,true
2026-07-19,ACC-002,3,0,48,47,1,25,true
2026-07-19,ACC-003,4,0,22,21,1,12,true
2026-07-19,ACC-004,5,1,100,98,2,57,true
2026-07-19,ACC-005,5,0,54,53,1,32,true
2026-07-19,ACC-006,6,0,25,24,1,12,true
2026-07-19,ACC-007,6,0,82,80,2,41,true
2026-07-19,ACC-008,7,0,45,44,1,23,true
2026-07-19,ACC-009,7,1,21,21,0,11,true
2026-07-19,ACC-010,8,0,95,93,2,54,true
2026-07-19,ACC-011,9,0,52,51,1,31,true
2026-07-19,ACC-012,9,0,24,24,0,11,true
2026-07-19,ACC-013,2,0,108,106,2,53,true
2026-07-19,ACC-014,3,1,43,42,1,22,true
2026-07-19,ACC-015,3,0,20,20,0,11,true
2026-07-19,ACC-016,4,0,91,89,2,52,true
2026-07-19,ACC-017,5,0,50,49,1,30,true
2026-07-19,ACC-018,5,0,23,22,1,11,true
2026-07-19,ACC-019,6,1,104,101,3,51,true
2026-07-19,ACC-020,6,0,57,56,1,30,true
2026-07-19,ACC-021,7,0,19,19,0,10,true
2026-07-19,ACC-022,7,0,87,85,2,50,true
2026-07-19,ACC-023,8,0,48,47,1,29,true
2026-07-19,ACC-024,9,1,22,22,0,10,true
2026-07-19,ACC-025,9,0,100,98,2,50,true
2026-07-19,ACC-026,2,0,54,53,1,28,true
2026-07-19,ACC-027,3,0,25,24,1,14,true
2026-07-19,ACC-028,3,0,82,80,2,47,true
2026-07-19,ACC-029,4,1,45,44,1,27,true
2026-07-19,ACC-030,5,0,21,21,0,10,true
2026-07-19,ACC-031,5,0,95,93,2,47,true
2026-07-19,ACC-032,6,0,52,51,1,27,true
2026-07-19,ACC-033,6,0,24,23,1,13,true
2026-07-19,ACC-034,7,1,108,106,2,62,true
2026-07-19,ACC-035,7,0,43,42,1,26,true
2026-07-19,ACC-036,0,0,0,0,0,0,true
2026-07-20,ACC-001,5,0,161,158,3,80,true
2026-07-20,ACC-002,6,0,89,87,2,46,true
2026-07-20,ACC-003,7,1,41,40,1,22,true
2026-07-20,ACC-004,8,0,185,181,4,105,true
2026-07-20,ACC-005,10,0,101,99,2,60,true
2026-07-20,ACC-006,11,0,47,46,1,22,true
2026-07-20,ACC-007,12,0,153,149,4,76,true
2026-07-20,ACC-008,13,1,84,82,2,44,true
2026-07-20,ACC-009,14,0,39,38,1,21,true
2026-07-20,ACC-010,15,0,177,173,4,101,true
2026-07-20,ACC-011,16,0,97,95,2,58,true
2026-07-20,ACC-012,17,0,45,44,1,21,true
2026-07-20,ACC-013,4,1,201,197,4,99,true
2026-07-20,ACC-014,5,0,80,78,2,42,true
2026-07-20,ACC-015,6,0,37,36,1,20,true
2026-07-20,ACC-016,7,0,169,166,3,96,true
2026-07-20,ACC-017,8,0,93,91,2,55,true
2026-07-20,ACC-018,10,1,43,42,1,20,true
2026-07-20,ACC-019,11,0,193,188,5,96,true
2026-07-20,ACC-020,12,0,105,103,2,55,true
2026-07-20,ACC-021,13,0,35,34,1,19,true
2026-07-20,ACC-022,14,0,161,157,4,92,true
2026-07-20,ACC-023,15,1,89,87,2,53,true
2026-07-20,ACC-024,16,0,41,40,1,19,true
2026-07-20,ACC-025,17,0,185,181,4,92,true
2026-07-20,ACC-026,4,0,101,99,2,53,true
2026-07-20,ACC-027,5,0,47,46,1,26,true
2026-07-20,ACC-028,6,1,153,150,3,87,true
2026-07-20,ACC-029,7,0,84,82,2,50,true
2026-07-20,ACC-030,8,0,39,38,1,18,true
2026-07-20,ACC-031,10,0,177,173,4,88,true
2026-07-20,ACC-032,11,0,97,95,2,50,true
2026-07-20,ACC-033,12,1,45,44,1,25,true
2026-07-20,ACC-034,13,0,201,196,5,115,true
2026-07-20,ACC-035,14,0,80,78,2,48,true
2026-07-20,ACC-036,0,0,0,0,0,0,true
2026-07-21,ACC-001,6,0,167,163,4,83,true
2026-07-21,ACC-002,7,1,92,90,2,48,true
2026-07-21,ACC-003,8,0,43,42,1,23,true
2026-07-21,ACC-004,9,0,192,188,4,109,true
2026-07-21,ACC-005,10,0,105,103,2,62,true
2026-07-21,ACC-006,11,0,48,47,1,23,true
2026-07-21,ACC-007,12,1,159,155,4,79,true
2026-07-21,ACC-008,13,0,88,86,2,46,true
2026-07-21,ACC-009,14,0,41,40,1,22,true
2026-07-21,ACC-010,15,0,184,180,4,105,true
2026-07-21,ACC-011,16,0,101,98,3,60,true
2026-07-21,ACC-012,18,1,46,45,1,22,true
2026-07-21,ACC-013,4,0,209,205,4,103,true
2026-07-21,ACC-014,6,0,83,81,2,43,true
2026-07-21,ACC-015,7,0,39,38,1,21,true
2026-07-21,ACC-016,8,0,175,172,3,100,true
2026-07-21,ACC-017,9,1,96,94,2,57,true
2026-07-21,ACC-018,10,0,45,44,1,21,true
2026-07-21,ACC-019,11,0,200,195,5,99,true
2026-07-21,ACC-020,12,0,109,107,2,57,true
2026-07-21,ACC-021,13,0,37,36,1,20,true
2026-07-21,ACC-022,14,1,167,163,4,95,true
2026-07-21,ACC-023,15,0,92,90,2,55,true
2026-07-21,ACC-024,16,0,43,42,1,20,true
2026-07-21,ACC-025,18,0,192,188,4,95,true
2026-07-21,ACC-026,4,0,105,103,2,55,true
2026-07-21,ACC-027,6,1,48,47,1,26,true
2026-07-21,ACC-028,7,0,159,156,3,91,true
2026-07-21,ACC-029,8,0,88,86,2,52,true
2026-07-21,ACC-030,9,0,41,40,1,19,true
2026-07-21,ACC-031,10,0,184,179,5,91,true
2026-07-21,ACC-032,11,1,101,99,2,53,true
2026-07-21,ACC-033,12,0,46,45,1,25,true
2026-07-21,ACC-034,13,0,209,204,5,119,true
2026-07-21,ACC-035,14,0,83,81,2,49,true
2026-07-21,ACC-036,0,0,0,0,0,0,true
2026-07-22,ACC-001,5,1,164,161,3,81,true
2026-07-22,ACC-002,6,0,90,88,2,47,true
2026-07-22,ACC-003,8,0,42,41,1,23,true
2026-07-22,ACC-004,9,0,189,185,4,108,true
2026-07-22,ACC-005,10,0,103,101,2,61,true
2026-07-22,ACC-006,11,1,47,46,1,22,true
2026-07-22,ACC-007,12,0,156,152,4,77,true
2026-07-22,ACC-008,13,0,86,84,2,45,true
2026-07-22,ACC-009,14,0,40,39,1,22,true
2026-07-22,ACC-010,15,0,180,176,4,103,true
2026-07-22,ACC-011,16,1,99,97,2,59,true
2026-07-22,ACC-012,17,0,46,45,1,22,true
2026-07-22,ACC-013,4,0,205,201,4,101,true
2026-07-22,ACC-014,5,0,82,80,2,43,true
2026-07-22,ACC-015,6,0,38,37,1,21,true
2026-07-22,ACC-016,8,1,172,169,3,98,true
2026-07-22,ACC-017,9,0,95,93,2,57,true
2026-07-22,ACC-018,10,0,44,43,1,21,true
2026-07-22,ACC-019,11,0,197,192,5,98,true
2026-07-22,ACC-020,12,0,107,105,2,56,true
2026-07-22,ACC-021,13,1,36,35,1,20,true
2026-07-22,ACC-022,14,0,164,160,4,93,true
2026-07-22,ACC-023,15,0,90,88,2,54,true
2026-07-22,ACC-024,16,0,42,41,1,20,true
2026-07-22,ACC-025,17,0,189,185,4,94,true
2026-07-22,ACC-026,4,1,103,101,2,54,true
2026-07-22,ACC-027,5,0,47,46,1,26,true
2026-07-22,ACC-028,6,0,156,153,3,89,true
2026-07-22,ACC-029,8,0,86,84,2,51,true
2026-07-22,ACC-030,9,0,40,39,1,19,true
2026-07-22,ACC-031,10,1,180,176,4,89,true
2026-07-22,ACC-032,11,0,99,97,2,51,true
2026-07-22,ACC-033,12,0,46,45,1,25,true
2026-07-22,ACC-034,13,0,205,200,5,117,true
2026-07-22,ACC-035,14,0,82,80,2,49,true
2026-07-22,ACC-036,0,0,0,0,0,0,true
2026-07-23,ACC-001,5,0,158,155,3,78,true
2026-07-23,ACC-002,6,0,87,85,2,45,true
2026-07-23,ACC-003,7,0,40,39,1,22,true
2026-07-23,ACC-004,8,0,182,179,3,104,true
2026-07-23,ACC-005,9,1,99,97,2,59,true
2026-07-23,ACC-006,10,0,46,45,1,22,true
2026-07-23,ACC-007,11,0,150,146,4,74,true
2026-07-23,ACC-008,12,0,83,81,2,43,true
2026-07-23,ACC-009,14,0,38,37,1,21,true
2026-07-23,ACC-010,15,1,174,170,4,99,true
2026-07-23,ACC-011,16,0,95,93,2,57,true
2026-07-23,ACC-012,17,0,44,43,1,21,true
2026-07-23,ACC-013,4,0,197,193,4,98,true
2026-07-23,ACC-014,5,0,79,77,2,41,true
2026-07-23,ACC-015,6,1,37,36,1,20,true
2026-07-23,ACC-016,7,0,166,163,3,95,true
2026-07-23,ACC-017,8,0,91,89,2,54,true
2026-07-23,ACC-018,9,0,42,41,1,20,true
2026-07-23,ACC-019,10,0,189,184,5,94,true
2026-07-23,ACC-020,11,1,103,101,2,54,true
2026-07-23,ACC-021,12,0,35,34,1,19,true
2026-07-23,ACC-022,14,0,158,154,4,90,true
2026-07-23,ACC-023,15,0,87,85,2,52,true
2026-07-23,ACC-024,16,0,40,39,1,19,true
2026-07-23,ACC-025,17,1,182,178,4,90,true
2026-07-23,ACC-026,4,0,99,97,2,51,true
2026-07-23,ACC-027,5,0,46,45,1,25,true
2026-07-23,ACC-028,6,0,150,147,3,85,true
2026-07-23,ACC-029,7,0,83,81,2,49,true
2026-07-23,ACC-030,8,1,38,37,1,18,true
2026-07-23,ACC-031,9,0,174,170,4,86,true
2026-07-23,ACC-032,10,0,95,93,2,49,true
2026-07-23,ACC-033,11,0,44,43,1,24,true
2026-07-23,ACC-034,12,0,197,192,5,112,true
2026-07-23,ACC-035,14,1,79,77,2,47,true
2026-07-23,ACC-036,0,0,0,0,0,0,true
2026-07-24,ACC-001,5,0,141,138,3,70,true
2026-07-24,ACC-002,6,0,78,76,2,41,true
2026-07-24,ACC-003,7,0,36,35,1,20,true
2026-07-24,ACC-004,7,1,162,159,3,92,true
2026-07-24,ACC-005,8,0,89,87,2,53,true
2026-07-24,ACC-006,9,0,41,40,1,19,true
2026-07-24,ACC-007,10,0,134,131,3,66,true
2026-07-24,ACC-008,11,0,74,73,1,38,true
2026-07-24,ACC-009,12,1,34,33,1,19,true
2026-07-24,ACC-010,13,0,155,151,4,88,true
2026-07-24,ACC-011,14,0,85,83,2,51,true
2026-07-24,ACC-012,15,0,39,38,1,18,true
2026-07-24,ACC-013,4,0,176,172,4,87,true
2026-07-24,ACC-014,5,1,70,68,2,36,true
2026-07-24,ACC-015,6,0,33,32,1,18,true
2026-07-24,ACC-016,7,0,148,145,3,84,true
2026-07-24,ACC-017,7,0,81,79,2,48,true
2026-07-24,ACC-018,8,0,38,37,1,18,true
2026-07-24,ACC-019,9,1,169,165,4,84,true
2026-07-24,ACC-020,10,0,93,91,2,48,true
2026-07-24,ACC-021,11,0,31,30,1,17,true
2026-07-24,ACC-022,12,0,141,138,3,80,true
2026-07-24,ACC-023,13,0,78,76,2,46,true
2026-07-24,ACC-024,14,1,36,35,1,17,true
2026-07-24,ACC-025,15,0,162,159,3,80,true
2026-07-24,ACC-026,4,0,89,87,2,46,true
2026-07-24,ACC-027,5,0,41,40,1,22,true
2026-07-24,ACC-028,6,0,134,131,3,76,true
2026-07-24,ACC-029,7,1,74,72,2,44,true
2026-07-24,ACC-030,7,0,34,33,1,16,true
2026-07-24,ACC-031,8,0,155,151,4,77,true
2026-07-24,ACC-032,9,0,85,83,2,44,true
2026-07-24,ACC-033,10,0,39,38,1,21,true
2026-07-24,ACC-034,11,1,176,172,4,100,true
2026-07-24,ACC-035,12,0,70,68,2,42,true
2026-07-24,ACC-036,0,0,0,0,0,0,true
2026-07-25,ACC-001,3,0,96,94,2,48,true
2026-07-25,ACC-002,4,0,53,52,1,28,true
2026-07-25,ACC-003,4,1,24,23,1,13,true
2026-07-25,ACC-004,5,0,110,108,2,63,true
2026-07-25,ACC-005,6,0,60,59,1,36,true
2026-07-25,ACC-006,6,0,28,27,1,13,true
2026-07-25,ACC-007,7,0,91,89,2,45,true
2026-07-25,ACC-008,8,1,50,49,1,26,true
2026-07-25,ACC-009,8,0,23,23,0,13,true
2026-07-25,ACC-010,9,0,105,103,2,60,true
2026-07-25,ACC-011,9,0,58,57,1,35,true
2026-07-25,ACC-012,10,0,27,26,1,13,true
2026-07-25,ACC-013,3,1,120,117,3,59,true
2026-07-25,ACC-014,3,0,48,47,1,25,true
2026-07-25,ACC-015,4,0,22,21,1,12,true
2026-07-25,ACC-016,4,0,101,99,2,58,true
2026-07-25,ACC-017,5,0,55,54,1,33,true
2026-07-25,ACC-018,6,1,25,24,1,12,true
2026-07-25,ACC-019,6,0,115,112,3,57,true
2026-07-25,ACC-020,7,0,63,62,1,33,true
2026-07-25,ACC-021,8,0,21,21,0,11,true
2026-07-25,ACC-022,8,0,96,94,2,55,true
2026-07-25,ACC-023,9,1,53,52,1,32,true
2026-07-25,ACC-024,9,0,24,24,0,11,true
2026-07-25,ACC-025,10,0,110,108,2,54,true
2026-07-25,ACC-026,3,0,60,59,1,31,true
2026-07-25,ACC-027,3,0,28,27,1,15,true
2026-07-25,ACC-028,4,1,91,89,2,52,true
2026-07-25,ACC-029,4,0,50,49,1,30,true
2026-07-25,ACC-030,5,0,23,22,1,11,true
2026-07-25,ACC-031,6,0,105,102,3,52,true
2026-07-25,ACC-032,6,0,58,57,1,30,true
2026-07-25,ACC-033,7,1,27,26,1,15,true
2026-07-25,ACC-034,8,0,120,117,3,68,true
2026-07-25,ACC-035,8,0,48,47,1,29,true
2026-07-25,ACC-036,0,0,0,0,0,0,true
2026-07-26,ACC-001,3,0,87,85,2,43,true
2026-07-26,ACC-002,3,1,48,47,1,25,true
2026-07-26,ACC-003,4,0,22,21,1,12,true
2026-07-26,ACC-004,5,0,100,98,2,57,true
2026-07-26,ACC-005,5,0,54,53,1,32,true
2026-07-26,ACC-006,6,0,25,24,1,12,true
2026-07-26,ACC-007,6,1,82,80,2,41,true
2026-07-26,ACC-008,7,0,45,44,1,23,true
2026-07-26,ACC-009,7,0,21,21,0,11,true
2026-07-26,ACC-010,8,0,95,93,2,54,true
2026-07-26,ACC-011,9,0,52,51,1,31,true
2026-07-26,ACC-012,9,1,24,24,0,11,true
2026-07-26,ACC-013,2,0,108,106,2,53,true
2026-07-26,ACC-014,3,0,43,42,1,22,true
2026-07-26,ACC-015,3,0,20,20,0,11,true
2026-07-26,ACC-016,4,0,91,89,2,52,true
2026-07-26,ACC-017,5,1,50,49,1,30,true
2026-07-26,ACC-018,5,0,23,22,1,11,true
2026-07-26,ACC-019,6,0,104,101,3,51,true
2026-07-26,ACC-020,6,0,57,56,1,30,true
2026-07-26,ACC-021,7,0,19,19,0,10,true
2026-07-26,ACC-022,7,1,87,85,2,50,true
2026-07-26,ACC-023,8,0,48,47,1,29,true
2026-07-26,ACC-024,9,0,22,22,0,10,true
2026-07-26,ACC-025,9,0,100,98,2,50,true
2026-07-26,ACC-026,2,0,54,53,1,28,true
2026-07-26,ACC-027,3,1,25,24,1,14,true
2026-07-26,ACC-028,3,0,82,80,2,47,true
2026-07-26,ACC-029,4,0,45,44,1,27,true
2026-07-26,ACC-030,5,0,21,21,0,10,true
2026-07-26,ACC-031,5,0,95,93,2,47,true
2026-07-26,ACC-032,6,1,52,51,1,27,true
2026-07-26,ACC-033,6,0,24,23,1,13,true
2026-07-26,ACC-034,7,0,108,106,2,62,true
2026-07-26,ACC-035,7,0,43,42,1,26,true
2026-07-26,ACC-036,8,0,20,20,0,9,true
2026-07-27,ACC-001,5,1,161,158,3,80,true
2026-07-27,ACC-002,6,0,89,87,2,46,true
2026-07-27,ACC-003,7,0,41,40,1,22,true
2026-07-27,ACC-004,8,0,185,181,4,105,true
2026-07-27,ACC-005,10,0,101,99,2,60,true
2026-07-27,ACC-006,11,1,47,46,1,22,true
2026-07-27,ACC-007,12,0,153,149,4,76,true
2026-07-27,ACC-008,13,0,84,82,2,44,true
2026-07-27,ACC-009,14,0,39,38,1,21,true
2026-07-27,ACC-010,15,0,177,173,4,101,true
2026-07-27,ACC-011,16,1,97,95,2,58,true
2026-07-27,ACC-012,17,0,45,44,1,21,true
2026-07-27,ACC-013,4,0,201,197,4,99,true
2026-07-27,ACC-014,5,0,80,78,2,42,true
2026-07-27,ACC-015,6,0,37,36,1,20,true
2026-07-27,ACC-016,7,1,169,166,3,96,true
2026-07-27,ACC-017,8,0,93,91,2,55,true
2026-07-27,ACC-018,10,0,43,42,1,20,true
2026-07-27,ACC-019,11,0,193,188,5,96,true
2026-07-27,ACC-020,12,0,105,103,2,55,true
2026-07-27,ACC-021,13,1,35,34,1,19,true
2026-07-27,ACC-022,14,0,161,157,4,92,true
2026-07-27,ACC-023,15,0,89,87,2,53,true
2026-07-27,ACC-024,16,0,41,40,1,19,true
2026-07-27,ACC-025,17,0,185,181,4,92,true
2026-07-27,ACC-026,4,1,101,99,2,53,true
2026-07-27,ACC-027,5,0,47,46,1,26,true
2026-07-27,ACC-028,6,0,153,150,3,87,true
2026-07-27,ACC-029,7,0,84,82,2,50,true
2026-07-27,ACC-030,8,0,39,38,1,18,true
2026-07-27,ACC-031,10,1,177,173,4,88,true
2026-07-27,ACC-032,11,0,97,95,2,50,true
2026-07-27,ACC-033,12,0,45,44,1,25,true
2026-07-27,ACC-034,13,0,201,196,5,115,true
2026-07-27,ACC-035,14,0,80,78,2,48,true
2026-07-27,ACC-036,15,1,37,36,1,17,true
2026-07-28,ACC-001,6,0,167,163,4,83,true
2026-07-28,ACC-002,7,0,92,90,2,48,true
2026-07-28,ACC-003,8,0,43,42,1,23,true
2026-07-28,ACC-004,9,0,192,188,4,109,true
2026-07-28,ACC-005,10,1,105,103,2,62,true
2026-07-28,ACC-006,11,0,48,47,1,23,true
2026-07-28,ACC-007,12,0,159,155,4,79,true
2026-07-28,ACC-008,13,0,88,86,2,46,true
2026-07-28,ACC-009,14,0,41,40,1,22,true
2026-07-28,ACC-010,15,1,184,180,4,105,true
2026-07-28,ACC-011,16,0,101,98,3,60,true
2026-07-28,ACC-012,18,0,46,45,1,22,true
2026-07-28,ACC-013,4,0,209,205,4,103,true
2026-07-28,ACC-014,6,0,83,81,2,43,true
2026-07-28,ACC-015,7,1,39,38,1,21,true
2026-07-28,ACC-016,8,0,175,172,3,100,true
2026-07-28,ACC-017,9,0,96,94,2,57,true
2026-07-28,ACC-018,10,0,45,44,1,21,true
2026-07-28,ACC-019,11,0,200,195,5,99,true
2026-07-28,ACC-020,12,1,109,107,2,57,true
2026-07-28,ACC-021,13,0,37,36,1,20,true
2026-07-28,ACC-022,14,0,167,163,4,95,true
2026-07-28,ACC-023,15,0,92,90,2,55,true
2026-07-28,ACC-024,16,0,43,42,1,20,true
2026-07-28,ACC-025,18,1,192,188,4,95,true
2026-07-28,ACC-026,4,0,105,103,2,55,true
2026-07-28,ACC-027,6,0,48,47,1,26,true
2026-07-28,ACC-028,7,0,159,156,3,91,true
2026-07-28,ACC-029,8,0,88,86,2,52,true
2026-07-28,ACC-030,9,1,41,40,1,19,true
2026-07-28,ACC-031,10,0,184,179,5,91,true
2026-07-28,ACC-032,11,0,101,99,2,53,true
2026-07-28,ACC-033,12,0,46,45,1,25,true
2026-07-28,ACC-034,13,0,209,204,5,119,true
2026-07-28,ACC-035,14,1,83,81,2,49,true
2026-07-28,ACC-036,15,0,39,38,1,18,true
2026-07-29,ACC-001,5,0,164,161,3,81,true
2026-07-29,ACC-002,6,0,90,88,2,47,true
2026-07-29,ACC-003,8,0,42,41,1,23,true
2026-07-29,ACC-004,9,1,189,185,4,108,true
2026-07-29,ACC-005,10,0,103,101,2,61,true
2026-07-29,ACC-006,11,0,47,46,1,22,true
2026-07-29,ACC-007,12,0,156,152,4,77,true
2026-07-29,ACC-008,13,0,86,84,2,45,true
2026-07-29,ACC-009,14,1,40,39,1,22,true
2026-07-29,ACC-010,15,0,180,176,4,103,true
2026-07-29,ACC-011,16,0,99,97,2,59,true
2026-07-29,ACC-012,17,0,46,45,1,22,true
2026-07-29,ACC-013,4,0,205,201,4,101,true
2026-07-29,ACC-014,5,1,82,80,2,43,true
2026-07-29,ACC-015,6,0,38,37,1,21,true
2026-07-29,ACC-016,8,0,172,169,3,98,true
2026-07-29,ACC-017,9,0,95,93,2,57,true
2026-07-29,ACC-018,10,0,44,43,1,21,true
2026-07-29,ACC-019,11,1,197,192,5,98,true
2026-07-29,ACC-020,12,0,107,105,2,56,true
2026-07-29,ACC-021,13,0,36,35,1,20,true
2026-07-29,ACC-022,14,0,164,160,4,93,true
2026-07-29,ACC-023,15,0,90,88,2,54,true
2026-07-29,ACC-024,16,1,42,41,1,20,true
2026-07-29,ACC-025,17,0,189,185,4,94,true
2026-07-29,ACC-026,4,0,103,101,2,54,true
2026-07-29,ACC-027,5,0,47,46,1,26,true
2026-07-29,ACC-028,6,0,156,153,3,89,true
2026-07-29,ACC-029,8,1,86,84,2,51,true
2026-07-29,ACC-030,9,0,40,39,1,19,true
2026-07-29,ACC-031,10,0,180,176,4,89,true
2026-07-29,ACC-032,11,0,99,97,2,51,true
2026-07-29,ACC-033,12,0,46,45,1,25,true
2026-07-29,ACC-034,13,1,205,200,5,117,true
2026-07-29,ACC-035,14,0,82,80,2,49,true
2026-07-29,ACC-036,15,0,38,37,1,18,true
2026-07-30,ACC-001,5,0,158,155,3,78,true
2026-07-30,ACC-002,6,0,87,85,2,45,true
2026-07-30,ACC-003,7,1,40,39,1,22,true
2026-07-30,ACC-004,8,0,182,179,3,104,true
2026-07-30,ACC-005,9,0,99,97,2,59,true
2026-07-30,ACC-006,10,0,46,45,1,22,true
2026-07-30,ACC-007,11,0,150,146,4,74,true
2026-07-30,ACC-008,12,1,83,81,2,43,true
2026-07-30,ACC-009,14,0,38,37,1,21,true
2026-07-30,ACC-010,15,0,174,170,4,99,true
2026-07-30,ACC-011,16,0,95,93,2,57,true
2026-07-30,ACC-012,17,0,44,43,1,21,true
2026-07-30,ACC-013,4,1,197,193,4,98,true
2026-07-30,ACC-014,5,0,79,77,2,41,true
2026-07-30,ACC-015,6,0,37,36,1,20,true
2026-07-30,ACC-016,7,0,166,163,3,95,true
2026-07-30,ACC-017,8,0,91,89,2,54,true
2026-07-30,ACC-018,9,1,42,41,1,20,true
2026-07-30,ACC-019,10,0,189,184,5,94,true
2026-07-30,ACC-020,11,0,103,101,2,54,true
2026-07-30,ACC-021,12,0,35,34,1,19,true
2026-07-30,ACC-022,14,0,158,154,4,90,true
2026-07-30,ACC-023,15,1,87,85,2,52,true
2026-07-30,ACC-024,16,0,40,39,1,19,true
2026-07-30,ACC-025,17,0,182,178,4,90,true
2026-07-30,ACC-026,4,0,99,97,2,51,true
2026-07-30,ACC-027,5,0,46,45,1,25,true
2026-07-30,ACC-028,6,1,150,147,3,85,true
2026-07-30,ACC-029,7,0,83,81,2,49,true
2026-07-30,ACC-030,8,0,38,37,1,18,true
2026-07-30,ACC-031,9,0,174,170,4,86,true
2026-07-30,ACC-032,10,0,95,93,2,49,true
2026-07-30,ACC-033,11,1,44,43,1,24,true
2026-07-30,ACC-034,12,0,197,192,5,112,true
2026-07-30,ACC-035,14,0,79,77,2,47,true
2026-07-30,ACC-036,15,0,37,36,1,17,true
2026-07-31,ACC-001,5,0,141,138,3,70,true
2026-07-31,ACC-002,6,1,78,76,2,41,true
2026-07-31,ACC-003,7,0,36,35,1,20,true
2026-07-31,ACC-004,7,0,162,159,3,92,true
2026-07-31,ACC-005,8,0,89,87,2,53,true
2026-07-31,ACC-006,9,0,41,40,1,19,true
2026-07-31,ACC-007,10,1,134,131,3,66,true
2026-07-31,ACC-008,11,0,74,73,1,38,true
2026-07-31,ACC-009,12,0,34,33,1,19,true
2026-07-31,ACC-010,13,0,155,151,4,88,true
2026-07-31,ACC-011,14,0,85,83,2,51,true
2026-07-31,ACC-012,15,1,39,38,1,18,true
2026-07-31,ACC-013,4,0,176,172,4,87,true
2026-07-31,ACC-014,5,0,70,68,2,36,true
2026-07-31,ACC-015,6,0,33,32,1,18,true
2026-07-31,ACC-016,7,0,148,145,3,84,true
2026-07-31,ACC-017,7,1,81,79,2,48,true
2026-07-31,ACC-018,8,0,38,37,1,18,true
2026-07-31,ACC-019,9,0,169,165,4,84,true
2026-07-31,ACC-020,10,0,93,91,2,48,true
2026-07-31,ACC-021,11,0,31,30,1,17,true
2026-07-31,ACC-022,12,1,141,138,3,80,true
2026-07-31,ACC-023,13,0,78,76,2,46,true
2026-07-31,ACC-024,14,0,36,35,1,17,true
2026-07-31,ACC-025,15,0,162,159,3,80,true
2026-07-31,ACC-026,4,0,89,87,2,46,true
2026-07-31,ACC-027,5,1,41,40,1,22,true
2026-07-31,ACC-028,6,0,134,131,3,76,true
2026-07-31,ACC-029,7,0,74,72,2,44,true
2026-07-31,ACC-030,7,0,34,33,1,16,true
2026-07-31,ACC-031,8,0,155,151,4,77,true
2026-07-31,ACC-032,9,1,85,83,2,44,true
2026-07-31,ACC-033,10,0,39,38,1,21,true
2026-07-31,ACC-034,11,0,176,172,4,100,true
2026-07-31,ACC-035,12,0,70,68,2,42,true
2026-07-31,ACC-036,13,0,33,32,1,16,true
2026-08-01,ACC-001,3,1,96,94,2,48,true
2026-08-01,ACC-002,4,0,53,52,1,28,true
2026-08-01,ACC-003,4,0,24,23,1,13,true
2026-08-01,ACC-004,5,0,110,108,2,63,true
2026-08-01,ACC-005,6,0,60,59,1,36,true
2026-08-01,ACC-006,6,1,28,27,1,13,true
2026-08-01,ACC-007,7,0,91,89,2,45,true
2026-08-01,ACC-008,8,0,50,49,1,26,true
2026-08-01,ACC-009,8,0,23,23,0,13,true
2026-08-01,ACC-010,9,0,105,103,2,60,true
2026-08-01,ACC-011,9,1,58,57,1,35,true
2026-08-01,ACC-012,10,0,27,26,1,13,true
2026-08-01,ACC-013,3,0,120,117,3,59,true
2026-08-01,ACC-014,3,0,48,47,1,25,true
2026-08-01,ACC-015,4,0,22,21,1,12,true
2026-08-01,ACC-016,4,1,101,99,2,58,true
2026-08-01,ACC-017,5,0,55,54,1,33,true
2026-08-01,ACC-018,6,0,25,24,1,12,true
2026-08-01,ACC-019,6,0,115,112,3,57,true
2026-08-01,ACC-020,7,0,63,62,1,33,true
2026-08-01,ACC-021,8,1,21,21,0,11,true
2026-08-01,ACC-022,8,0,96,94,2,55,true
2026-08-01,ACC-023,9,0,53,52,1,32,true
2026-08-01,ACC-024,9,0,24,24,0,11,true
2026-08-01,ACC-025,10,0,110,108,2,54,true
2026-08-01,ACC-026,3,1,60,59,1,31,true
2026-08-01,ACC-027,3,0,28,27,1,15,true
2026-08-01,ACC-028,4,0,91,89,2,52,true
2026-08-01,ACC-029,4,0,50,49,1,30,true
2026-08-01,ACC-030,5,0,23,22,1,11,true
2026-08-01,ACC-031,6,1,105,102,3,52,true
2026-08-01,ACC-032,6,0,58,57,1,30,true
2026-08-01,ACC-033,7,0,27,26,1,15,true
2026-08-01,ACC-034,8,0,120,117,3,68,true
2026-08-01,ACC-035,8,0,48,47,1,29,true
2026-08-01,ACC-036,9,1,22,22,0,10,true
2026-08-02,ACC-001,3,0,87,85,2,43,true
2026-08-02,ACC-002,3,0,48,47,1,25,true
2026-08-02,ACC-003,4,0,22,21,1,12,true
2026-08-02,ACC-004,5,0,100,98,2,57,true
2026-08-02,ACC-005,5,1,54,53,1,32,true
2026-08-02,ACC-006,6,0,25,24,1,12,true
2026-08-02,ACC-007,6,0,82,80,2,41,true
2026-08-02,ACC-008,7,0,45,44,1,23,true
2026-08-02,ACC-009,7,0,21,21,0,11,true
2026-08-02,ACC-010,8,1,95,93,2,54,true
2026-08-02,ACC-011,9,0,52,51,1,31,true
2026-08-02,ACC-012,9,0,24,24,0,11,true
2026-08-02,ACC-013,2,0,108,106,2,53,true
2026-08-02,ACC-014,3,0,43,42,1,22,true
2026-08-02,ACC-015,3,1,20,20,0,11,true
2026-08-02,ACC-016,4,0,91,89,2,52,true
2026-08-02,ACC-017,5,0,50,49,1,30,true
2026-08-02,ACC-018,5,0,23,22,1,11,true
2026-08-02,ACC-019,6,0,104,101,3,51,true
2026-08-02,ACC-020,6,1,57,56,1,30,true
2026-08-02,ACC-021,7,0,19,19,0,10,true
2026-08-02,ACC-022,7,0,87,85,2,50,true
2026-08-02,ACC-023,8,0,48,47,1,29,true
2026-08-02,ACC-024,9,0,22,22,0,10,true
2026-08-02,ACC-025,9,1,100,98,2,50,true
2026-08-02,ACC-026,2,0,54,53,1,28,true
2026-08-02,ACC-027,3,0,25,24,1,14,true
2026-08-02,ACC-028,3,0,82,80,2,47,true
2026-08-02,ACC-029,4,0,45,44,1,27,true
2026-08-02,ACC-030,5,1,21,21,0,10,true
2026-08-02,ACC-031,5,0,95,93,2,47,true
2026-08-02,ACC-032,6,0,52,51,1,27,true
2026-08-02,ACC-033,6,0,24,23,1,13,true
2026-08-02,ACC-034,7,0,108,106,2,62,true
2026-08-02,ACC-035,7,1,43,42,1,26,true
2026-08-02,ACC-036,8,0,20,20,0,9,true
2026-08-03,ACC-001,5,0,163,160,3,81,true
2026-08-03,ACC-002,6,0,90,88,2,47,true
2026-08-03,ACC-003,7,0,42,41,1,23,true
2026-08-03,ACC-004,8,1,187,183,4,107,true
2026-08-03,ACC-005,10,0,102,100,2,61,true
2026-08-03,ACC-006,11,0,47,46,1,22,true
2026-08-03,ACC-007,12,0,155,151,4,77,true
2026-08-03,ACC-008,13,0,85,83,2,44,true
2026-08-03,ACC-009,14,1,40,39,1,22,true
2026-08-03,ACC-010,15,0,179,175,4,102,true
2026-08-03,ACC-011,16,0,98,96,2,58,true
2026-08-03,ACC-012,17,0,45,44,1,21,true
2026-08-03,ACC-013,4,0,204,200,4,101,true
2026-08-03,ACC-014,5,1,81,79,2,42,true
2026-08-03,ACC-015,6,0,38,37,1,21,true
2026-08-03,ACC-016,7,0,171,168,3,97,true
2026-08-03,ACC-017,8,0,94,92,2,56,true
2026-08-03,ACC-018,10,0,43,42,1,20,true
2026-08-03,ACC-019,11,1,195,190,5,97,true
2026-08-03,ACC-020,12,0,107,105,2,56,true
2026-08-03,ACC-021,13,0,36,35,1,20,true
2026-08-03,ACC-022,14,0,163,159,4,93,true
2026-08-03,ACC-023,15,0,90,88,2,54,true
2026-08-03,ACC-024,16,1,42,41,1,20,true
2026-08-03,ACC-025,17,0,187,183,4,93,true
2026-08-03,ACC-026,4,0,102,100,2,53,true
2026-08-03,ACC-027,5,0,47,46,1,26,true
2026-08-03,ACC-028,6,0,155,152,3,88,true
2026-08-03,ACC-029,7,1,85,83,2,51,true
2026-08-03,ACC-030,8,0,40,39,1,19,true
2026-08-03,ACC-031,10,0,179,175,4,89,true
2026-08-03,ACC-032,11,0,98,96,2,51,true
2026-08-03,ACC-033,12,0,45,44,1,25,true
2026-08-03,ACC-034,13,1,204,199,5,116,true
2026-08-03,ACC-035,14,0,81,79,2,48,true
2026-08-03,ACC-036,15,0,38,37,1,18,true
2026-08-04,ACC-001,6,0,169,165,4,84,true
2026-08-04,ACC-002,7,0,93,91,2,48,true
2026-08-04,ACC-003,8,1,43,42,1,23,true
2026-08-04,ACC-004,9,0,194,190,4,111,true
2026-08-04,ACC-005,10,0,106,104,2,63,true
2026-08-04,ACC-006,11,0,49,48,1,23,true
2026-08-04,ACC-007,12,0,161,157,4,80,true
2026-08-04,ACC-008,13,1,89,87,2,46,true
2026-08-04,ACC-009,14,0,41,40,1,22,true
2026-08-04,ACC-010,15,0,186,182,4,106,true
2026-08-04,ACC-011,16,0,102,99,3,61,true
2026-08-04,ACC-012,18,0,47,46,1,22,true
2026-08-04,ACC-013,4,1,211,207,4,104,true
2026-08-04,ACC-014,6,0,84,82,2,44,true
2026-08-04,ACC-015,7,0,39,38,1,21,true
2026-08-04,ACC-016,8,0,178,175,3,101,true
2026-08-04,ACC-017,9,0,98,96,2,58,true
2026-08-04,ACC-018,10,1,45,44,1,21,true
2026-08-04,ACC-019,11,0,203,198,5,100,true
2026-08-04,ACC-020,12,0,111,109,2,58,true
2026-08-04,ACC-021,13,0,37,36,1,20,true
2026-08-04,ACC-022,14,0,169,165,4,96,true
2026-08-04,ACC-023,15,1,93,91,2,55,true
2026-08-04,ACC-024,16,0,43,42,1,20,true
2026-08-04,ACC-025,18,0,194,190,4,96,true
2026-08-04,ACC-026,4,0,106,104,2,55,true
2026-08-04,ACC-027,6,0,49,48,1,27,true
2026-08-04,ACC-028,7,1,161,158,3,92,true
2026-08-04,ACC-029,8,0,89,87,2,53,true
2026-08-04,ACC-030,9,0,41,40,1,19,true
2026-08-04,ACC-031,10,0,186,181,5,92,true
2026-08-04,ACC-032,11,0,102,100,2,53,true
2026-08-04,ACC-033,12,1,47,46,1,26,true
2026-08-04,ACC-034,13,0,211,206,5,120,true
2026-08-04,ACC-035,14,0,84,82,2,50,true
2026-08-04,ACC-036,15,0,39,38,1,18,true
2026-08-05,ACC-001,5,0,166,163,3,82,true
2026-08-05,ACC-002,6,1,91,89,2,47,true
2026-08-05,ACC-003,8,0,42,41,1,23,true
2026-08-05,ACC-004,9,0,191,187,4,109,true
2026-08-05,ACC-005,10,0,104,102,2,62,true
2026-08-05,ACC-006,11,0,48,47,1,23,true
2026-08-05,ACC-007,12,1,158,154,4,78,true
2026-08-05,ACC-008,13,0,87,85,2,45,true
2026-08-05,ACC-009,14,0,40,39,1,22,true
2026-08-05,ACC-010,15,0,183,179,4,104,true
2026-08-05,ACC-011,16,0,100,98,2,60,true
2026-08-05,ACC-012,17,1,46,45,1,22,true
2026-08-05,ACC-013,4,0,207,203,4,102,true
2026-08-05,ACC-014,5,0,83,81,2,43,true
2026-08-05,ACC-015,6,0,38,37,1,21,true
2026-08-05,ACC-016,8,0,174,171,3,99,true
2026-08-05,ACC-017,9,1,96,94,2,57,true
2026-08-05,ACC-018,10,0,44,43,1,21,true
2026-08-05,ACC-019,11,0,199,194,5,99,true
2026-08-05,ACC-020,12,0,109,107,2,57,true
2026-08-05,ACC-021,13,0,37,36,1,20,true
2026-08-05,ACC-022,14,1,166,162,4,95,true
2026-08-05,ACC-023,15,0,91,89,2,54,true
2026-08-05,ACC-024,16,0,42,41,1,20,true
2026-08-05,ACC-025,17,0,191,187,4,95,true
2026-08-05,ACC-026,4,0,104,102,2,54,true
2026-08-05,ACC-027,5,1,48,47,1,26,true
2026-08-05,ACC-028,6,0,158,155,3,90,true
2026-08-05,ACC-029,8,0,87,85,2,52,true
2026-08-05,ACC-030,9,0,40,39,1,19,true
2026-08-05,ACC-031,10,0,183,178,5,91,true
2026-08-05,ACC-032,11,1,100,98,2,52,true
2026-08-05,ACC-033,12,0,46,45,1,25,true
2026-08-05,ACC-034,13,0,207,202,5,118,true
2026-08-05,ACC-035,14,0,83,81,2,49,true
2026-08-05,ACC-036,15,0,38,37,1,18,true
2026-08-06,ACC-001,5,1,160,157,3,79,true
2026-08-06,ACC-002,6,0,88,86,2,46,true
2026-08-06,ACC-003,7,0,41,40,1,22,true
2026-08-06,ACC-004,8,0,184,181,3,105,true
2026-08-06,ACC-005,9,0,101,99,2,60,true
2026-08-06,ACC-006,10,1,46,45,1,22,true
2026-08-06,ACC-007,11,0,152,148,4,75,true
2026-08-06,ACC-008,12,0,84,82,2,44,true
2026-08-06,ACC-009,14,0,39,38,1,21,true
2026-08-06,ACC-010,15,0,176,172,4,100,true
2026-08-06,ACC-011,16,1,96,94,2,57,true
2026-08-06,ACC-012,17,0,44,43,1,21,true
2026-08-06,ACC-013,4,0,200,196,4,99,true
2026-08-06,ACC-014,5,0,80,78,2,42,true
2026-08-06,ACC-015,6,0,37,36,1,20,true
2026-08-06,ACC-016,7,1,168,165,3,96,true
2026-08-06,ACC-017,8,0,92,90,2,55,true
2026-08-06,ACC-018,9,0,43,42,1,20,true
2026-08-06,ACC-019,10,0,192,187,5,95,true
2026-08-06,ACC-020,11,0,105,103,2,55,true
2026-08-06,ACC-021,12,1,35,34,1,19,true
2026-08-06,ACC-022,14,0,160,156,4,91,true
2026-08-06,ACC-023,15,0,88,86,2,52,true
2026-08-06,ACC-024,16,0,41,40,1,19,true
2026-08-06,ACC-025,17,0,184,180,4,91,true
2026-08-06,ACC-026,4,1,101,99,2,53,true
2026-08-06,ACC-027,5,0,46,45,1,25,true
2026-08-06,ACC-028,6,0,152,149,3,87,true
2026-08-06,ACC-029,7,0,84,82,2,50,true
2026-08-06,ACC-030,8,0,39,38,1,18,true
2026-08-06,ACC-031,9,1,176,172,4,87,true
2026-08-06,ACC-032,10,0,96,94,2,50,true
2026-08-06,ACC-033,11,0,44,43,1,24,true
2026-08-06,ACC-034,12,0,200,195,5,114,true
2026-08-06,ACC-035,14,0,80,78,2,48,true
2026-08-06,ACC-036,15,1,37,36,1,17,true
2026-08-07,ACC-001,5,0,143,140,3,71,true
2026-08-07,ACC-002,6,0,79,77,2,41,true
2026-08-07,ACC-003,7,0,36,35,1,20,true
2026-08-07,ACC-004,7,0,164,161,3,93,true
2026-08-07,ACC-005,8,1,90,88,2,54,true
2026-08-07,ACC-006,9,0,41,40,1,19,true
2026-08-07,ACC-007,10,0,136,133,3,67,true
2026-08-07,ACC-008,11,0,75,74,1,39,true
2026-08-07,ACC-009,12,0,35,34,1,19,true
2026-08-07,ACC-010,13,1,157,153,4,89,true
2026-08-07,ACC-011,14,0,86,84,2,51,true
2026-08-07,ACC-012,15,0,40,39,1,19,true
2026-08-07,ACC-013,4,0,179,175,4,89,true
2026-08-07,ACC-014,5,0,71,69,2,37,true
2026-08-07,ACC-015,6,1,33,32,1,18,true
2026-08-07,ACC-016,7,0,150,147,3,85,true
2026-08-07,ACC-017,7,0,82,80,2,49,true
2026-08-07,ACC-018,8,0,38,37,1,18,true
2026-08-07,ACC-019,9,0,171,167,4,85,true
2026-08-07,ACC-020,10,1,94,92,2,49,true
2026-08-07,ACC-021,11,0,31,30,1,17,true
2026-08-07,ACC-022,12,0,143,140,3,82,true
2026-08-07,ACC-023,13,0,79,77,2,47,true
2026-08-07,ACC-024,14,0,36,35,1,17,true
2026-08-07,ACC-025,15,1,164,161,3,81,true
2026-08-07,ACC-026,4,0,90,88,2,47,true
2026-08-07,ACC-027,5,0,41,40,1,22,true
2026-08-07,ACC-028,6,0,136,133,3,78,true
2026-08-07,ACC-029,7,0,75,73,2,45,true
2026-08-07,ACC-030,7,1,35,34,1,16,true
2026-08-07,ACC-031,8,0,157,153,4,78,true
2026-08-07,ACC-032,9,0,86,84,2,45,true
2026-08-07,ACC-033,10,0,40,39,1,22,true
2026-08-07,ACC-034,11,0,179,175,4,102,true
2026-08-07,ACC-035,12,1,71,69,2,42,true
2026-08-07,ACC-036,13,0,33,32,1,16,true
2026-08-08,ACC-001,3,0,97,95,2,48,true
2026-08-08,ACC-002,4,0,53,52,1,28,true
2026-08-08,ACC-003,4,0,25,24,1,14,true
2026-08-08,ACC-004,5,1,111,109,2,63,true
2026-08-08,ACC-005,6,0,61,60,1,36,true
2026-08-08,ACC-006,6,0,28,27,1,13,true
2026-08-08,ACC-007,7,0,92,90,2,46,true
2026-08-08,ACC-008,8,0,51,50,1,27,true
2026-08-08,ACC-009,8,1,24,23,1,13,true
2026-08-08,ACC-010,9,0,107,105,2,61,true
2026-08-08,ACC-011,9,0,58,57,1,35,true
2026-08-08,ACC-012,10,0,27,26,1,13,true
2026-08-08,ACC-013,3,0,121,118,3,60,true
2026-08-08,ACC-014,3,1,48,47,1,25,true
2026-08-08,ACC-015,4,0,22,21,1,12,true
2026-08-08,ACC-016,4,0,102,100,2,58,true
2026-08-08,ACC-017,5,0,56,55,1,33,true
2026-08-08,ACC-018,6,0,26,25,1,12,true
2026-08-08,ACC-019,6,1,116,113,3,57,true
2026-08-08,ACC-020,7,0,63,62,1,33,true
2026-08-08,ACC-021,8,0,21,21,0,11,true
2026-08-08,ACC-022,8,0,97,95,2,55,true
2026-08-08,ACC-023,9,0,53,52,1,32,true
2026-08-08,ACC-024,9,1,25,25,0,12,true
2026-08-08,ACC-025,10,0,111,109,2,55,true
2026-08-08,ACC-026,3,0,61,60,1,32,true
2026-08-08,ACC-027,3,0,28,27,1,15,true
2026-08-08,ACC-028,4,0,92,90,2,52,true
2026-08-08,ACC-029,4,1,51,50,1,30,true
2026-08-08,ACC-030,5,0,24,23,1,11,true
2026-08-08,ACC-031,6,0,107,104,3,53,true
2026-08-08,ACC-032,6,0,58,57,1,30,true
2026-08-08,ACC-033,7,0,27,26,1,15,true
2026-08-08,ACC-034,8,1,121,118,3,69,true
2026-08-08,ACC-035,8,0,48,47,1,29,true
2026-08-08,ACC-036,9,0,22,22,0,10,true
2026-08-09,ACC-001,3,0,88,86,2,44,true
2026-08-09,ACC-002,3,0,48,47,1,25,true
2026-08-09,ACC-003,4,1,22,21,1,12,true
2026-08-09,ACC-004,5,0,101,99,2,58,true
2026-08-09,ACC-005,5,0,55,54,1,33,true
2026-08-09,ACC-006,6,0,25,24,1,12,true
2026-08-09,ACC-007,6,0,83,81,2,41,true
2026-08-09,ACC-008,7,1,46,45,1,24,true
2026-08-09,ACC-009,7,0,21,21,0,11,true
2026-08-09,ACC-010,8,0,96,94,2,55,true
2026-08-09,ACC-011,9,0,53,52,1,32,true
2026-08-09,ACC-012,9,0,24,24,0,11,true
2026-08-09,ACC-013,2,1,109,107,2,54,true
2026-08-09,ACC-014,3,0,44,43,1,23,true
2026-08-09,ACC-015,3,0,20,20,0,11,true
2026-08-09,ACC-016,4,0,92,90,2,52,true
2026-08-09,ACC-017,5,0,51,50,1,30,true
2026-08-09,ACC-018,5,1,23,22,1,11,true
2026-08-09,ACC-019,6,0,105,102,3,52,true
2026-08-09,ACC-020,6,0,57,56,1,30,true
2026-08-09,ACC-021,7,0,19,19,0,10,true
2026-08-09,ACC-022,7,0,88,86,2,50,true
2026-08-09,ACC-023,8,1,48,47,1,29,true
2026-08-09,ACC-024,9,0,22,22,0,10,true
2026-08-09,ACC-025,9,0,101,99,2,50,true
2026-08-09,ACC-026,2,0,55,54,1,29,true
2026-08-09,ACC-027,3,0,25,24,1,14,true
2026-08-09,ACC-028,3,1,83,81,2,47,true
2026-08-09,ACC-029,4,0,46,45,1,27,true
2026-08-09,ACC-030,5,0,21,21,0,10,true
2026-08-09,ACC-031,5,0,96,94,2,48,true
2026-08-09,ACC-032,6,0,53,52,1,28,true
2026-08-09,ACC-033,6,1,24,23,1,13,true
2026-08-09,ACC-034,7,0,109,106,3,62,true
2026-08-09,ACC-035,7,0,44,43,1,26,true
2026-08-09,ACC-036,8,0,20,20,0,9,true
2026-08-10,ACC-001,5,0,163,160,3,81,true
2026-08-10,ACC-002,6,1,90,88,2,47,true
2026-08-10,ACC-003,7,0,42,41,1,23,true
2026-08-10,ACC-004,8,0,187,183,4,107,true
2026-08-10,ACC-005,10,0,102,100,2,61,true
2026-08-10,ACC-006,11,0,47,46,1,22,true
2026-08-10,ACC-007,12,1,155,151,4,77,true
2026-08-10,ACC-008,13,0,85,83,2,44,true
2026-08-10,ACC-009,14,0,40,39,1,22,true
2026-08-10,ACC-010,15,0,179,175,4,102,true
2026-08-10,ACC-011,16,0,98,96,2,58,true
2026-08-10,ACC-012,17,1,45,44,1,21,true
2026-08-10,ACC-013,4,0,204,200,4,101,true
2026-08-10,ACC-014,5,0,81,79,2,42,true
2026-08-10,ACC-015,6,0,38,37,1,21,true
2026-08-10,ACC-016,7,0,171,168,3,97,true
2026-08-10,ACC-017,8,1,94,92,2,56,true
2026-08-10,ACC-018,10,0,43,42,1,20,true
2026-08-10,ACC-019,11,0,195,190,5,97,true
2026-08-10,ACC-020,12,0,107,105,2,56,true
2026-08-10,ACC-021,13,0,36,35,1,20,true
2026-08-10,ACC-022,14,1,163,159,4,93,true
2026-08-10,ACC-023,15,0,90,88,2,54,true
2026-08-10,ACC-024,16,0,42,41,1,20,true
2026-08-10,ACC-025,17,0,187,183,4,93,true
2026-08-10,ACC-026,4,0,102,100,2,53,true
2026-08-10,ACC-027,5,1,47,46,1,26,true
2026-08-10,ACC-028,6,0,155,152,3,88,true
2026-08-10,ACC-029,7,0,85,83,2,51,true
2026-08-10,ACC-030,8,0,40,39,1,19,true
2026-08-10,ACC-031,10,0,179,175,4,89,true
2026-08-10,ACC-032,11,1,98,96,2,51,true
2026-08-10,ACC-033,12,0,45,44,1,25,true
2026-08-10,ACC-034,13,0,204,199,5,116,true
2026-08-10,ACC-035,14,0,81,79,2,48,true
2026-08-10,ACC-036,15,0,38,37,1,18,true
2026-08-11,ACC-001,6,1,169,165,4,84,true
2026-08-11,ACC-002,7,0,93,91,2,48,true
2026-08-11,ACC-003,8,0,43,42,1,23,true
2026-08-11,ACC-004,9,0,194,190,4,111,true
2026-08-11,ACC-005,10,0,106,104,2,63,true
2026-08-11,ACC-006,11,1,49,48,1,23,true
2026-08-11,ACC-007,12,0,161,157,4,80,true
2026-08-11,ACC-008,13,0,89,87,2,46,true
2026-08-11,ACC-009,14,0,41,40,1,22,true
2026-08-11,ACC-010,15,0,186,182,4,106,true
2026-08-11,ACC-011,16,1,102,99,3,61,true
2026-08-11,ACC-012,18,0,47,46,1,22,true
2026-08-11,ACC-013,4,0,211,207,4,104,true
2026-08-11,ACC-014,6,0,84,82,2,44,true
2026-08-11,ACC-015,7,0,39,38,1,21,true
2026-08-11,ACC-016,8,1,178,175,3,101,true
2026-08-11,ACC-017,9,0,98,96,2,58,true
2026-08-11,ACC-018,10,0,45,44,1,21,true
2026-08-11,ACC-019,11,0,203,198,5,100,true
2026-08-11,ACC-020,12,0,111,109,2,58,true
2026-08-11,ACC-021,13,1,37,36,1,20,true
2026-08-11,ACC-022,14,0,169,165,4,96,true
2026-08-11,ACC-023,15,0,93,91,2,55,true
2026-08-11,ACC-024,16,0,43,42,1,20,true
2026-08-11,ACC-025,18,0,194,190,4,96,true
2026-08-11,ACC-026,4,1,106,104,2,55,true
2026-08-11,ACC-027,6,0,49,48,1,27,true
2026-08-11,ACC-028,7,0,161,158,3,92,true
2026-08-11,ACC-029,8,0,89,87,2,53,true
2026-08-11,ACC-030,9,0,41,40,1,19,true
2026-08-11,ACC-031,10,1,186,181,5,92,true
2026-08-11,ACC-032,11,0,102,100,2,53,true
2026-08-11,ACC-033,12,0,47,46,1,26,true
2026-08-11,ACC-034,13,0,211,206,5,120,true
2026-08-11,ACC-035,14,0,84,82,2,50,true
2026-08-11,ACC-036,15,1,39,38,1,18,true
2026-08-12,ACC-001,5,0,166,163,3,82,true
2026-08-12,ACC-002,6,0,91,89,2,47,true
2026-08-12,ACC-003,8,0,42,41,1,23,true
2026-08-12,ACC-004,9,0,191,187,4,109,true
2026-08-12,ACC-005,10,1,104,102,2,62,true
2026-08-12,ACC-006,11,0,48,47,1,23,true
2026-08-12,ACC-007,12,0,158,154,4,78,true
2026-08-12,ACC-008,13,0,87,85,2,45,true
2026-08-12,ACC-009,14,0,40,39,1,22,true
2026-08-12,ACC-010,15,1,183,179,4,104,true
2026-08-12,ACC-011,16,0,100,98,2,60,true
2026-08-12,ACC-012,17,0,46,45,1,22,true
2026-08-12,ACC-013,4,0,207,203,4,102,true
2026-08-12,ACC-014,5,0,83,81,2,43,true
2026-08-12,ACC-015,6,1,38,37,1,21,true
2026-08-12,ACC-016,8,0,174,171,3,99,true
2026-08-12,ACC-017,9,0,96,94,2,57,true
2026-08-12,ACC-018,10,0,44,43,1,21,true
2026-08-12,ACC-019,11,0,199,194,5,99,true
2026-08-12,ACC-020,12,1,109,107,2,57,true
2026-08-12,ACC-021,13,0,37,36,1,20,true
2026-08-12,ACC-022,14,0,166,162,4,95,true
2026-08-12,ACC-023,15,0,91,89,2,54,true
2026-08-12,ACC-024,16,0,42,41,1,20,true
2026-08-12,ACC-025,17,1,191,187,4,95,true
2026-08-12,ACC-026,4,0,104,102,2,54,true
2026-08-12,ACC-027,5,0,48,47,1,26,true
2026-08-12,ACC-028,6,0,158,155,3,90,true
2026-08-12,ACC-029,8,0,87,85,2,52,true
2026-08-12,ACC-030,9,1,40,39,1,19,true
2026-08-12,ACC-031,10,0,183,178,5,91,true
2026-08-12,ACC-032,11,0,100,98,2,52,true
2026-08-12,ACC-033,12,0,46,45,1,25,true
2026-08-12,ACC-034,13,0,207,202,5,118,true
2026-08-12,ACC-035,14,1,83,81,2,49,true
2026-08-12,ACC-036,15,0,38,37,1,18,true
2026-08-13,ACC-001,5,0,160,157,3,79,true
2026-08-13,ACC-002,6,0,88,86,2,46,true
2026-08-13,ACC-003,7,0,41,40,1,22,true
2026-08-13,ACC-004,8,1,184,181,3,105,true
2026-08-13,ACC-005,9,0,101,99,2,60,true
2026-08-13,ACC-006,10,0,46,45,1,22,true
2026-08-13,ACC-007,11,0,152,148,4,75,true
2026-08-13,ACC-008,12,0,84,82,2,44,true
2026-08-13,ACC-009,14,1,39,38,1,21,true
2026-08-13,ACC-010,15,0,176,172,4,100,true
2026-08-13,ACC-011,16,0,96,94,2,57,true
2026-08-13,ACC-012,17,0,44,43,1,21,true
2026-08-13,ACC-013,4,0,200,196,4,99,true
2026-08-13,ACC-014,5,1,80,78,2,42,true
2026-08-13,ACC-015,6,0,37,36,1,20,true
2026-08-13,ACC-016,7,0,168,165,3,96,true
2026-08-13,ACC-017,8,0,92,90,2,55,true
2026-08-13,ACC-018,9,0,43,42,1,20,true
2026-08-13,ACC-019,10,1,192,187,5,95,true
2026-08-13,ACC-020,11,0,105,103,2,55,true
2026-08-13,ACC-021,12,0,35,34,1,19,true
2026-08-13,ACC-022,14,0,160,156,4,91,true
2026-08-13,ACC-023,15,0,88,86,2,52,true
2026-08-13,ACC-024,16,1,41,40,1,19,true
2026-08-13,ACC-025,17,0,184,180,4,91,true
2026-08-13,ACC-026,4,0,101,99,2,53,true
2026-08-13,ACC-027,5,0,46,45,1,25,true
2026-08-13,ACC-028,6,0,152,149,3,87,true
2026-08-13,ACC-029,7,1,84,82,2,50,true
2026-08-13,ACC-030,8,0,39,38,1,18,true
2026-08-13,ACC-031,9,0,176,172,4,87,true
2026-08-13,ACC-032,10,0,96,94,2,50,true
2026-08-13,ACC-033,11,0,44,43,1,24,true
2026-08-13,ACC-034,12,1,200,195,5,114,true
2026-08-13,ACC-035,14,0,80,78,2,48,true
2026-08-13,ACC-036,15,0,37,36,1,17,true
2026-08-14,ACC-001,5,0,143,140,3,71,true
2026-08-14,ACC-002,6,0,79,77,2,41,true
2026-08-14,ACC-003,7,1,36,35,1,20,true
2026-08-14,ACC-004,7,0,164,161,3,93,true
2026-08-14,ACC-005,8,0,90,88,2,54,true
2026-08-14,ACC-006,9,0,41,40,1,19,true
2026-08-14,ACC-007,10,0,136,133,3,67,true
2026-08-14,ACC-008,11,1,75,74,1,39,true
2026-08-14,ACC-009,12,0,35,34,1,19,true
2026-08-14,ACC-010,13,0,157,153,4,89,true
2026-08-14,ACC-011,14,0,86,84,2,51,true
2026-08-14,ACC-012,15,0,40,39,1,19,true
2026-08-14,ACC-013,4,1,179,175,4,89,true
2026-08-14,ACC-014,5,0,71,69,2,37,true
2026-08-14,ACC-015,6,0,33,32,1,18,true
2026-08-14,ACC-016,7,0,150,147,3,85,true
2026-08-14,ACC-017,7,0,82,80,2,49,true
2026-08-14,ACC-018,8,1,38,37,1,18,true
2026-08-14,ACC-019,9,0,171,167,4,85,true
2026-08-14,ACC-020,10,0,94,92,2,49,true
2026-08-14,ACC-021,11,0,31,30,1,17,true
2026-08-14,ACC-022,12,0,143,140,3,82,true
2026-08-14,ACC-023,13,1,79,77,2,47,true
2026-08-14,ACC-024,14,0,36,35,1,17,true
2026-08-14,ACC-025,15,0,164,161,3,81,true
2026-08-14,ACC-026,4,0,90,88,2,47,true
2026-08-14,ACC-027,5,0,41,40,1,22,true
2026-08-14,ACC-028,6,1,136,133,3,78,true
2026-08-14,ACC-029,7,0,75,73,2,45,true
2026-08-14,ACC-030,7,0,35,34,1,16,true
2026-08-14,ACC-031,8,0,157,153,4,78,true
2026-08-14,ACC-032,9,0,86,84,2,45,true
2026-08-14,ACC-033,10,1,40,39,1,22,true
2026-08-14,ACC-034,11,0,179,175,4,102,true
2026-08-14,ACC-035,12,0,71,69,2,42,true
2026-08-14,ACC-036,13,0,33,32,1,16,true
2026-08-15,ACC-001,3,0,97,95,2,48,true
2026-08-15,ACC-002,4,1,53,52,1,28,true
2026-08-15,ACC-003,4,0,25,24,1,14,true
2026-08-15,ACC-004,5,0,111,109,2,63,true
2026-08-15,ACC-005,6,0,61,60,1,36,true
2026-08-15,ACC-006,6,0,28,27,1,13,true
2026-08-15,ACC-007,7,1,92,90,2,46,true
2026-08-15,ACC-008,8,0,51,50,1,27,true
2026-08-15,ACC-009,8,0,24,23,1,13,true
2026-08-15,ACC-010,9,0,107,105,2,61,true
2026-08-15,ACC-011,9,0,58,57,1,35,true
2026-08-15,ACC-012,10,1,27,26,1,13,true
2026-08-15,ACC-013,3,0,121,118,3,60,true
2026-08-15,ACC-014,3,0,48,47,1,25,true
2026-08-15,ACC-015,4,0,22,21,1,12,true
2026-08-15,ACC-016,4,0,102,100,2,58,true
2026-08-15,ACC-017,5,1,56,55,1,33,true
2026-08-15,ACC-018,6,0,26,25,1,12,true
2026-08-15,ACC-019,6,0,116,113,3,57,true
2026-08-15,ACC-020,7,0,63,62,1,33,true
2026-08-15,ACC-021,8,0,21,21,0,11,true
2026-08-15,ACC-022,8,1,97,95,2,55,true
2026-08-15,ACC-023,9,0,53,52,1,32,true
2026-08-15,ACC-024,9,0,25,25,0,12,true
2026-08-15,ACC-025,10,0,111,109,2,55,true
2026-08-15,ACC-026,3,0,61,60,1,32,true
2026-08-15,ACC-027,3,1,28,27,1,15,true
2026-08-15,ACC-028,4,0,92,90,2,52,true
2026-08-15,ACC-029,4,0,51,50,1,30,true
2026-08-15,ACC-030,5,0,24,23,1,11,true
2026-08-15,ACC-031,6,0,107,104,3,53,true
2026-08-15,ACC-032,6,1,58,57,1,30,true
2026-08-15,ACC-033,7,0,27,26,1,15,true
2026-08-15,ACC-034,8,0,121,118,3,69,true
2026-08-15,ACC-035,8,0,48,47,1,29,true
2026-08-15,ACC-036,9,0,22,22,0,10,true
2026-08-16,ACC-001,3,1,88,86,2,44,true
2026-08-16,ACC-002,3,0,48,47,1,25,true
2026-08-16,ACC-003,4,0,22,21,1,12,true
2026-08-16,ACC-004,5,0,101,99,2,58,true
2026-08-16,ACC-005,5,0,55,54,1,33,true
2026-08-16,ACC-006,6,1,25,24,1,12,true
2026-08-16,ACC-007,6,0,83,81,2,41,true
2026-08-16,ACC-008,7,0,46,45,1,24,true
2026-08-16,ACC-009,7,0,21,21,0,11,true
2026-08-16,ACC-010,8,0,96,94,2,55,true
2026-08-16,ACC-011,9,1,53,52,1,32,true
2026-08-16,ACC-012,9,0,24,24,0,11,true
2026-08-16,ACC-013,2,0,109,107,2,54,true
2026-08-16,ACC-014,3,0,44,43,1,23,true
2026-08-16,ACC-015,3,0,20,20,0,11,true
2026-08-16,ACC-016,4,1,92,90,2,52,true
2026-08-16,ACC-017,5,0,51,50,1,30,true
2026-08-16,ACC-018,5,0,23,22,1,11,true
2026-08-16,ACC-019,6,0,105,102,3,52,true
2026-08-16,ACC-020,6,0,57,56,1,30,true
2026-08-16,ACC-021,7,1,19,19,0,10,true
2026-08-16,ACC-022,7,0,88,86,2,50,true
2026-08-16,ACC-023,8,0,48,47,1,29,true
2026-08-16,ACC-024,9,0,22,22,0,10,true
2026-08-16,ACC-025,9,0,101,99,2,50,true
2026-08-16,ACC-026,2,1,55,54,1,29,true
2026-08-16,ACC-027,3,0,25,24,1,14,true
2026-08-16,ACC-028,3,0,83,81,2,47,true
2026-08-16,ACC-029,4,0,46,45,1,27,true
2026-08-16,ACC-030,5,0,21,21,0,10,true
2026-08-16,ACC-031,5,1,96,94,2,48,true
2026-08-16,ACC-032,6,0,53,52,1,28,true
2026-08-16,ACC-033,6,0,24,23,1,13,true
2026-08-16,ACC-034,7,0,109,106,3,62,true
2026-08-16,ACC-035,7,0,44,43,1,26,true
2026-08-16,ACC-036,8,1,20,20,0,9,true
2026-08-17,ACC-001,5,0,163,160,3,81,true
2026-08-17,ACC-002,6,0,90,88,2,47,true
2026-08-17,ACC-003,7,0,42,41,1,23,true
2026-08-17,ACC-004,8,0,187,183,4,107,true
2026-08-17,ACC-005,10,1,102,100,2,61,true
2026-08-17,ACC-006,11,0,47,46,1,22,true
2026-08-17,ACC-007,12,0,155,151,4,77,true
2026-08-17,ACC-008,13,0,85,83,2,44,true
2026-08-17,ACC-009,14,0,40,39,1,22,true
2026-08-17,ACC-010,15,1,179,175,4,102,true
2026-08-17,ACC-011,16,0,98,96,2,58,true
2026-08-17,ACC-012,17,0,45,44,1,21,true
2026-08-17,ACC-013,4,0,204,200,4,101,true
2026-08-17,ACC-014,5,0,81,79,2,42,true
2026-08-17,ACC-015,6,1,38,37,1,21,true
2026-08-17,ACC-016,7,0,171,168,3,97,true
2026-08-17,ACC-017,8,0,94,92,2,56,true
2026-08-17,ACC-018,10,0,43,42,1,20,true
2026-08-17,ACC-019,11,0,195,190,5,97,true
2026-08-17,ACC-020,12,1,107,105,2,56,true
2026-08-17,ACC-021,13,0,36,35,1,20,true
2026-08-17,ACC-022,14,0,163,159,4,93,true
2026-08-17,ACC-023,15,0,90,88,2,54,true
2026-08-17,ACC-024,16,0,42,41,1,20,true
2026-08-17,ACC-025,17,1,187,183,4,93,true
2026-08-17,ACC-026,4,0,102,100,2,53,true
2026-08-17,ACC-027,5,0,47,46,1,26,true
2026-08-17,ACC-028,6,0,155,152,3,88,true
2026-08-17,ACC-029,7,0,85,83,2,51,true
2026-08-17,ACC-030,8,1,40,39,1,19,true
2026-08-17,ACC-031,10,0,179,175,4,89,true
2026-08-17,ACC-032,11,0,98,96,2,51,true
2026-08-17,ACC-033,12,0,45,44,1,25,true
2026-08-17,ACC-034,13,0,204,199,5,116,true
2026-08-17,ACC-035,14,1,81,79,2,48,true
2026-08-17,ACC-036,15,0,38,37,1,18,true
2026-08-18,ACC-001,6,0,169,165,4,84,true
2026-08-18,ACC-002,7,0,93,91,2,48,true
2026-08-18,ACC-003,8,0,43,42,1,23,true
2026-08-18,ACC-004,9,1,194,190,4,111,true
2026-08-18,ACC-005,10,0,106,104,2,63,true
2026-08-18,ACC-006,11,0,49,48,1,23,true
2026-08-18,ACC-007,12,0,161,157,4,80,true
2026-08-18,ACC-008,13,0,89,87,2,46,true
2026-08-18,ACC-009,14,1,41,40,1,22,true
2026-08-18,ACC-010,15,0,186,182,4,106,true
2026-08-18,ACC-011,16,0,102,99,3,61,true
2026-08-18,ACC-012,18,0,47,46,1,22,true
2026-08-18,ACC-013,4,0,211,207,4,104,true
2026-08-18,ACC-014,6,1,84,82,2,44,true
2026-08-18,ACC-015,7,0,39,38,1,21,true
2026-08-18,ACC-016,8,0,178,175,3,101,true
2026-08-18,ACC-017,9,0,98,96,2,58,true
2026-08-18,ACC-018,10,0,45,44,1,21,true
2026-08-18,ACC-019,11,1,203,198,5,100,true
2026-08-18,ACC-020,12,0,111,109,2,58,true
2026-08-18,ACC-021,13,0,37,36,1,20,true
2026-08-18,ACC-022,14,0,169,165,4,96,true
2026-08-18,ACC-023,15,0,93,91,2,55,true
2026-08-18,ACC-024,16,1,43,42,1,20,true
2026-08-18,ACC-025,18,0,194,190,4,96,true
2026-08-18,ACC-026,4,0,106,104,2,55,true
2026-08-18,ACC-027,6,0,49,48,1,27,true
2026-08-18,ACC-028,7,0,161,158,3,92,true
2026-08-18,ACC-029,8,1,89,87,2,53,true
2026-08-18,ACC-030,9,0,41,40,1,19,true
2026-08-18,ACC-031,10,0,186,181,5,92,true
2026-08-18,ACC-032,11,0,102,100,2,53,true
2026-08-18,ACC-033,12,0,47,46,1,26,true
2026-08-18,ACC-034,13,1,211,206,5,120,true
2026-08-18,ACC-035,14,0,84,82,2,50,true
2026-08-18,ACC-036,15,0,39,38,1,18,true
2026-08-19,ACC-001,5,0,166,163,3,82,true
2026-08-19,ACC-002,6,0,91,89,2,47,true
2026-08-19,ACC-003,8,1,42,41,1,23,true
2026-08-19,ACC-004,9,0,191,187,4,109,true
2026-08-19,ACC-005,10,0,104,102,2,62,true
2026-08-19,ACC-006,11,0,48,47,1,23,true
2026-08-19,ACC-007,12,0,158,154,4,78,true
2026-08-19,ACC-008,13,1,87,85,2,45,true
2026-08-19,ACC-009,14,0,40,39,1,22,true
2026-08-19,ACC-010,15,0,183,179,4,104,true
2026-08-19,ACC-011,16,0,100,98,2,60,true
2026-08-19,ACC-012,17,0,46,45,1,22,true
2026-08-19,ACC-013,4,1,207,203,4,102,true
2026-08-19,ACC-014,5,0,83,81,2,43,true
2026-08-19,ACC-015,6,0,38,37,1,21,true
2026-08-19,ACC-016,8,0,174,171,3,99,true
2026-08-19,ACC-017,9,0,96,94,2,57,true
2026-08-19,ACC-018,10,1,44,43,1,21,true
2026-08-19,ACC-019,11,0,199,194,5,99,true
2026-08-19,ACC-020,12,0,109,107,2,57,true
2026-08-19,ACC-021,13,0,37,36,1,20,true
2026-08-19,ACC-022,14,0,166,162,4,95,true
2026-08-19,ACC-023,15,1,91,89,2,54,true
2026-08-19,ACC-024,16,0,42,41,1,20,true
2026-08-19,ACC-025,17,0,191,187,4,95,true
2026-08-19,ACC-026,4,0,104,102,2,54,true
2026-08-19,ACC-027,5,0,48,47,1,26,true
2026-08-19,ACC-028,6,1,158,155,3,90,true
2026-08-19,ACC-029,8,0,87,85,2,52,true
2026-08-19,ACC-030,9,0,40,39,1,19,true
2026-08-19,ACC-031,10,0,183,178,5,91,true
2026-08-19,ACC-032,11,0,100,98,2,52,true
2026-08-19,ACC-033,12,1,46,45,1,25,true
2026-08-19,ACC-034,13,0,207,202,5,118,true
2026-08-19,ACC-035,14,0,83,81,2,49,true
2026-08-19,ACC-036,15,0,38,37,1,18,true
2026-08-20,ACC-001,5,0,160,157,3,79,true
2026-08-20,ACC-002,6,1,88,86,2,46,true
2026-08-20,ACC-003,7,0,41,40,1,22,true
2026-08-20,ACC-004,8,0,184,181,3,105,true
2026-08-20,ACC-005,9,0,101,99,2,60,true
2026-08-20,ACC-006,10,0,46,45,1,22,true
2026-08-20,ACC-007,11,1,152,148,4,75,true
2026-08-20,ACC-008,12,0,84,82,2,44,true
2026-08-20,ACC-009,14,0,39,38,1,21,true
2026-08-20,ACC-010,15,0,176,172,4,100,true
2026-08-20,ACC-011,16,0,96,94,2,57,true
2026-08-20,ACC-012,17,1,44,43,1,21,true
2026-08-20,ACC-013,4,0,200,196,4,99,true
2026-08-20,ACC-014,5,0,80,78,2,42,true
2026-08-20,ACC-015,6,0,37,36,1,20,true
2026-08-20,ACC-016,7,0,168,165,3,96,true
2026-08-20,ACC-017,8,1,92,90,2,55,true
2026-08-20,ACC-018,9,0,43,42,1,20,true
2026-08-20,ACC-019,10,0,192,187,5,95,true
2026-08-20,ACC-020,11,0,105,103,2,55,true
2026-08-20,ACC-021,12,0,35,34,1,19,true
2026-08-20,ACC-022,14,1,160,156,4,91,true
2026-08-20,ACC-023,15,0,88,86,2,52,true
2026-08-20,ACC-024,16,0,41,40,1,19,true
2026-08-20,ACC-025,17,0,184,180,4,91,true
2026-08-20,ACC-026,4,0,101,99,2,53,true
2026-08-20,ACC-027,5,1,46,45,1,25,true
2026-08-20,ACC-028,6,0,152,149,3,87,true
2026-08-20,ACC-029,7,0,84,82,2,50,true
2026-08-20,ACC-030,8,0,39,38,1,18,true
2026-08-20,ACC-031,9,0,176,172,4,87,true
2026-08-20,ACC-032,10,1,96,94,2,50,true
2026-08-20,ACC-033,11,0,44,43,1,24,true
2026-08-20,ACC-034,12,0,200,195,5,114,true
2026-08-20,ACC-035,14,0,80,78,2,48,true
2026-08-20,ACC-036,15,0,37,36,1,17,true
2026-08-21,ACC-001,5,1,143,140,3,71,true
2026-08-21,ACC-002,6,0,79,77,2,41,true
2026-08-21,ACC-003,7,0,36,35,1,20,true
2026-08-21,ACC-004,7,0,164,161,3,93,true
2026-08-21,ACC-005,8,0,90,88,2,54,true
2026-08-21,ACC-006,9,1,41,40,1,19,true
2026-08-21,ACC-007,10,0,136,133,3,67,true
2026-08-21,ACC-008,11,0,75,74,1,39,true
2026-08-21,ACC-009,12,0,35,34,1,19,true
2026-08-21,ACC-010,13,0,157,153,4,89,true
2026-08-21,ACC-011,14,1,86,84,2,51,true
2026-08-21,ACC-012,15,0,40,39,1,19,true
2026-08-21,ACC-013,4,0,179,175,4,89,true
2026-08-21,ACC-014,5,0,71,69,2,37,true
2026-08-21,ACC-015,6,0,33,32,1,18,true
2026-08-21,ACC-016,7,1,150,147,3,85,true
2026-08-21,ACC-017,7,0,82,80,2,49,true
2026-08-21,ACC-018,8,0,38,37,1,18,true
2026-08-21,ACC-019,9,0,171,167,4,85,true
2026-08-21,ACC-020,10,0,94,92,2,49,true
2026-08-21,ACC-021,11,1,31,30,1,17,true
2026-08-21,ACC-022,12,0,143,140,3,82,true
2026-08-21,ACC-023,13,0,79,77,2,47,true
2026-08-21,ACC-024,14,0,36,35,1,17,true
2026-08-21,ACC-025,15,0,164,161,3,81,true
2026-08-21,ACC-026,4,1,90,88,2,47,true
2026-08-21,ACC-027,5,0,41,40,1,22,true
2026-08-21,ACC-028,6,0,136,133,3,78,true
2026-08-21,ACC-029,7,0,75,73,2,45,true
2026-08-21,ACC-030,7,0,35,34,1,16,true
2026-08-21,ACC-031,8,1,157,153,4,78,true
2026-08-21,ACC-032,9,0,86,84,2,45,true
2026-08-21,ACC-033,10,0,40,39,1,22,true
2026-08-21,ACC-034,11,0,179,175,4,102,true
2026-08-21,ACC-035,12,0,71,69,2,42,true
2026-08-21,ACC-036,13,1,33,32,1,16,true
2026-08-22,ACC-001,3,0,97,95,2,48,true
2026-08-22,ACC-002,4,0,53,52,1,28,true
2026-08-22,ACC-003,4,0,25,24,1,14,true
2026-08-22,ACC-004,5,0,111,109,2,63,true
2026-08-22,ACC-005,6,1,61,60,1,36,true
2026-08-22,ACC-006,6,0,28,27,1,13,true
2026-08-22,ACC-007,7,0,92,90,2,46,true
2026-08-22,ACC-008,8,0,51,50,1,27,true
2026-08-22,ACC-009,8,0,24,23,1,13,true
2026-08-22,ACC-010,9,1,107,105,2,61,true
2026-08-22,ACC-011,9,0,58,57,1,35,true
2026-08-22,ACC-012,10,0,27,26,1,13,true
2026-08-22,ACC-013,3,0,121,118,3,60,true
2026-08-22,ACC-014,3,0,48,47,1,25,true
2026-08-22,ACC-015,4,1,22,21,1,12,true
2026-08-22,ACC-016,4,0,102,100,2,58,true
2026-08-22,ACC-017,5,0,56,55,1,33,true
2026-08-22,ACC-018,6,0,26,25,1,12,true
2026-08-22,ACC-019,6,0,116,113,3,57,true
2026-08-22,ACC-020,7,1,63,62,1,33,true
2026-08-22,ACC-021,8,0,21,21,0,11,true
2026-08-22,ACC-022,8,0,97,95,2,55,true
2026-08-22,ACC-023,9,0,53,52,1,32,true
2026-08-22,ACC-024,9,0,25,25,0,12,true
2026-08-22,ACC-025,10,1,111,109,2,55,true
2026-08-22,ACC-026,3,0,61,60,1,32,true
2026-08-22,ACC-027,3,0,28,27,1,15,true
2026-08-22,ACC-028,4,0,92,90,2,52,true
2026-08-22,ACC-029,4,0,51,50,1,30,true
2026-08-22,ACC-030,5,1,24,23,1,11,true
2026-08-22,ACC-031,6,0,107,104,3,53,true
2026-08-22,ACC-032,6,0,58,57,1,30,true
2026-08-22,ACC-033,7,0,27,26,1,15,true
2026-08-22,ACC-034,8,0,121,118,3,69,true
2026-08-22,ACC-035,8,1,48,47,1,29,true
2026-08-22,ACC-036,9,0,22,22,0,10,true
2026-08-23,ACC-001,3,0,88,86,2,44,true
2026-08-23,ACC-002,3,0,48,47,1,25,true
2026-08-23,ACC-003,4,0,22,21,1,12,true
2026-08-23,ACC-004,5,1,101,99,2,58,true
2026-08-23,ACC-005,5,0,55,54,1,33,true
2026-08-23,ACC-006,6,0,25,24,1,12,true
2026-08-23,ACC-007,6,0,83,81,2,41,true
2026-08-23,ACC-008,7,0,46,45,1,24,true
2026-08-23,ACC-009,7,1,21,21,0,11,true
2026-08-23,ACC-010,8,0,96,94,2,55,true
2026-08-23,ACC-011,9,0,53,52,1,32,true
2026-08-23,ACC-012,9,0,24,24,0,11,true
2026-08-23,ACC-013,2,0,109,107,2,54,true
2026-08-23,ACC-014,3,1,44,43,1,23,true
2026-08-23,ACC-015,3,0,20,20,0,11,true
2026-08-23,ACC-016,4,0,92,90,2,52,true
2026-08-23,ACC-017,5,0,51,50,1,30,true
2026-08-23,ACC-018,5,0,23,22,1,11,true
2026-08-23,ACC-019,6,1,105,102,3,52,true
2026-08-23,ACC-020,6,0,57,56,1,30,true
2026-08-23,ACC-021,7,0,19,19,0,10,true
2026-08-23,ACC-022,7,0,88,86,2,50,true
2026-08-23,ACC-023,8,0,48,47,1,29,true
2026-08-23,ACC-024,9,1,22,22,0,10,true
2026-08-23,ACC-025,9,0,101,99,2,50,true
2026-08-23,ACC-026,2,0,55,54,1,29,true
2026-08-23,ACC-027,3,0,25,24,1,14,true
2026-08-23,ACC-028,3,0,83,81,2,47,true
2026-08-23,ACC-029,4,1,46,45,1,27,true
2026-08-23,ACC-030,5,0,21,21,0,10,true
2026-08-23,ACC-031,5,0,96,94,2,48,true
2026-08-23,ACC-032,6,0,53,52,1,28,true
2026-08-23,ACC-033,6,0,24,23,1,13,true
2026-08-23,ACC-034,7,1,109,106,3,62,true
2026-08-23,ACC-035,7,0,44,43,1,26,true
2026-08-23,ACC-036,8,0,20,20,0,9,true
2026-08-24,ACC-001,5,0,165,161,4,82,true
2026-08-24,ACC-002,6,0,91,89,2,47,true
2026-08-24,ACC-003,7,1,42,41,1,23,true
2026-08-24,ACC-004,8,0,189,184,5,108,true
2026-08-24,ACC-005,10,0,104,101,3,62,true
2026-08-24,ACC-006,11,0,48,47,1,23,true
2026-08-24,ACC-007,12,0,157,153,4,78,true
2026-08-24,ACC-008,13,1,86,84,2,45,true
2026-08-24,ACC-009,14,0,40,39,1,22,true
2026-08-24,ACC-010,15,0,181,176,5,103,true
2026-08-24,ACC-011,16,0,99,96,3,59,true
2026-08-24,ACC-012,17,0,46,45,1,22,true
2026-08-24,ACC-013,4,1,206,201,5,102,true
2026-08-24,ACC-014,5,0,82,80,2,43,true
2026-08-24,ACC-015,6,0,38,37,1,21,true
2026-08-24,ACC-016,7,0,173,169,4,99,true
2026-08-24,ACC-017,8,0,95,93,2,57,true
2026-08-24,ACC-018,10,1,44,43,1,21,true
2026-08-24,ACC-019,11,0,198,193,5,98,true
2026-08-24,ACC-020,12,0,108,105,3,56,true
2026-08-24,ACC-021,13,0,36,35,1,20,true
2026-08-24,ACC-022,14,0,165,161,4,94,true
2026-08-24,ACC-023,15,1,91,89,2,54,true
2026-08-24,ACC-024,16,0,42,41,1,20,true
2026-08-24,ACC-025,17,0,189,184,5,94,true
2026-08-24,ACC-026,4,0,104,101,3,54,true
2026-08-24,ACC-027,5,0,48,47,1,26,true
2026-08-24,ACC-028,6,1,157,153,4,89,true
2026-08-24,ACC-029,7,0,86,84,2,51,true
2026-08-24,ACC-030,8,0,40,39,1,19,true
2026-08-24,ACC-031,10,0,181,176,5,90,true
2026-08-24,ACC-032,11,0,99,96,3,51,true
2026-08-24,ACC-033,12,1,46,45,1,25,true
2026-08-24,ACC-034,13,0,206,201,5,117,true
2026-08-24,ACC-035,14,0,82,80,2,49,true
2026-08-24,ACC-036,15,0,38,37,1,18,true
2026-08-25,ACC-001,6,0,171,167,4,85,true
2026-08-25,ACC-002,7,1,94,92,2,49,true
2026-08-25,ACC-003,8,0,44,43,1,24,true
2026-08-25,ACC-004,9,0,197,192,5,112,true
2026-08-25,ACC-005,10,0,108,105,3,64,true
2026-08-25,ACC-006,11,0,50,49,1,24,true
2026-08-25,ACC-007,12,1,163,159,4,81,true
2026-08-25,ACC-008,13,0,90,88,2,47,true
2026-08-25,ACC-009,14,0,42,41,1,23,true
2026-08-25,ACC-010,15,0,188,183,5,107,true
2026-08-25,ACC-011,16,0,103,100,3,61,true
2026-08-25,ACC-012,18,1,48,47,1,23,true
2026-08-25,ACC-013,4,0,214,208,6,106,true
2026-08-25,ACC-014,6,0,85,83,2,44,true
2026-08-25,ACC-015,7,0,40,39,1,22,true
2026-08-25,ACC-016,8,0,180,175,5,103,true
2026-08-25,ACC-017,9,1,99,96,3,59,true
2026-08-25,ACC-018,10,0,46,45,1,22,true
2026-08-25,ACC-019,11,0,205,200,5,101,true
2026-08-25,ACC-020,12,0,112,109,3,58,true
2026-08-25,ACC-021,13,0,38,37,1,21,true
2026-08-25,ACC-022,14,1,171,167,4,97,true
2026-08-25,ACC-023,15,0,94,92,2,56,true
2026-08-25,ACC-024,16,0,44,43,1,21,true
2026-08-25,ACC-025,18,0,197,192,5,98,true
2026-08-25,ACC-026,4,0,108,105,3,56,true
2026-08-25,ACC-027,6,1,50,49,1,27,true
2026-08-25,ACC-028,7,0,163,159,4,93,true
2026-08-25,ACC-029,8,0,90,88,2,54,true
2026-08-25,ACC-030,9,0,42,41,1,20,true
2026-08-25,ACC-031,10,0,188,183,5,93,true
2026-08-25,ACC-032,11,1,103,100,3,54,true
2026-08-25,ACC-033,12,0,48,47,1,26,true
2026-08-25,ACC-034,13,0,214,208,6,122,true
2026-08-25,ACC-035,14,0,85,83,2,51,true
2026-08-25,ACC-036,15,0,40,39,1,19,true
2026-08-26,ACC-001,5,1,168,164,4,83,true
2026-08-26,ACC-002,6,0,92,90,2,48,true
2026-08-26,ACC-003,8,0,43,42,1,23,true
2026-08-26,ACC-004,9,0,193,188,5,110,true
2026-08-26,ACC-005,10,0,106,103,3,63,true
2026-08-26,ACC-006,11,1,49,48,1,23,true
2026-08-26,ACC-007,12,0,160,156,4,79,true
2026-08-26,ACC-008,13,0,88,86,2,46,true
2026-08-26,ACC-009,14,0,41,40,1,22,true
2026-08-26,ACC-010,15,0,185,180,5,105,true
2026-08-26,ACC-011,16,1,101,98,3,60,true
2026-08-26,ACC-012,17,0,47,46,1,22,true
2026-08-26,ACC-013,4,0,210,205,5,104,true
2026-08-26,ACC-014,5,0,84,82,2,44,true
2026-08-26,ACC-015,6,0,39,38,1,21,true
2026-08-26,ACC-016,8,1,176,171,5,100,true
2026-08-26,ACC-017,9,0,97,94,3,58,true
2026-08-26,ACC-018,10,0,45,44,1,21,true
2026-08-26,ACC-019,11,0,201,196,5,99,true
2026-08-26,ACC-020,12,0,110,107,3,57,true
2026-08-26,ACC-021,13,1,37,36,1,20,true
2026-08-26,ACC-022,14,0,168,164,4,96,true
2026-08-26,ACC-023,15,0,92,90,2,55,true
2026-08-26,ACC-024,16,0,43,42,1,20,true
2026-08-26,ACC-025,17,0,193,188,5,96,true
2026-08-26,ACC-026,4,1,106,103,3,55,true
2026-08-26,ACC-027,5,0,49,48,1,27,true
2026-08-26,ACC-028,6,0,160,156,4,91,true
2026-08-26,ACC-029,8,0,88,86,2,52,true
2026-08-26,ACC-030,9,0,41,40,1,19,true
2026-08-26,ACC-031,10,1,185,180,5,92,true
2026-08-26,ACC-032,11,0,101,98,3,53,true
2026-08-26,ACC-033,12,0,47,46,1,26,true
2026-08-26,ACC-034,13,0,210,205,5,120,true
2026-08-26,ACC-035,14,0,84,82,2,50,true
2026-08-26,ACC-036,15,1,39,38,1,18,true
2026-08-27,ACC-001,5,0,162,139,23,80,true
2026-08-27,ACC-002,6,0,89,76,13,46,true
2026-08-27,ACC-003,7,0,41,38,3,22,true
2026-08-27,ACC-004,8,0,186,159,27,106,true
2026-08-27,ACC-005,9,1,102,87,15,61,true
2026-08-27,ACC-006,10,0,47,43,4,22,true
2026-08-27,ACC-007,11,0,154,132,22,76,true
2026-08-27,ACC-008,12,0,85,73,12,44,true
2026-08-27,ACC-009,14,0,39,36,3,21,true
2026-08-27,ACC-010,15,1,178,152,26,101,true
2026-08-27,ACC-011,16,0,97,83,14,58,true
2026-08-27,ACC-012,17,0,45,41,4,21,true
2026-08-27,ACC-013,4,0,202,173,29,100,true
2026-08-27,ACC-014,5,0,81,69,12,42,true
2026-08-27,ACC-015,6,1,37,34,3,20,true
2026-08-27,ACC-016,7,0,170,145,25,97,true
2026-08-27,ACC-017,8,0,93,80,13,55,true
2026-08-27,ACC-018,9,0,43,39,4,20,true
2026-08-27,ACC-019,10,0,194,166,28,96,true
2026-08-27,ACC-020,11,1,106,91,15,55,true
2026-08-27,ACC-021,12,0,36,33,3,20,true
2026-08-27,ACC-022,14,0,162,139,23,92,true
2026-08-27,ACC-023,15,0,89,76,13,53,true
2026-08-27,ACC-024,16,0,41,38,3,19,true
2026-08-27,ACC-025,17,1,186,159,27,92,true
2026-08-27,ACC-026,4,0,102,87,15,53,true
2026-08-27,ACC-027,5,0,47,43,4,26,true
2026-08-27,ACC-028,6,0,154,132,22,88,true
2026-08-27,ACC-029,7,0,85,73,12,51,true
2026-08-27,ACC-030,8,1,39,36,3,18,true
2026-08-27,ACC-031,9,0,178,152,26,88,true
2026-08-27,ACC-032,10,0,97,83,14,50,true
2026-08-27,ACC-033,11,0,45,41,4,25,true
2026-08-27,ACC-034,12,0,202,173,29,115,true
2026-08-27,ACC-035,14,1,81,69,12,48,true
2026-08-27,ACC-036,15,0,37,34,3,17,true
2026-08-28,ACC-001,5,0,145,124,21,72,true
2026-08-28,ACC-002,6,0,80,68,12,42,true
2026-08-28,ACC-003,7,0,37,34,3,20,true
2026-08-28,ACC-004,7,1,166,142,24,95,true
2026-08-28,ACC-005,8,0,91,78,13,54,true
2026-08-28,ACC-006,9,0,42,38,4,20,true
2026-08-28,ACC-007,10,0,137,117,20,68,true
2026-08-28,ACC-008,11,0,76,65,11,40,true
2026-08-28,ACC-009,12,1,35,32,3,19,true
2026-08-28,ACC-010,13,0,159,136,23,91,true
2026-08-28,ACC-011,14,0,87,74,13,52,true
2026-08-28,ACC-012,15,0,40,37,3,19,true
2026-08-28,ACC-013,4,0,181,155,26,90,true
2026-08-28,ACC-014,5,1,72,62,10,37,true
2026-08-28,ACC-015,6,0,34,31,3,19,true
2026-08-28,ACC-016,7,0,152,130,22,87,true
2026-08-28,ACC-017,7,0,83,71,12,49,true
2026-08-28,ACC-018,8,0,39,36,3,18,true
2026-08-28,ACC-019,9,1,173,148,25,86,true
2026-08-28,ACC-020,10,0,95,81,14,49,true
2026-08-28,ACC-021,11,0,32,29,3,17,true
2026-08-28,ACC-022,12,0,145,124,21,83,true
2026-08-28,ACC-023,13,0,80,68,12,48,true
2026-08-28,ACC-024,14,1,37,34,3,17,true
2026-08-28,ACC-025,15,0,166,142,24,82,true
2026-08-28,ACC-026,4,0,91,78,13,47,true
2026-08-28,ACC-027,5,0,42,38,4,23,true
2026-08-28,ACC-028,6,0,137,117,20,78,true
2026-08-28,ACC-029,7,1,76,65,11,45,true
2026-08-28,ACC-030,7,0,35,32,3,16,true
2026-08-28,ACC-031,8,0,159,136,23,79,true
2026-08-28,ACC-032,9,0,87,74,13,45,true
2026-08-28,ACC-033,10,0,40,37,3,22,true
2026-08-28,ACC-034,0,0,0,0,0,0,true
2026-08-28,ACC-035,12,0,72,62,10,43,true
2026-08-28,ACC-036,13,0,34,31,3,16,true
2026-08-29,ACC-001,3,0,98,84,14,49,true
2026-08-29,ACC-002,4,0,54,46,8,28,true
2026-08-29,ACC-003,4,1,25,23,2,14,true
2026-08-29,ACC-004,5,0,113,97,16,64,true
2026-08-29,ACC-005,6,0,62,53,9,37,true
2026-08-29,ACC-006,6,0,28,26,2,13,true
2026-08-29,ACC-007,7,0,93,80,13,46,true
2026-08-29,ACC-008,8,1,51,44,7,27,true
2026-08-29,ACC-009,8,0,24,22,2,13,true
2026-08-29,ACC-010,9,0,108,92,16,62,true
2026-08-29,ACC-011,9,0,59,50,9,35,true
2026-08-29,ACC-012,10,0,27,25,2,13,true
2026-08-29,ACC-013,3,1,122,104,18,60,true
2026-08-29,ACC-014,3,0,49,42,7,25,true
2026-08-29,ACC-015,4,0,23,21,2,13,true
2026-08-29,ACC-016,4,0,103,88,15,59,true
2026-08-29,ACC-017,5,0,56,48,8,33,true
2026-08-29,ACC-018,6,1,26,24,2,12,true
2026-08-29,ACC-019,6,0,117,100,17,58,true
2026-08-29,ACC-020,7,0,64,55,9,33,true
2026-08-29,ACC-021,8,0,22,20,2,12,true
2026-08-29,ACC-022,8,0,98,84,14,56,true
2026-08-29,ACC-023,9,1,54,46,8,32,true
2026-08-29,ACC-024,9,0,25,23,2,12,true
2026-08-29,ACC-025,10,0,113,97,16,56,true
2026-08-29,ACC-026,3,0,62,53,9,32,true
2026-08-29,ACC-027,3,0,28,26,2,15,true
2026-08-29,ACC-028,4,1,93,80,13,53,true
2026-08-29,ACC-029,4,0,51,44,7,30,true
2026-08-29,ACC-030,5,0,24,22,2,11,true
2026-08-29,ACC-031,6,0,108,92,16,53,true
2026-08-29,ACC-032,6,0,59,50,9,31,true
2026-08-29,ACC-033,7,1,27,25,2,15,true
2026-08-29,ACC-034,0,0,0,0,0,0,true
2026-08-29,ACC-035,8,0,49,42,7,29,true
2026-08-29,ACC-036,9,0,23,21,2,11,true
2026-08-30,ACC-001,3,0,89,84,5,44,true
2026-08-30,ACC-002,3,1,49,46,3,25,true
2026-08-30,ACC-003,4,0,23,22,1,13,true
2026-08-30,ACC-004,5,0,102,96,6,58,true
2026-08-30,ACC-005,5,0,56,53,3,33,true
2026-08-30,ACC-006,6,0,26,24,2,12,true
2026-08-30,ACC-007,6,1,84,79,5,42,true
2026-08-30,ACC-008,7,0,46,43,3,24,true
2026-08-30,ACC-009,7,0,22,21,1,12,true
2026-08-30,ACC-010,8,0,97,91,6,55,true
2026-08-30,ACC-011,9,0,53,50,3,32,true
2026-08-30,ACC-012,9,1,25,23,2,12,true
2026-08-30,ACC-013,2,0,111,104,7,55,true
2026-08-30,ACC-014,3,0,44,41,3,23,true
2026-08-30,ACC-015,3,0,21,20,1,11,true
2026-08-30,ACC-016,4,0,93,87,6,53,true
2026-08-30,ACC-017,5,1,51,48,3,30,true
2026-08-30,ACC-018,5,0,24,23,1,11,true
2026-08-30,ACC-019,6,0,106,100,6,52,true
2026-08-30,ACC-020,6,0,58,55,3,30,true
2026-08-30,ACC-021,7,0,20,19,1,11,true
2026-08-30,ACC-022,7,1,89,84,5,51,true
2026-08-30,ACC-023,8,0,49,46,3,29,true
2026-08-30,ACC-024,9,0,23,22,1,11,true
2026-08-30,ACC-025,9,0,102,96,6,50,true
2026-08-30,ACC-026,2,0,56,53,3,29,true
2026-08-30,ACC-027,3,1,26,24,2,14,true
2026-08-30,ACC-028,3,0,84,79,5,48,true
2026-08-30,ACC-029,4,0,46,43,3,27,true
2026-08-30,ACC-030,5,0,22,21,1,10,true
2026-08-30,ACC-031,5,0,97,91,6,48,true
2026-08-30,ACC-032,6,1,53,50,3,28,true
2026-08-30,ACC-033,6,0,25,23,2,14,true
2026-08-30,ACC-034,0,0,0,0,0,0,true
2026-08-30,ACC-035,7,0,44,41,3,26,true
2026-08-30,ACC-036,8,0,21,20,1,10,true
2026-08-31,ACC-001,5,1,51,50,1,25,false
2026-08-31,ACC-002,6,0,28,27,1,15,false
2026-08-31,ACC-003,7,0,13,13,0,7,false
2026-08-31,ACC-004,8,0,59,58,1,34,false
2026-08-31,ACC-005,10,0,32,31,1,19,false
2026-08-31,ACC-006,11,1,15,15,0,7,false
2026-08-31,ACC-007,12,0,49,48,1,24,false
2026-08-31,ACC-008,13,0,27,26,1,14,false
2026-08-31,ACC-009,14,0,12,12,0,7,false
2026-08-31,ACC-010,15,0,56,55,1,32,false
2026-08-31,ACC-011,16,1,31,30,1,18,false
2026-08-31,ACC-012,17,0,14,14,0,7,false
2026-08-31,ACC-013,4,0,64,63,1,32,false
2026-08-31,ACC-014,5,0,25,24,1,13,false
2026-08-31,ACC-015,6,0,12,12,0,7,false
2026-08-31,ACC-016,7,1,54,53,1,31,false
2026-08-31,ACC-017,8,0,29,28,1,17,false
2026-08-31,ACC-018,10,0,14,14,0,7,false
2026-08-31,ACC-019,11,0,61,59,2,30,false
2026-08-31,ACC-020,12,0,33,32,1,17,false
2026-08-31,ACC-021,13,1,11,11,0,6,false
2026-08-31,ACC-022,14,0,51,50,1,29,false
2026-08-31,ACC-023,15,0,28,27,1,17,false
2026-08-31,ACC-024,16,0,13,13,0,6,false
2026-08-31,ACC-025,17,0,59,58,1,29,false
2026-08-31,ACC-026,4,1,32,31,1,17,false
2026-08-31,ACC-027,5,0,15,15,0,8,false
2026-08-31,ACC-028,6,0,49,48,1,28,false
2026-08-31,ACC-029,7,0,27,26,1,16,false
2026-08-31,ACC-030,8,0,12,12,0,6,false
2026-08-31,ACC-031,10,1,56,55,1,28,false
2026-08-31,ACC-032,11,0,31,30,1,16,false
2026-08-31,ACC-033,12,0,14,14,0,8,false
2026-08-31,ACC-034,0,0,0,0,0,0,false
2026-08-31,ACC-035,14,0,25,24,1,15,false
2026-08-31,ACC-036,15,1,12,12,0,6,false
