snapshot_month,customer_id,plan,billing_interval,contract_amount_usd,account_state
2024-12,CUS-0001,Starter,annual,4260.00,active_paid
2024-12,CUS-0002,Starter,quarterly,1170.00,active_paid
2024-12,CUS-0003,Starter,annual,5100.00,active_paid
2024-12,CUS-0004,Starter,monthly,460.00,active_paid
2024-12,CUS-0005,Growth,monthly,1455.00,active_paid
2024-12,CUS-0006,Growth,annual,11760.00,active_paid
2024-12,CUS-0007,Growth,quarterly,3225.00,active_paid
2024-12,CUS-0008,Scale,annual,37080.00,active_paid
2024-12,CUS-0009,Scale,monthly,3330.00,active_paid
2024-12,CUS-0010,Starter,monthly,320.00,active_paid
2024-12,CUS-0011,Starter,annual,4260.00,active_paid
2024-12,CUS-0012,Starter,quarterly,1170.00,active_paid
2024-12,CUS-0013,Starter,annual,5100.00,active_paid
2024-12,CUS-0014,Starter,monthly,460.00,active_paid
2024-12,CUS-0015,Growth,monthly,1265.00,active_paid
2024-12,CUS-0016,Growth,annual,16320.00,active_paid
2024-12,CUS-0017,Growth,quarterly,4365.00,active_paid
2024-12,CUS-0018,Scale,annual,45720.00,active_paid
2024-12,CUS-0019,Scale,monthly,4050.00,active_paid
2024-12,CUS-0020,Starter,monthly,320.00,active_paid
2024-12,CUS-0021,Starter,annual,4260.00,active_paid
2024-12,CUS-0022,Starter,quarterly,1170.00,active_paid
2024-12,CUS-0023,Starter,annual,5100.00,active_paid
2024-12,CUS-0024,Starter,monthly,460.00,active_paid
2024-12,CUS-0025,Growth,monthly,1075.00,active_paid
2024-12,CUS-0026,Growth,annual,14040.00,active_paid
2024-12,CUS-0027,Growth,quarterly,3795.00,active_paid
2024-12,CUS-0028,Scale,annual,34200.00,active_paid
2024-12,CUS-0029,Scale,monthly,3090.00,active_paid
2024-12,CUS-0030,Starter,monthly,320.00,active_paid
2024-12,CUS-0031,Starter,annual,4260.00,active_paid
2024-12,CUS-0032,Starter,quarterly,1170.00,active_paid
2024-12,CUS-0033,Starter,annual,5100.00,active_paid
2024-12,CUS-0034,Starter,monthly,460.00,active_paid
2024-12,CUS-0035,Growth,monthly,1455.00,active_paid
2024-12,CUS-0036,Growth,annual,11760.00,active_paid
2024-12,CUS-0037,Growth,quarterly,3225.00,active_paid
2024-12,CUS-0038,Scale,annual,42840.00,active_paid
2024-12,CUS-0039,Scale,monthly,3810.00,active_paid
2024-12,CUS-0040,Starter,monthly,320.00,active_paid
2024-12,CUS-0041,Starter,annual,4260.00,active_paid
2024-12,CUS-0042,Starter,quarterly,1170.00,active_paid
2024-12,CUS-0043,Starter,annual,5100.00,active_paid
2024-12,CUS-0044,Starter,monthly,460.00,active_paid
2024-12,CUS-0045,Growth,monthly,1265.00,active_paid
2024-12,CUS-0046,Growth,annual,16320.00,active_paid
2024-12,CUS-0047,Growth,quarterly,4365.00,active_paid
2024-12,CUS-0048,Scale,annual,51480.00,active_paid
2024-12,CUS-0049,Scale,monthly,2850.00,active_paid
2024-12,CUS-0050,Starter,monthly,320.00,active_paid
2024-12,CUS-0051,Starter,annual,4260.00,active_paid
2024-12,CUS-0052,Starter,quarterly,1170.00,active_paid
2024-12,CUS-0053,Starter,annual,5100.00,active_paid
2024-12,CUS-0054,Starter,monthly,460.00,active_paid
2024-12,CUS-0055,Growth,monthly,1075.00,active_paid
2024-12,CUS-0056,Growth,annual,14040.00,active_paid
2024-12,CUS-0057,Growth,quarterly,3795.00,active_paid
2024-12,CUS-0058,Scale,annual,39960.00,active_paid
2024-12,CUS-0059,Scale,monthly,3570.00,active_paid
2024-12,CUS-0060,Starter,monthly,320.00,active_paid
2024-12,CUS-0061,Starter,annual,4260.00,active_paid
2024-12,CUS-0062,Starter,quarterly,1170.00,active_paid
2024-12,CUS-0063,Starter,annual,5100.00,active_paid
2024-12,CUS-0064,Starter,monthly,460.00,active_paid
2024-12,CUS-0065,Growth,monthly,1455.00,active_paid
2024-12,CUS-0066,Growth,annual,11760.00,active_paid
2024-12,CUS-0067,Growth,quarterly,3225.00,active_paid
2024-12,CUS-0068,Scale,annual,48600.00,active_paid
2024-12,CUS-0069,Scale,monthly,4290.00,active_paid
2024-12,CUS-0070,Starter,monthly,320.00,active_paid
2024-12,CUS-0071,Starter,annual,4260.00,active_paid
2024-12,CUS-0072,Starter,quarterly,1170.00,active_paid
2024-12,CUS-0073,Starter,annual,5100.00,active_paid
2024-12,CUS-0074,Starter,monthly,460.00,active_paid
2024-12,CUS-0075,Growth,monthly,1265.00,active_paid
2024-12,CUS-0076,Growth,annual,16320.00,active_paid
2024-12,CUS-0077,Growth,quarterly,4365.00,active_paid
2024-12,CUS-0078,Scale,annual,37080.00,active_paid
2024-12,CUS-0079,Scale,monthly,3330.00,active_paid
2024-12,CUS-0080,Starter,monthly,320.00,active_paid
2024-12,CUS-0081,Starter,annual,4260.00,active_paid
2024-12,CUS-0082,Starter,quarterly,1170.00,active_paid
2024-12,CUS-0083,Starter,annual,5100.00,active_paid
2024-12,CUS-0084,Starter,monthly,460.00,active_paid
2024-12,CUS-0085,Growth,monthly,1075.00,active_paid
2024-12,CUS-0086,Growth,annual,14040.00,active_paid
2024-12,CUS-0087,Growth,quarterly,3795.00,active_paid
2024-12,CUS-0088,Scale,annual,45720.00,active_paid
2024-12,CUS-0089,Scale,monthly,4050.00,active_paid
2024-12,CUS-0090,Starter,monthly,320.00,active_paid
2024-12,CUS-0091,Starter,annual,4260.00,active_paid
2024-12,CUS-0092,Starter,quarterly,1170.00,active_paid
2024-12,CUS-0093,Starter,annual,5100.00,active_paid
2024-12,CUS-0094,Starter,monthly,460.00,active_paid
2024-12,CUS-0095,Growth,monthly,1455.00,active_paid
2024-12,CUS-0096,Growth,annual,11760.00,active_paid
2024-12,CUS-0097,Growth,quarterly,3225.00,active_paid
2024-12,CUS-0098,Scale,annual,34200.00,active_paid
2024-12,CUS-0099,Scale,monthly,3090.00,active_paid
2024-12,CUS-0100,Starter,monthly,320.00,active_paid
2024-12,CUS-0101,Starter,annual,4260.00,active_paid
2024-12,CUS-0102,Starter,quarterly,1170.00,active_paid
2024-12,CUS-0103,Starter,annual,5100.00,active_paid
2024-12,CUS-0104,Starter,monthly,460.00,active_paid
2024-12,CUS-0105,Growth,monthly,1265.00,active_paid
2024-12,CUS-0106,Growth,annual,16320.00,active_paid
2024-12,CUS-0107,Growth,quarterly,4365.00,active_paid
2024-12,CUS-0108,Scale,annual,42840.00,active_paid
2024-12,CUS-0109,Scale,monthly,3810.00,active_paid
2024-12,CUS-0110,Starter,monthly,320.00,active_paid
2024-12,CUS-0111,Starter,annual,4260.00,active_paid
2024-12,CUS-0112,Starter,quarterly,1170.00,active_paid
2024-12,CUS-0113,Starter,annual,5100.00,active_paid
2024-12,CUS-0114,Starter,monthly,460.00,active_paid
2024-12,CUS-0115,Growth,monthly,1075.00,active_paid
2024-12,CUS-0116,Growth,annual,14040.00,active_paid
2024-12,CUS-0117,Growth,quarterly,3795.00,active_paid
2024-12,CUS-0118,Scale,annual,51480.00,active_paid
2024-12,CUS-0119,Scale,monthly,2850.00,active_paid
2024-12,CUS-0120,Starter,monthly,320.00,active_paid
2024-12,CUS-0121,Starter,annual,4260.00,active_paid
2024-12,CUS-0122,Starter,quarterly,1170.00,active_paid
2024-12,CUS-0123,Starter,annual,5100.00,active_paid
2024-12,CUS-0124,Starter,monthly,460.00,active_paid
2024-12,CUS-0125,Growth,monthly,1455.00,active_paid
2024-12,CUS-0126,Growth,annual,11760.00,active_paid
2024-12,CUS-0127,Growth,quarterly,3225.00,active_paid
2024-12,CUS-0128,Scale,annual,39960.00,active_paid
2024-12,CUS-0129,Scale,monthly,3570.00,active_paid
2024-12,CUS-0130,Starter,monthly,320.00,active_paid
2024-12,CUS-0131,Starter,annual,4260.00,active_paid
2024-12,CUS-0132,Starter,quarterly,1170.00,active_paid
2024-12,CUS-0133,Starter,annual,5100.00,active_paid
2024-12,CUS-0134,Starter,monthly,460.00,active_paid
2024-12,CUS-0135,Growth,monthly,1265.00,active_paid
2024-12,CUS-0136,Growth,annual,16320.00,active_paid
2024-12,CUS-0137,Growth,quarterly,4365.00,active_paid
2024-12,CUS-0138,Scale,annual,48600.00,active_paid
2024-12,CUS-0139,Scale,monthly,4290.00,active_paid
2024-12,CUS-0140,Starter,monthly,320.00,active_paid
2024-12,CUS-0141,Starter,annual,4260.00,active_paid
2024-12,CUS-0142,Starter,quarterly,1170.00,active_paid
2024-12,CUS-0143,Starter,annual,5100.00,active_paid
2024-12,CUS-0144,Starter,monthly,460.00,active_paid
2024-12,CUS-0145,Growth,monthly,1075.00,active_paid
2024-12,CUS-0146,Growth,annual,14040.00,active_paid
2024-12,CUS-0147,Growth,quarterly,3795.00,active_paid
2024-12,CUS-0148,Scale,annual,37080.00,active_paid
2024-12,CUS-0149,Scale,monthly,3330.00,active_paid
2024-12,CUS-0150,Starter,monthly,320.00,active_paid
2024-12,CUS-0151,Starter,annual,4260.00,active_paid
2024-12,CUS-0152,Starter,quarterly,1170.00,active_paid
2024-12,CUS-0153,Starter,annual,5100.00,active_paid
2024-12,CUS-0154,Starter,monthly,460.00,active_paid
2024-12,CUS-0155,Growth,monthly,1455.00,active_paid
2024-12,CUS-0156,Growth,annual,11760.00,active_paid
2024-12,CUS-0157,Growth,quarterly,3225.00,active_paid
2024-12,CUS-0158,Scale,annual,45720.00,active_paid
2024-12,CUS-0159,Scale,monthly,4050.00,active_paid
2024-12,CUS-0160,Starter,monthly,320.00,active_paid
2024-12,CUS-0161,Starter,annual,4260.00,active_paid
2024-12,CUS-0162,Starter,quarterly,1170.00,active_paid
2024-12,CUS-0163,Starter,annual,5100.00,active_paid
2024-12,CUS-0164,Starter,monthly,460.00,active_paid
2024-12,CUS-0165,Growth,monthly,1265.00,active_paid
2024-12,CUS-0166,Growth,annual,16320.00,active_paid
2024-12,CUS-0167,Growth,quarterly,4365.00,active_paid
2024-12,CUS-0168,Scale,annual,34200.00,active_paid
2024-12,CUS-0169,Scale,monthly,3090.00,active_paid
2024-12,CUS-0170,Starter,monthly,320.00,active_paid
2024-12,CUS-0171,Starter,annual,4260.00,active_paid
2024-12,CUS-0172,Starter,quarterly,1170.00,active_paid
2024-12,CUS-0173,Starter,annual,5100.00,active_paid
2024-12,CUS-0174,Starter,monthly,460.00,active_paid
2024-12,CUS-0175,Growth,monthly,1075.00,active_paid
2024-12,CUS-0176,Growth,annual,14040.00,active_paid
2024-12,CUS-0177,Growth,quarterly,3795.00,active_paid
2024-12,CUS-0178,Scale,annual,42840.00,active_paid
2024-12,CUS-0179,Scale,monthly,3810.00,active_paid
2024-12,CUS-0180,Starter,monthly,320.00,active_paid
2025-01,CUS-0001,Starter,annual,4260.00,active_paid
2025-01,CUS-0002,Starter,quarterly,1170.00,active_paid
2025-01,CUS-0003,Starter,annual,5100.00,active_paid
2025-01,CUS-0004,Starter,monthly,460.00,active_paid
2025-01,CUS-0005,Growth,monthly,1455.00,active_paid
2025-01,CUS-0006,Growth,annual,11760.00,active_paid
2025-01,CUS-0007,Growth,quarterly,3225.00,active_paid
2025-01,CUS-0008,Scale,annual,37080.00,active_paid
2025-01,CUS-0009,Scale,monthly,3330.00,active_paid
2025-01,CUS-0010,Starter,monthly,320.00,active_paid
2025-01,CUS-0011,Starter,annual,4260.00,active_paid
2025-01,CUS-0012,Starter,quarterly,1170.00,active_paid
2025-01,CUS-0013,Starter,annual,5100.00,active_paid
2025-01,CUS-0014,Starter,monthly,460.00,active_paid
2025-01,CUS-0015,Growth,monthly,1265.00,active_paid
2025-01,CUS-0016,Growth,annual,16320.00,active_paid
2025-01,CUS-0017,Growth,quarterly,4365.00,active_paid
2025-01,CUS-0018,Scale,annual,45720.00,active_paid
2025-01,CUS-0019,Scale,monthly,4050.00,active_paid
2025-01,CUS-0020,Starter,monthly,320.00,active_paid
2025-01,CUS-0021,Starter,annual,4260.00,active_paid
2025-01,CUS-0022,Starter,quarterly,1170.00,active_paid
2025-01,CUS-0023,Starter,annual,5100.00,active_paid
2025-01,CUS-0024,Starter,monthly,460.00,active_paid
2025-01,CUS-0025,Growth,monthly,1075.00,active_paid
2025-01,CUS-0026,Growth,annual,14040.00,active_paid
2025-01,CUS-0027,Growth,quarterly,3795.00,active_paid
2025-01,CUS-0028,Scale,annual,34200.00,active_paid
2025-01,CUS-0029,Scale,monthly,3090.00,active_paid
2025-01,CUS-0030,Starter,monthly,320.00,active_paid
2025-01,CUS-0031,Starter,annual,4260.00,active_paid
2025-01,CUS-0032,Starter,quarterly,1170.00,active_paid
2025-01,CUS-0033,Starter,annual,5100.00,active_paid
2025-01,CUS-0034,Starter,monthly,460.00,active_paid
2025-01,CUS-0035,Growth,monthly,1455.00,active_paid
2025-01,CUS-0036,Growth,annual,11760.00,active_paid
2025-01,CUS-0037,Growth,quarterly,3225.00,active_paid
2025-01,CUS-0038,Scale,annual,42840.00,active_paid
2025-01,CUS-0039,Scale,monthly,3810.00,active_paid
2025-01,CUS-0040,Starter,monthly,320.00,active_paid
2025-01,CUS-0041,Starter,annual,4260.00,active_paid
2025-01,CUS-0042,Starter,quarterly,1170.00,active_paid
2025-01,CUS-0043,Starter,annual,5100.00,active_paid
2025-01,CUS-0044,Starter,monthly,460.00,active_paid
2025-01,CUS-0045,Growth,monthly,1265.00,active_paid
2025-01,CUS-0046,Growth,annual,16320.00,active_paid
2025-01,CUS-0047,Growth,quarterly,4365.00,active_paid
2025-01,CUS-0048,Scale,annual,51480.00,active_paid
2025-01,CUS-0049,Scale,monthly,2850.00,active_paid
2025-01,CUS-0050,Starter,monthly,320.00,active_paid
2025-01,CUS-0051,Starter,annual,4260.00,active_paid
2025-01,CUS-0052,Starter,quarterly,1170.00,active_paid
2025-01,CUS-0053,Starter,annual,5100.00,active_paid
2025-01,CUS-0054,Starter,monthly,460.00,active_paid
2025-01,CUS-0055,Growth,monthly,1075.00,active_paid
2025-01,CUS-0056,Growth,annual,14040.00,active_paid
2025-01,CUS-0057,Growth,quarterly,3795.00,active_paid
2025-01,CUS-0058,Scale,annual,39960.00,active_paid
2025-01,CUS-0059,Scale,monthly,3570.00,active_paid
2025-01,CUS-0060,Starter,monthly,320.00,active_paid
2025-01,CUS-0061,Starter,annual,4260.00,active_paid
2025-01,CUS-0062,Starter,quarterly,1170.00,active_paid
2025-01,CUS-0063,Starter,annual,5100.00,active_paid
2025-01,CUS-0064,Starter,monthly,460.00,active_paid
2025-01,CUS-0065,Growth,monthly,1455.00,active_paid
2025-01,CUS-0066,Growth,annual,11760.00,active_paid
2025-01,CUS-0067,Growth,quarterly,3225.00,active_paid
2025-01,CUS-0068,Scale,annual,48600.00,active_paid
2025-01,CUS-0070,Starter,monthly,320.00,active_paid
2025-01,CUS-0071,Starter,annual,4260.00,active_paid
2025-01,CUS-0072,Starter,quarterly,1170.00,active_paid
2025-01,CUS-0073,Starter,annual,5100.00,active_paid
2025-01,CUS-0074,Starter,monthly,460.00,active_paid
2025-01,CUS-0075,Growth,monthly,1265.00,active_paid
2025-01,CUS-0076,Growth,annual,16320.00,active_paid
2025-01,CUS-0077,Growth,quarterly,4365.00,active_paid
2025-01,CUS-0078,Scale,annual,37080.00,active_paid
2025-01,CUS-0079,Scale,monthly,3330.00,active_paid
2025-01,CUS-0080,Starter,monthly,320.00,active_paid
2025-01,CUS-0081,Starter,annual,4260.00,active_paid
2025-01,CUS-0082,Starter,quarterly,1170.00,active_paid
2025-01,CUS-0083,Starter,annual,5100.00,active_paid
2025-01,CUS-0084,Starter,monthly,460.00,active_paid
2025-01,CUS-0085,Growth,monthly,1075.00,active_paid
2025-01,CUS-0086,Growth,annual,14040.00,active_paid
2025-01,CUS-0087,Growth,quarterly,3795.00,active_paid
2025-01,CUS-0088,Scale,annual,45720.00,active_paid
2025-01,CUS-0089,Scale,monthly,4050.00,active_paid
2025-01,CUS-0090,Starter,monthly,320.00,active_paid
2025-01,CUS-0091,Starter,annual,4260.00,active_paid
2025-01,CUS-0092,Starter,quarterly,1170.00,active_paid
2025-01,CUS-0093,Starter,annual,5100.00,active_paid
2025-01,CUS-0094,Starter,monthly,460.00,active_paid
2025-01,CUS-0095,Growth,monthly,1455.00,active_paid
2025-01,CUS-0096,Growth,annual,11760.00,active_paid
2025-01,CUS-0097,Growth,quarterly,3225.00,active_paid
2025-01,CUS-0098,Scale,annual,34200.00,active_paid
2025-01,CUS-0099,Scale,monthly,3090.00,active_paid
2025-01,CUS-0100,Starter,monthly,320.00,active_paid
2025-01,CUS-0101,Starter,annual,4260.00,active_paid
2025-01,CUS-0102,Starter,quarterly,1170.00,active_paid
2025-01,CUS-0103,Starter,annual,5100.00,active_paid
2025-01,CUS-0104,Starter,monthly,460.00,active_paid
2025-01,CUS-0105,Growth,monthly,1265.00,active_paid
2025-01,CUS-0106,Growth,annual,16320.00,active_paid
2025-01,CUS-0107,Growth,quarterly,4365.00,active_paid
2025-01,CUS-0108,Scale,annual,42840.00,active_paid
2025-01,CUS-0109,Scale,monthly,3810.00,active_paid
2025-01,CUS-0110,Starter,monthly,320.00,active_paid
2025-01,CUS-0111,Starter,annual,4260.00,active_paid
2025-01,CUS-0112,Starter,quarterly,1170.00,active_paid
2025-01,CUS-0113,Starter,annual,5100.00,active_paid
2025-01,CUS-0114,Starter,monthly,460.00,active_paid
2025-01,CUS-0115,Growth,monthly,1075.00,active_paid
2025-01,CUS-0116,Growth,annual,14040.00,active_paid
2025-01,CUS-0117,Growth,quarterly,3795.00,active_paid
2025-01,CUS-0119,Scale,monthly,2850.00,active_paid
2025-01,CUS-0120,Starter,monthly,320.00,active_paid
2025-01,CUS-0121,Starter,annual,4260.00,active_paid
2025-01,CUS-0122,Starter,quarterly,1170.00,active_paid
2025-01,CUS-0123,Starter,annual,5100.00,active_paid
2025-01,CUS-0124,Starter,monthly,460.00,active_paid
2025-01,CUS-0125,Growth,monthly,1455.00,active_paid
2025-01,CUS-0126,Growth,annual,11760.00,active_paid
2025-01,CUS-0127,Growth,quarterly,3225.00,active_paid
2025-01,CUS-0128,Scale,annual,39960.00,active_paid
2025-01,CUS-0129,Scale,monthly,3570.00,active_paid
2025-01,CUS-0130,Starter,monthly,320.00,active_paid
2025-01,CUS-0131,Starter,annual,4260.00,active_paid
2025-01,CUS-0132,Starter,quarterly,1170.00,active_paid
2025-01,CUS-0133,Starter,annual,5100.00,active_paid
2025-01,CUS-0134,Starter,monthly,460.00,active_paid
2025-01,CUS-0135,Growth,monthly,1265.00,active_paid
2025-01,CUS-0136,Growth,annual,16320.00,active_paid
2025-01,CUS-0137,Growth,quarterly,4365.00,active_paid
2025-01,CUS-0138,Scale,annual,48600.00,active_paid
2025-01,CUS-0140,Starter,monthly,320.00,active_paid
2025-01,CUS-0141,Starter,annual,4260.00,active_paid
2025-01,CUS-0142,Starter,quarterly,1170.00,active_paid
2025-01,CUS-0143,Starter,annual,5100.00,active_paid
2025-01,CUS-0144,Starter,monthly,460.00,active_paid
2025-01,CUS-0145,Growth,monthly,1075.00,active_paid
2025-01,CUS-0146,Growth,annual,14040.00,active_paid
2025-01,CUS-0147,Growth,quarterly,3795.00,active_paid
2025-01,CUS-0148,Scale,annual,37080.00,active_paid
2025-01,CUS-0149,Scale,monthly,3330.00,active_paid
2025-01,CUS-0150,Starter,monthly,320.00,active_paid
2025-01,CUS-0151,Starter,annual,4260.00,active_paid
2025-01,CUS-0152,Starter,quarterly,1170.00,active_paid
2025-01,CUS-0153,Starter,annual,5100.00,active_paid
2025-01,CUS-0154,Starter,monthly,460.00,active_paid
2025-01,CUS-0155,Growth,monthly,1455.00,active_paid
2025-01,CUS-0156,Growth,annual,11760.00,active_paid
2025-01,CUS-0157,Growth,quarterly,3225.00,active_paid
2025-01,CUS-0158,Scale,annual,45720.00,active_paid
2025-01,CUS-0159,Scale,monthly,4050.00,active_paid
2025-01,CUS-0160,Starter,monthly,320.00,active_paid
2025-01,CUS-0161,Starter,annual,4260.00,active_paid
2025-01,CUS-0162,Starter,quarterly,1170.00,active_paid
2025-01,CUS-0163,Starter,annual,5100.00,active_paid
2025-01,CUS-0164,Starter,monthly,460.00,active_paid
2025-01,CUS-0165,Growth,monthly,1265.00,active_paid
2025-01,CUS-0166,Growth,annual,16320.00,active_paid
2025-01,CUS-0167,Growth,quarterly,4365.00,active_paid
2025-01,CUS-0168,Scale,annual,34200.00,active_paid
2025-01,CUS-0169,Scale,monthly,3090.00,active_paid
2025-01,CUS-0170,Starter,monthly,320.00,active_paid
2025-01,CUS-0171,Starter,annual,4260.00,active_paid
2025-01,CUS-0172,Starter,quarterly,1170.00,active_paid
2025-01,CUS-0173,Starter,annual,5100.00,active_paid
2025-01,CUS-0174,Starter,monthly,460.00,active_paid
2025-01,CUS-0175,Growth,monthly,1075.00,active_paid
2025-01,CUS-0176,Growth,annual,14040.00,active_paid
2025-01,CUS-0177,Growth,quarterly,3795.00,active_paid
2025-01,CUS-0178,Scale,annual,42840.00,active_paid
2025-01,CUS-0179,Scale,monthly,3810.00,active_paid
2025-01,CUS-0180,Starter,monthly,320.00,active_paid
2025-01,CUS-0181,Starter,annual,4260.00,active_paid
2025-01,CUS-0182,Starter,quarterly,1170.00,active_paid
2025-01,CUS-0183,Starter,annual,5100.00,active_paid
2025-01,CUS-0184,Starter,monthly,460.00,active_paid
2025-01,CUS-0185,Growth,monthly,1455.00,active_paid
2025-01,CUS-0186,Growth,annual,11760.00,active_paid
2025-01,CUS-0187,Growth,quarterly,3225.00,active_paid
2025-01,CUS-0188,Scale,annual,51480.00,active_paid
2025-01,CUS-0189,Scale,monthly,2850.00,active_paid
2025-01,CUS-0190,Starter,monthly,320.00,active_paid
2025-01,CUS-0191,Starter,annual,4260.00,active_paid
2025-01,CUS-0192,Starter,quarterly,1170.00,active_paid
2025-02,CUS-0001,Starter,annual,4260.00,active_paid
2025-02,CUS-0002,Starter,quarterly,1170.00,active_paid
2025-02,CUS-0003,Starter,annual,5100.00,active_paid
2025-02,CUS-0004,Starter,monthly,460.00,active_paid
2025-02,CUS-0005,Growth,monthly,1455.00,active_paid
2025-02,CUS-0006,Growth,annual,11760.00,active_paid
2025-02,CUS-0007,Growth,quarterly,3225.00,active_paid
2025-02,CUS-0008,Scale,annual,37080.00,active_paid
2025-02,CUS-0009,Scale,monthly,3330.00,active_paid
2025-02,CUS-0010,Starter,monthly,320.00,active_paid
2025-02,CUS-0011,Starter,annual,4260.00,active_paid
2025-02,CUS-0012,Starter,quarterly,1170.00,active_paid
2025-02,CUS-0013,Starter,annual,5100.00,active_paid
2025-02,CUS-0014,Starter,monthly,460.00,active_paid
2025-02,CUS-0015,Growth,monthly,1265.00,active_paid
2025-02,CUS-0016,Growth,annual,16320.00,active_paid
2025-02,CUS-0017,Growth,quarterly,4365.00,active_paid
2025-02,CUS-0018,Scale,annual,45720.00,active_paid
2025-02,CUS-0019,Scale,monthly,4050.00,active_paid
2025-02,CUS-0020,Starter,monthly,320.00,active_paid
2025-02,CUS-0021,Starter,annual,4260.00,active_paid
2025-02,CUS-0022,Starter,quarterly,1170.00,active_paid
2025-02,CUS-0023,Starter,annual,5100.00,active_paid
2025-02,CUS-0024,Starter,monthly,460.00,active_paid
2025-02,CUS-0025,Growth,monthly,1075.00,active_paid
2025-02,CUS-0026,Growth,annual,14040.00,active_paid
2025-02,CUS-0027,Growth,quarterly,3795.00,active_paid
2025-02,CUS-0028,Scale,annual,34200.00,active_paid
2025-02,CUS-0029,Scale,monthly,3090.00,active_paid
2025-02,CUS-0030,Starter,monthly,320.00,active_paid
2025-02,CUS-0031,Starter,annual,4260.00,active_paid
2025-02,CUS-0032,Starter,quarterly,1170.00,active_paid
2025-02,CUS-0033,Starter,annual,5100.00,active_paid
2025-02,CUS-0034,Starter,monthly,460.00,active_paid
2025-02,CUS-0035,Growth,monthly,1455.00,active_paid
2025-02,CUS-0036,Growth,annual,11760.00,active_paid
2025-02,CUS-0037,Growth,quarterly,3225.00,active_paid
2025-02,CUS-0038,Scale,annual,42840.00,active_paid
2025-02,CUS-0039,Scale,monthly,3810.00,active_paid
2025-02,CUS-0040,Starter,monthly,320.00,active_paid
2025-02,CUS-0041,Starter,annual,4260.00,active_paid
2025-02,CUS-0042,Starter,quarterly,1170.00,active_paid
2025-02,CUS-0043,Starter,annual,5100.00,active_paid
2025-02,CUS-0044,Starter,monthly,460.00,active_paid
2025-02,CUS-0045,Growth,monthly,1265.00,active_paid
2025-02,CUS-0046,Growth,annual,16320.00,active_paid
2025-02,CUS-0047,Growth,quarterly,4365.00,active_paid
2025-02,CUS-0048,Scale,annual,51480.00,active_paid
2025-02,CUS-0049,Scale,monthly,2850.00,active_paid
2025-02,CUS-0050,Starter,monthly,320.00,active_paid
2025-02,CUS-0051,Starter,annual,4260.00,active_paid
2025-02,CUS-0052,Starter,quarterly,1170.00,active_paid
2025-02,CUS-0053,Starter,annual,5100.00,active_paid
2025-02,CUS-0054,Starter,monthly,460.00,active_paid
2025-02,CUS-0055,Growth,monthly,1075.00,active_paid
2025-02,CUS-0056,Growth,annual,14040.00,active_paid
2025-02,CUS-0057,Growth,quarterly,3795.00,active_paid
2025-02,CUS-0058,Scale,annual,39960.00,active_paid
2025-02,CUS-0059,Scale,monthly,3570.00,active_paid
2025-02,CUS-0060,Starter,monthly,320.00,active_paid
2025-02,CUS-0061,Starter,annual,4260.00,active_paid
2025-02,CUS-0062,Starter,quarterly,1170.00,active_paid
2025-02,CUS-0063,Starter,annual,5100.00,active_paid
2025-02,CUS-0064,Starter,monthly,460.00,active_paid
2025-02,CUS-0065,Growth,monthly,1455.00,active_paid
2025-02,CUS-0066,Growth,annual,11760.00,active_paid
2025-02,CUS-0067,Growth,quarterly,3225.00,active_paid
2025-02,CUS-0070,Starter,monthly,320.00,active_paid
2025-02,CUS-0071,Starter,annual,4260.00,active_paid
2025-02,CUS-0072,Starter,quarterly,1170.00,active_paid
2025-02,CUS-0073,Starter,annual,5100.00,active_paid
2025-02,CUS-0074,Starter,monthly,460.00,active_paid
2025-02,CUS-0075,Growth,monthly,1265.00,active_paid
2025-02,CUS-0076,Growth,annual,16320.00,active_paid
2025-02,CUS-0077,Growth,quarterly,4365.00,active_paid
2025-02,CUS-0078,Scale,annual,37080.00,active_paid
2025-02,CUS-0079,Scale,monthly,3330.00,active_paid
2025-02,CUS-0080,Starter,monthly,320.00,active_paid
2025-02,CUS-0081,Starter,annual,4260.00,active_paid
2025-02,CUS-0082,Starter,quarterly,1170.00,active_paid
2025-02,CUS-0083,Starter,annual,5100.00,active_paid
2025-02,CUS-0084,Starter,monthly,460.00,active_paid
2025-02,CUS-0085,Growth,monthly,1075.00,active_paid
2025-02,CUS-0086,Growth,annual,14040.00,active_paid
2025-02,CUS-0087,Growth,quarterly,3795.00,active_paid
2025-02,CUS-0088,Scale,annual,45720.00,active_paid
2025-02,CUS-0090,Starter,monthly,320.00,active_paid
2025-02,CUS-0091,Starter,annual,4260.00,active_paid
2025-02,CUS-0092,Starter,quarterly,1170.00,active_paid
2025-02,CUS-0093,Starter,annual,5100.00,active_paid
2025-02,CUS-0094,Starter,monthly,460.00,active_paid
2025-02,CUS-0095,Growth,monthly,1455.00,active_paid
2025-02,CUS-0096,Growth,annual,11760.00,active_paid
2025-02,CUS-0097,Growth,quarterly,3225.00,active_paid
2025-02,CUS-0098,Scale,annual,34200.00,active_paid
2025-02,CUS-0099,Scale,monthly,3090.00,active_paid
2025-02,CUS-0100,Starter,monthly,320.00,active_paid
2025-02,CUS-0101,Starter,annual,4260.00,active_paid
2025-02,CUS-0102,Starter,quarterly,1170.00,active_paid
2025-02,CUS-0103,Starter,annual,5100.00,active_paid
2025-02,CUS-0104,Starter,monthly,460.00,active_paid
2025-02,CUS-0105,Growth,monthly,1265.00,active_paid
2025-02,CUS-0106,Growth,annual,16320.00,active_paid
2025-02,CUS-0107,Growth,quarterly,4365.00,active_paid
2025-02,CUS-0108,Scale,annual,42840.00,active_paid
2025-02,CUS-0109,Scale,monthly,3810.00,active_paid
2025-02,CUS-0110,Starter,monthly,320.00,active_paid
2025-02,CUS-0111,Starter,annual,4260.00,active_paid
2025-02,CUS-0112,Starter,quarterly,1170.00,active_paid
2025-02,CUS-0113,Starter,annual,5100.00,active_paid
2025-02,CUS-0114,Starter,monthly,460.00,active_paid
2025-02,CUS-0115,Growth,monthly,1075.00,active_paid
2025-02,CUS-0116,Growth,annual,14040.00,active_paid
2025-02,CUS-0117,Growth,quarterly,3795.00,active_paid
2025-02,CUS-0119,Scale,monthly,2850.00,active_paid
2025-02,CUS-0120,Starter,monthly,320.00,active_paid
2025-02,CUS-0121,Starter,annual,4260.00,active_paid
2025-02,CUS-0122,Starter,quarterly,1170.00,active_paid
2025-02,CUS-0123,Starter,annual,5100.00,active_paid
2025-02,CUS-0124,Starter,monthly,460.00,active_paid
2025-02,CUS-0125,Growth,monthly,1455.00,active_paid
2025-02,CUS-0126,Growth,annual,11760.00,active_paid
2025-02,CUS-0127,Growth,quarterly,3225.00,active_paid
2025-02,CUS-0128,Scale,annual,39960.00,active_paid
2025-02,CUS-0129,Scale,monthly,3570.00,active_paid
2025-02,CUS-0130,Starter,monthly,320.00,active_paid
2025-02,CUS-0131,Starter,annual,4260.00,active_paid
2025-02,CUS-0132,Starter,quarterly,1170.00,active_paid
2025-02,CUS-0133,Starter,annual,5100.00,active_paid
2025-02,CUS-0134,Starter,monthly,460.00,active_paid
2025-02,CUS-0135,Growth,monthly,1265.00,active_paid
2025-02,CUS-0136,Growth,annual,16320.00,active_paid
2025-02,CUS-0137,Growth,quarterly,4365.00,active_paid
2025-02,CUS-0140,Starter,monthly,320.00,active_paid
2025-02,CUS-0141,Starter,annual,4260.00,active_paid
2025-02,CUS-0142,Starter,quarterly,1170.00,active_paid
2025-02,CUS-0143,Starter,annual,5100.00,active_paid
2025-02,CUS-0144,Starter,monthly,460.00,active_paid
2025-02,CUS-0145,Growth,monthly,1075.00,active_paid
2025-02,CUS-0146,Growth,annual,14040.00,active_paid
2025-02,CUS-0147,Growth,quarterly,3795.00,active_paid
2025-02,CUS-0148,Scale,annual,37080.00,active_paid
2025-02,CUS-0149,Scale,monthly,3330.00,active_paid
2025-02,CUS-0150,Starter,monthly,320.00,active_paid
2025-02,CUS-0151,Starter,annual,4260.00,active_paid
2025-02,CUS-0152,Starter,quarterly,1170.00,active_paid
2025-02,CUS-0153,Starter,annual,5100.00,active_paid
2025-02,CUS-0154,Starter,monthly,460.00,active_paid
2025-02,CUS-0155,Growth,monthly,1455.00,active_paid
2025-02,CUS-0156,Growth,annual,11760.00,active_paid
2025-02,CUS-0157,Growth,quarterly,3225.00,active_paid
2025-02,CUS-0158,Scale,annual,45720.00,active_paid
2025-02,CUS-0160,Starter,monthly,320.00,active_paid
2025-02,CUS-0161,Starter,annual,4260.00,active_paid
2025-02,CUS-0162,Starter,quarterly,1170.00,active_paid
2025-02,CUS-0163,Starter,annual,5100.00,active_paid
2025-02,CUS-0164,Starter,monthly,460.00,active_paid
2025-02,CUS-0165,Growth,monthly,1265.00,active_paid
2025-02,CUS-0166,Growth,annual,16320.00,active_paid
2025-02,CUS-0167,Growth,quarterly,4365.00,active_paid
2025-02,CUS-0168,Scale,annual,34200.00,active_paid
2025-02,CUS-0169,Scale,monthly,3090.00,active_paid
2025-02,CUS-0170,Starter,monthly,320.00,active_paid
2025-02,CUS-0171,Starter,annual,4260.00,active_paid
2025-02,CUS-0172,Starter,quarterly,1170.00,active_paid
2025-02,CUS-0173,Starter,annual,5100.00,active_paid
2025-02,CUS-0174,Starter,monthly,460.00,active_paid
2025-02,CUS-0175,Growth,monthly,1075.00,active_paid
2025-02,CUS-0176,Growth,annual,14040.00,active_paid
2025-02,CUS-0177,Growth,quarterly,3795.00,active_paid
2025-02,CUS-0178,Scale,annual,42840.00,active_paid
2025-02,CUS-0179,Scale,monthly,3810.00,active_paid
2025-02,CUS-0180,Starter,monthly,320.00,active_paid
2025-02,CUS-0181,Starter,annual,4260.00,active_paid
2025-02,CUS-0182,Starter,quarterly,1170.00,active_paid
2025-02,CUS-0183,Starter,annual,5100.00,active_paid
2025-02,CUS-0184,Starter,monthly,460.00,active_paid
2025-02,CUS-0185,Growth,monthly,1455.00,active_paid
2025-02,CUS-0186,Growth,annual,11760.00,active_paid
2025-02,CUS-0187,Growth,quarterly,3225.00,active_paid
2025-02,CUS-0188,Scale,annual,51480.00,active_paid
2025-02,CUS-0189,Scale,monthly,2850.00,active_paid
2025-02,CUS-0190,Starter,monthly,320.00,active_paid
2025-02,CUS-0191,Starter,annual,4260.00,active_paid
2025-02,CUS-0192,Starter,quarterly,1170.00,active_paid
2025-02,CUS-0193,Starter,annual,5100.00,active_paid
2025-02,CUS-0194,Starter,monthly,460.00,active_paid
2025-02,CUS-0195,Growth,monthly,1265.00,active_paid
2025-02,CUS-0196,Growth,annual,16320.00,active_paid
2025-02,CUS-0197,Growth,quarterly,4365.00,active_paid
2025-02,CUS-0198,Scale,annual,39960.00,active_paid
2025-02,CUS-0199,Scale,monthly,3570.00,active_paid
2025-02,CUS-0200,Starter,monthly,320.00,active_paid
2025-02,CUS-0201,Starter,annual,4260.00,active_paid
2025-02,CUS-0202,Starter,quarterly,1170.00,active_paid
2025-02,CUS-0203,Starter,annual,5100.00,active_paid
2025-02,CUS-0204,Starter,monthly,460.00,active_paid
2025-02,CUS-0205,Growth,monthly,1075.00,active_paid
2025-02,CUS-0206,Growth,annual,14040.00,active_paid
2025-03,CUS-0001,Starter,annual,4260.00,active_paid
2025-03,CUS-0002,Starter,quarterly,1170.00,active_paid
2025-03,CUS-0003,Starter,annual,5100.00,active_paid
2025-03,CUS-0004,Starter,monthly,460.00,active_paid
2025-03,CUS-0005,Growth,monthly,1455.00,active_paid
2025-03,CUS-0006,Growth,annual,11760.00,active_paid
2025-03,CUS-0007,Growth,quarterly,3225.00,active_paid
2025-03,CUS-0008,Scale,annual,37080.00,active_paid
2025-03,CUS-0009,Scale,monthly,3330.00,active_paid
2025-03,CUS-0010,Starter,monthly,320.00,active_paid
2025-03,CUS-0011,Starter,annual,4260.00,active_paid
2025-03,CUS-0012,Starter,quarterly,1170.00,active_paid
2025-03,CUS-0013,Starter,annual,5100.00,active_paid
2025-03,CUS-0014,Starter,monthly,460.00,active_paid
2025-03,CUS-0015,Growth,monthly,1265.00,active_paid
2025-03,CUS-0016,Growth,annual,16320.00,active_paid
2025-03,CUS-0017,Growth,quarterly,4365.00,active_paid
2025-03,CUS-0018,Scale,annual,45720.00,active_paid
2025-03,CUS-0020,Starter,monthly,320.00,active_paid
2025-03,CUS-0021,Starter,annual,4260.00,active_paid
2025-03,CUS-0022,Starter,quarterly,1170.00,active_paid
2025-03,CUS-0023,Starter,annual,5100.00,active_paid
2025-03,CUS-0024,Starter,monthly,460.00,active_paid
2025-03,CUS-0025,Growth,monthly,1075.00,active_paid
2025-03,CUS-0026,Growth,annual,14040.00,active_paid
2025-03,CUS-0027,Growth,quarterly,3795.00,active_paid
2025-03,CUS-0028,Scale,annual,34200.00,active_paid
2025-03,CUS-0029,Scale,monthly,3090.00,active_paid
2025-03,CUS-0030,Starter,monthly,320.00,active_paid
2025-03,CUS-0031,Starter,annual,4260.00,active_paid
2025-03,CUS-0032,Starter,quarterly,1170.00,active_paid
2025-03,CUS-0033,Starter,annual,5100.00,active_paid
2025-03,CUS-0034,Starter,monthly,460.00,active_paid
2025-03,CUS-0035,Growth,monthly,1455.00,active_paid
2025-03,CUS-0036,Growth,annual,11760.00,active_paid
2025-03,CUS-0037,Growth,quarterly,3225.00,active_paid
2025-03,CUS-0038,Scale,annual,42840.00,active_paid
2025-03,CUS-0039,Scale,monthly,3810.00,active_paid
2025-03,CUS-0040,Starter,monthly,320.00,active_paid
2025-03,CUS-0041,Starter,annual,4260.00,active_paid
2025-03,CUS-0042,Starter,quarterly,1170.00,active_paid
2025-03,CUS-0043,Starter,annual,5100.00,active_paid
2025-03,CUS-0044,Starter,monthly,460.00,active_paid
2025-03,CUS-0045,Growth,monthly,1265.00,active_paid
2025-03,CUS-0046,Growth,annual,16320.00,active_paid
2025-03,CUS-0047,Growth,quarterly,4365.00,active_paid
2025-03,CUS-0049,Scale,monthly,2850.00,active_paid
2025-03,CUS-0050,Starter,monthly,320.00,active_paid
2025-03,CUS-0051,Starter,annual,4260.00,active_paid
2025-03,CUS-0052,Starter,quarterly,1170.00,active_paid
2025-03,CUS-0053,Starter,annual,5100.00,active_paid
2025-03,CUS-0054,Starter,monthly,460.00,active_paid
2025-03,CUS-0055,Growth,monthly,1075.00,active_paid
2025-03,CUS-0056,Growth,annual,14040.00,active_paid
2025-03,CUS-0057,Growth,quarterly,3795.00,active_paid
2025-03,CUS-0058,Scale,annual,39960.00,active_paid
2025-03,CUS-0059,Scale,monthly,3570.00,active_paid
2025-03,CUS-0060,Starter,monthly,320.00,active_paid
2025-03,CUS-0061,Starter,annual,4260.00,active_paid
2025-03,CUS-0062,Starter,quarterly,1170.00,active_paid
2025-03,CUS-0063,Starter,annual,5100.00,active_paid
2025-03,CUS-0064,Starter,monthly,460.00,active_paid
2025-03,CUS-0065,Growth,monthly,1455.00,active_paid
2025-03,CUS-0066,Growth,annual,11760.00,active_paid
2025-03,CUS-0067,Growth,quarterly,3225.00,active_paid
2025-03,CUS-0070,Starter,monthly,320.00,active_paid
2025-03,CUS-0071,Starter,annual,4260.00,active_paid
2025-03,CUS-0072,Starter,quarterly,1170.00,active_paid
2025-03,CUS-0073,Starter,annual,5100.00,active_paid
2025-03,CUS-0074,Starter,monthly,460.00,active_paid
2025-03,CUS-0075,Growth,monthly,1265.00,active_paid
2025-03,CUS-0076,Growth,annual,16320.00,active_paid
2025-03,CUS-0077,Growth,quarterly,4365.00,active_paid
2025-03,CUS-0078,Scale,annual,37080.00,active_paid
2025-03,CUS-0079,Scale,monthly,3330.00,active_paid
2025-03,CUS-0080,Starter,monthly,320.00,active_paid
2025-03,CUS-0081,Starter,annual,4260.00,active_paid
2025-03,CUS-0082,Starter,quarterly,1170.00,active_paid
2025-03,CUS-0083,Starter,annual,5100.00,active_paid
2025-03,CUS-0084,Starter,monthly,460.00,active_paid
2025-03,CUS-0085,Growth,monthly,1075.00,active_paid
2025-03,CUS-0086,Growth,annual,14040.00,active_paid
2025-03,CUS-0087,Growth,quarterly,3795.00,active_paid
2025-03,CUS-0090,Starter,monthly,320.00,active_paid
2025-03,CUS-0091,Starter,annual,4260.00,active_paid
2025-03,CUS-0092,Starter,quarterly,1170.00,active_paid
2025-03,CUS-0093,Starter,annual,5100.00,active_paid
2025-03,CUS-0094,Starter,monthly,460.00,active_paid
2025-03,CUS-0095,Growth,monthly,1455.00,active_paid
2025-03,CUS-0096,Growth,annual,11760.00,active_paid
2025-03,CUS-0097,Growth,quarterly,3225.00,active_paid
2025-03,CUS-0098,Scale,annual,34200.00,active_paid
2025-03,CUS-0099,Scale,monthly,3090.00,active_paid
2025-03,CUS-0100,Starter,monthly,320.00,active_paid
2025-03,CUS-0101,Starter,annual,4260.00,active_paid
2025-03,CUS-0102,Starter,quarterly,1170.00,active_paid
2025-03,CUS-0103,Starter,annual,5100.00,active_paid
2025-03,CUS-0104,Starter,monthly,460.00,active_paid
2025-03,CUS-0105,Growth,monthly,1265.00,active_paid
2025-03,CUS-0106,Growth,annual,16320.00,active_paid
2025-03,CUS-0107,Growth,quarterly,4365.00,active_paid
2025-03,CUS-0108,Scale,annual,42840.00,active_paid
2025-03,CUS-0109,Scale,monthly,3810.00,active_paid
2025-03,CUS-0110,Starter,monthly,320.00,active_paid
2025-03,CUS-0111,Starter,annual,4260.00,active_paid
2025-03,CUS-0112,Starter,quarterly,1170.00,active_paid
2025-03,CUS-0113,Starter,annual,5100.00,active_paid
2025-03,CUS-0114,Starter,monthly,460.00,active_paid
2025-03,CUS-0115,Growth,monthly,1075.00,active_paid
2025-03,CUS-0116,Growth,annual,14040.00,active_paid
2025-03,CUS-0117,Growth,quarterly,3795.00,active_paid
2025-03,CUS-0119,Scale,monthly,2850.00,active_paid
2025-03,CUS-0120,Starter,monthly,320.00,active_paid
2025-03,CUS-0121,Starter,annual,4260.00,active_paid
2025-03,CUS-0122,Starter,quarterly,1170.00,active_paid
2025-03,CUS-0123,Starter,annual,5100.00,active_paid
2025-03,CUS-0124,Starter,monthly,460.00,active_paid
2025-03,CUS-0125,Growth,monthly,1455.00,active_paid
2025-03,CUS-0126,Growth,annual,11760.00,active_paid
2025-03,CUS-0127,Growth,quarterly,3225.00,active_paid
2025-03,CUS-0128,Scale,annual,39960.00,active_paid
2025-03,CUS-0129,Scale,monthly,3570.00,active_paid
2025-03,CUS-0130,Starter,monthly,320.00,active_paid
2025-03,CUS-0131,Starter,annual,4260.00,active_paid
2025-03,CUS-0132,Starter,quarterly,1170.00,active_paid
2025-03,CUS-0133,Starter,annual,5100.00,active_paid
2025-03,CUS-0134,Starter,monthly,460.00,active_paid
2025-03,CUS-0135,Growth,monthly,1265.00,active_paid
2025-03,CUS-0136,Growth,annual,16320.00,active_paid
2025-03,CUS-0137,Growth,quarterly,4365.00,active_paid
2025-03,CUS-0140,Starter,monthly,320.00,active_paid
2025-03,CUS-0141,Starter,annual,4260.00,active_paid
2025-03,CUS-0142,Starter,quarterly,1170.00,active_paid
2025-03,CUS-0143,Starter,annual,5100.00,active_paid
2025-03,CUS-0144,Starter,monthly,460.00,active_paid
2025-03,CUS-0145,Growth,monthly,1075.00,active_paid
2025-03,CUS-0146,Growth,annual,14040.00,active_paid
2025-03,CUS-0147,Growth,quarterly,3795.00,active_paid
2025-03,CUS-0148,Scale,annual,37080.00,active_paid
2025-03,CUS-0149,Scale,monthly,3330.00,active_paid
2025-03,CUS-0150,Starter,monthly,320.00,active_paid
2025-03,CUS-0151,Starter,annual,4260.00,active_paid
2025-03,CUS-0152,Starter,quarterly,1170.00,active_paid
2025-03,CUS-0153,Starter,annual,5100.00,active_paid
2025-03,CUS-0154,Starter,monthly,460.00,active_paid
2025-03,CUS-0155,Growth,monthly,1455.00,active_paid
2025-03,CUS-0156,Growth,annual,11760.00,active_paid
2025-03,CUS-0157,Growth,quarterly,3225.00,active_paid
2025-03,CUS-0160,Starter,monthly,320.00,active_paid
2025-03,CUS-0161,Starter,annual,4260.00,active_paid
2025-03,CUS-0162,Starter,quarterly,1170.00,active_paid
2025-03,CUS-0163,Starter,annual,5100.00,active_paid
2025-03,CUS-0164,Starter,monthly,460.00,active_paid
2025-03,CUS-0165,Growth,monthly,1265.00,active_paid
2025-03,CUS-0166,Growth,annual,16320.00,active_paid
2025-03,CUS-0167,Growth,quarterly,4365.00,active_paid
2025-03,CUS-0168,Scale,annual,34200.00,active_paid
2025-03,CUS-0169,Scale,monthly,3090.00,active_paid
2025-03,CUS-0170,Starter,monthly,320.00,active_paid
2025-03,CUS-0171,Starter,annual,4260.00,active_paid
2025-03,CUS-0172,Starter,quarterly,1170.00,active_paid
2025-03,CUS-0173,Starter,annual,5100.00,active_paid
2025-03,CUS-0174,Starter,monthly,460.00,active_paid
2025-03,CUS-0175,Growth,monthly,1075.00,active_paid
2025-03,CUS-0176,Growth,annual,14040.00,active_paid
2025-03,CUS-0177,Growth,quarterly,3795.00,active_paid
2025-03,CUS-0178,Scale,annual,42840.00,active_paid
2025-03,CUS-0179,Scale,monthly,3810.00,active_paid
2025-03,CUS-0180,Starter,monthly,320.00,active_paid
2025-03,CUS-0181,Starter,annual,4260.00,active_paid
2025-03,CUS-0182,Starter,quarterly,1170.00,active_paid
2025-03,CUS-0183,Starter,annual,5100.00,active_paid
2025-03,CUS-0184,Starter,monthly,460.00,active_paid
2025-03,CUS-0185,Growth,monthly,1455.00,active_paid
2025-03,CUS-0186,Growth,annual,11760.00,active_paid
2025-03,CUS-0187,Growth,quarterly,3225.00,active_paid
2025-03,CUS-0188,Scale,annual,51480.00,active_paid
2025-03,CUS-0189,Scale,monthly,2850.00,active_paid
2025-03,CUS-0190,Starter,monthly,320.00,active_paid
2025-03,CUS-0191,Starter,annual,4260.00,active_paid
2025-03,CUS-0192,Starter,quarterly,1170.00,active_paid
2025-03,CUS-0193,Starter,annual,5100.00,active_paid
2025-03,CUS-0194,Starter,monthly,460.00,active_paid
2025-03,CUS-0195,Growth,monthly,1265.00,active_paid
2025-03,CUS-0196,Growth,annual,16320.00,active_paid
2025-03,CUS-0197,Growth,quarterly,4365.00,active_paid
2025-03,CUS-0198,Scale,annual,39960.00,active_paid
2025-03,CUS-0199,Scale,monthly,3570.00,active_paid
2025-03,CUS-0200,Starter,monthly,320.00,active_paid
2025-03,CUS-0201,Starter,annual,4260.00,active_paid
2025-03,CUS-0202,Starter,quarterly,1170.00,active_paid
2025-03,CUS-0203,Starter,annual,5100.00,active_paid
2025-03,CUS-0204,Starter,monthly,460.00,active_paid
2025-03,CUS-0205,Growth,monthly,1075.00,active_paid
2025-03,CUS-0206,Growth,annual,14040.00,active_paid
2025-03,CUS-0207,Growth,quarterly,3795.00,active_paid
2025-03,CUS-0208,Scale,annual,48600.00,active_paid
2025-03,CUS-0209,Scale,monthly,4290.00,active_paid
2025-03,CUS-0210,Starter,monthly,320.00,active_paid
2025-03,CUS-0211,Starter,annual,4260.00,active_paid
2025-03,CUS-0212,Starter,quarterly,1170.00,active_paid
2025-03,CUS-0213,Starter,annual,5100.00,active_paid
2025-03,CUS-0214,Starter,monthly,460.00,active_paid
2025-03,CUS-0215,Growth,monthly,1455.00,active_paid
2025-03,CUS-0216,Growth,annual,11760.00,active_paid
2025-03,CUS-0217,Growth,quarterly,3225.00,active_paid
2025-03,CUS-0218,Scale,annual,37080.00,active_paid
2025-03,CUS-0219,Scale,monthly,3330.00,active_paid
2025-04,CUS-0001,Starter,annual,4260.00,active_paid
2025-04,CUS-0002,Starter,quarterly,1170.00,active_paid
2025-04,CUS-0003,Starter,annual,5100.00,active_paid
2025-04,CUS-0004,Starter,monthly,460.00,active_paid
2025-04,CUS-0005,Growth,monthly,1455.00,active_paid
2025-04,CUS-0006,Growth,annual,11760.00,active_paid
2025-04,CUS-0007,Growth,quarterly,3225.00,active_paid
2025-04,CUS-0008,Scale,annual,37080.00,active_paid
2025-04,CUS-0009,Scale,monthly,3330.00,active_paid
2025-04,CUS-0010,Starter,monthly,320.00,active_paid
2025-04,CUS-0011,Starter,annual,4260.00,active_paid
2025-04,CUS-0012,Starter,quarterly,1170.00,active_paid
2025-04,CUS-0013,Starter,annual,5100.00,active_paid
2025-04,CUS-0014,Starter,monthly,460.00,active_paid
2025-04,CUS-0015,Growth,monthly,1265.00,active_paid
2025-04,CUS-0016,Growth,annual,16320.00,active_paid
2025-04,CUS-0017,Growth,quarterly,4365.00,active_paid
2025-04,CUS-0020,Starter,monthly,320.00,active_paid
2025-04,CUS-0021,Starter,annual,4260.00,active_paid
2025-04,CUS-0022,Starter,quarterly,1170.00,active_paid
2025-04,CUS-0023,Starter,annual,5100.00,active_paid
2025-04,CUS-0024,Starter,monthly,460.00,active_paid
2025-04,CUS-0025,Growth,monthly,1075.00,active_paid
2025-04,CUS-0026,Growth,annual,14040.00,active_paid
2025-04,CUS-0027,Growth,quarterly,3795.00,active_paid
2025-04,CUS-0028,Scale,annual,34200.00,active_paid
2025-04,CUS-0029,Scale,monthly,3090.00,active_paid
2025-04,CUS-0030,Starter,monthly,320.00,active_paid
2025-04,CUS-0031,Starter,annual,4260.00,active_paid
2025-04,CUS-0032,Starter,quarterly,1170.00,active_paid
2025-04,CUS-0033,Starter,annual,5100.00,active_paid
2025-04,CUS-0034,Starter,monthly,460.00,active_paid
2025-04,CUS-0035,Growth,monthly,1455.00,active_paid
2025-04,CUS-0036,Growth,annual,11760.00,active_paid
2025-04,CUS-0037,Growth,quarterly,3225.00,active_paid
2025-04,CUS-0038,Scale,annual,42840.00,active_paid
2025-04,CUS-0040,Starter,monthly,320.00,active_paid
2025-04,CUS-0041,Starter,annual,4260.00,active_paid
2025-04,CUS-0042,Starter,quarterly,1170.00,active_paid
2025-04,CUS-0043,Starter,annual,5100.00,active_paid
2025-04,CUS-0044,Starter,monthly,460.00,active_paid
2025-04,CUS-0045,Growth,monthly,1265.00,active_paid
2025-04,CUS-0046,Growth,annual,16320.00,active_paid
2025-04,CUS-0047,Growth,quarterly,4365.00,active_paid
2025-04,CUS-0049,Scale,monthly,2850.00,active_paid
2025-04,CUS-0050,Starter,monthly,320.00,active_paid
2025-04,CUS-0051,Starter,annual,4260.00,active_paid
2025-04,CUS-0052,Starter,quarterly,1170.00,active_paid
2025-04,CUS-0053,Starter,annual,5100.00,active_paid
2025-04,CUS-0054,Starter,monthly,460.00,active_paid
2025-04,CUS-0055,Growth,monthly,1075.00,active_paid
2025-04,CUS-0056,Growth,annual,14040.00,active_paid
2025-04,CUS-0057,Growth,quarterly,3795.00,active_paid
2025-04,CUS-0058,Scale,annual,39960.00,active_paid
2025-04,CUS-0059,Scale,monthly,3570.00,active_paid
2025-04,CUS-0060,Starter,monthly,320.00,active_paid
2025-04,CUS-0061,Starter,annual,4260.00,active_paid
2025-04,CUS-0062,Starter,quarterly,1170.00,active_paid
2025-04,CUS-0063,Starter,annual,5100.00,active_paid
2025-04,CUS-0064,Starter,monthly,460.00,active_paid
2025-04,CUS-0065,Growth,monthly,1455.00,active_paid
2025-04,CUS-0066,Growth,annual,11760.00,active_paid
2025-04,CUS-0067,Growth,quarterly,3225.00,active_paid
2025-04,CUS-0070,Starter,monthly,320.00,active_paid
2025-04,CUS-0071,Starter,annual,4260.00,active_paid
2025-04,CUS-0072,Starter,quarterly,1170.00,active_paid
2025-04,CUS-0073,Starter,annual,5100.00,active_paid
2025-04,CUS-0074,Starter,monthly,460.00,active_paid
2025-04,CUS-0075,Growth,monthly,1265.00,active_paid
2025-04,CUS-0076,Growth,annual,16320.00,active_paid
2025-04,CUS-0077,Growth,quarterly,4365.00,active_paid
2025-04,CUS-0078,Scale,annual,37080.00,active_paid
2025-04,CUS-0079,Scale,monthly,3330.00,active_paid
2025-04,CUS-0080,Starter,monthly,320.00,active_paid
2025-04,CUS-0081,Starter,annual,4260.00,active_paid
2025-04,CUS-0082,Starter,quarterly,1170.00,active_paid
2025-04,CUS-0083,Starter,annual,5100.00,active_paid
2025-04,CUS-0084,Starter,monthly,460.00,active_paid
2025-04,CUS-0085,Growth,monthly,1075.00,active_paid
2025-04,CUS-0086,Growth,annual,14040.00,active_paid
2025-04,CUS-0087,Growth,quarterly,3795.00,active_paid
2025-04,CUS-0090,Starter,monthly,320.00,active_paid
2025-04,CUS-0091,Starter,annual,4260.00,active_paid
2025-04,CUS-0092,Starter,quarterly,1170.00,active_paid
2025-04,CUS-0093,Starter,annual,5100.00,active_paid
2025-04,CUS-0094,Starter,monthly,460.00,active_paid
2025-04,CUS-0095,Growth,monthly,1455.00,active_paid
2025-04,CUS-0096,Growth,annual,11760.00,active_paid
2025-04,CUS-0097,Growth,quarterly,3225.00,active_paid
2025-04,CUS-0098,Scale,annual,34200.00,active_paid
2025-04,CUS-0099,Scale,monthly,3090.00,active_paid
2025-04,CUS-0100,Starter,monthly,320.00,active_paid
2025-04,CUS-0101,Starter,annual,4260.00,active_paid
2025-04,CUS-0102,Starter,quarterly,1170.00,active_paid
2025-04,CUS-0103,Starter,annual,5100.00,active_paid
2025-04,CUS-0104,Starter,monthly,460.00,active_paid
2025-04,CUS-0105,Growth,monthly,1265.00,active_paid
2025-04,CUS-0106,Growth,annual,16320.00,active_paid
2025-04,CUS-0107,Growth,quarterly,4365.00,active_paid
2025-04,CUS-0108,Scale,annual,42840.00,active_paid
2025-04,CUS-0110,Starter,monthly,320.00,active_paid
2025-04,CUS-0111,Starter,annual,4260.00,active_paid
2025-04,CUS-0112,Starter,quarterly,1170.00,active_paid
2025-04,CUS-0113,Starter,annual,5100.00,active_paid
2025-04,CUS-0114,Starter,monthly,460.00,active_paid
2025-04,CUS-0115,Growth,monthly,1075.00,active_paid
2025-04,CUS-0116,Growth,annual,14040.00,active_paid
2025-04,CUS-0117,Growth,quarterly,3795.00,active_paid
2025-04,CUS-0119,Scale,monthly,2850.00,active_paid
2025-04,CUS-0120,Starter,monthly,320.00,active_paid
2025-04,CUS-0121,Starter,annual,4260.00,active_paid
2025-04,CUS-0122,Starter,quarterly,1170.00,active_paid
2025-04,CUS-0123,Starter,annual,5100.00,active_paid
2025-04,CUS-0124,Starter,monthly,460.00,active_paid
2025-04,CUS-0125,Growth,monthly,1455.00,active_paid
2025-04,CUS-0126,Growth,annual,11760.00,active_paid
2025-04,CUS-0127,Growth,quarterly,3225.00,active_paid
2025-04,CUS-0128,Scale,annual,39960.00,active_paid
2025-04,CUS-0129,Scale,monthly,3570.00,active_paid
2025-04,CUS-0130,Starter,monthly,320.00,active_paid
2025-04,CUS-0131,Starter,annual,4260.00,active_paid
2025-04,CUS-0132,Starter,quarterly,1170.00,active_paid
2025-04,CUS-0133,Starter,annual,5100.00,active_paid
2025-04,CUS-0134,Starter,monthly,460.00,active_paid
2025-04,CUS-0135,Growth,monthly,1265.00,active_paid
2025-04,CUS-0136,Growth,annual,16320.00,active_paid
2025-04,CUS-0137,Growth,quarterly,4365.00,active_paid
2025-04,CUS-0140,Starter,monthly,320.00,active_paid
2025-04,CUS-0141,Starter,annual,4260.00,active_paid
2025-04,CUS-0142,Starter,quarterly,1170.00,active_paid
2025-04,CUS-0143,Starter,annual,5100.00,active_paid
2025-04,CUS-0144,Starter,monthly,460.00,active_paid
2025-04,CUS-0145,Growth,monthly,1075.00,active_paid
2025-04,CUS-0146,Growth,annual,14040.00,active_paid
2025-04,CUS-0147,Growth,quarterly,3795.00,active_paid
2025-04,CUS-0148,Scale,annual,37080.00,active_paid
2025-04,CUS-0149,Scale,monthly,3330.00,active_paid
2025-04,CUS-0150,Starter,monthly,320.00,active_paid
2025-04,CUS-0151,Starter,annual,4260.00,active_paid
2025-04,CUS-0152,Starter,quarterly,1170.00,active_paid
2025-04,CUS-0153,Starter,annual,5100.00,active_paid
2025-04,CUS-0154,Starter,monthly,460.00,active_paid
2025-04,CUS-0155,Growth,monthly,1455.00,active_paid
2025-04,CUS-0156,Growth,annual,11760.00,active_paid
2025-04,CUS-0157,Growth,quarterly,3225.00,active_paid
2025-04,CUS-0160,Starter,monthly,320.00,active_paid
2025-04,CUS-0161,Starter,annual,4260.00,active_paid
2025-04,CUS-0162,Starter,quarterly,1170.00,active_paid
2025-04,CUS-0163,Starter,annual,5100.00,active_paid
2025-04,CUS-0164,Starter,monthly,460.00,active_paid
2025-04,CUS-0165,Growth,monthly,1265.00,active_paid
2025-04,CUS-0166,Growth,annual,16320.00,active_paid
2025-04,CUS-0167,Growth,quarterly,4365.00,active_paid
2025-04,CUS-0168,Scale,annual,34200.00,active_paid
2025-04,CUS-0169,Scale,monthly,3090.00,active_paid
2025-04,CUS-0170,Starter,monthly,320.00,active_paid
2025-04,CUS-0171,Starter,annual,4260.00,active_paid
2025-04,CUS-0172,Starter,quarterly,1170.00,active_paid
2025-04,CUS-0173,Starter,annual,5100.00,active_paid
2025-04,CUS-0174,Starter,monthly,460.00,active_paid
2025-04,CUS-0175,Growth,monthly,1075.00,active_paid
2025-04,CUS-0176,Growth,annual,14040.00,active_paid
2025-04,CUS-0177,Growth,quarterly,3795.00,active_paid
2025-04,CUS-0178,Scale,annual,42840.00,active_paid
2025-04,CUS-0180,Starter,monthly,320.00,active_paid
2025-04,CUS-0181,Starter,annual,4260.00,active_paid
2025-04,CUS-0182,Starter,quarterly,1170.00,active_paid
2025-04,CUS-0183,Starter,annual,5100.00,active_paid
2025-04,CUS-0184,Starter,monthly,460.00,active_paid
2025-04,CUS-0185,Growth,monthly,1455.00,active_paid
2025-04,CUS-0186,Growth,annual,11760.00,active_paid
2025-04,CUS-0187,Growth,quarterly,3225.00,active_paid
2025-04,CUS-0189,Scale,monthly,2850.00,active_paid
2025-04,CUS-0190,Starter,monthly,320.00,active_paid
2025-04,CUS-0191,Starter,annual,4260.00,active_paid
2025-04,CUS-0192,Starter,quarterly,1170.00,active_paid
2025-04,CUS-0193,Starter,annual,5100.00,active_paid
2025-04,CUS-0194,Starter,monthly,460.00,active_paid
2025-04,CUS-0195,Growth,monthly,1265.00,active_paid
2025-04,CUS-0196,Growth,annual,16320.00,active_paid
2025-04,CUS-0197,Growth,quarterly,4365.00,active_paid
2025-04,CUS-0198,Scale,annual,39960.00,active_paid
2025-04,CUS-0199,Scale,monthly,3570.00,active_paid
2025-04,CUS-0200,Starter,monthly,320.00,active_paid
2025-04,CUS-0201,Starter,annual,4260.00,active_paid
2025-04,CUS-0202,Starter,quarterly,1170.00,active_paid
2025-04,CUS-0203,Starter,annual,5100.00,active_paid
2025-04,CUS-0204,Starter,monthly,460.00,active_paid
2025-04,CUS-0205,Growth,monthly,1075.00,active_paid
2025-04,CUS-0206,Growth,annual,14040.00,active_paid
2025-04,CUS-0207,Growth,quarterly,3795.00,active_paid
2025-04,CUS-0208,Scale,annual,48600.00,active_paid
2025-04,CUS-0209,Scale,monthly,4290.00,active_paid
2025-04,CUS-0210,Starter,monthly,320.00,active_paid
2025-04,CUS-0211,Starter,annual,4260.00,active_paid
2025-04,CUS-0212,Starter,quarterly,1170.00,active_paid
2025-04,CUS-0213,Starter,annual,5100.00,active_paid
2025-04,CUS-0214,Starter,monthly,460.00,active_paid
2025-04,CUS-0215,Growth,monthly,1455.00,active_paid
2025-04,CUS-0216,Growth,annual,11760.00,active_paid
2025-04,CUS-0217,Growth,quarterly,3225.00,active_paid
2025-04,CUS-0218,Scale,annual,37080.00,active_paid
2025-04,CUS-0219,Scale,monthly,3330.00,active_paid
2025-04,CUS-0220,Starter,monthly,320.00,active_paid
2025-04,CUS-0221,Starter,annual,4260.00,active_paid
2025-04,CUS-0222,Starter,quarterly,1170.00,active_paid
2025-04,CUS-0223,Starter,annual,5100.00,active_paid
2025-04,CUS-0224,Starter,monthly,460.00,active_paid
2025-04,CUS-0225,Growth,monthly,1265.00,active_paid
2025-04,CUS-0226,Growth,annual,16320.00,active_paid
2025-04,CUS-0227,Growth,quarterly,4365.00,active_paid
2025-04,CUS-0228,Scale,annual,45720.00,active_paid
2025-04,CUS-0229,Scale,monthly,4050.00,active_paid
2025-04,CUS-0230,Starter,monthly,320.00,active_paid
2025-04,CUS-0231,Starter,annual,4260.00,active_paid
2025-04,CUS-0232,Starter,quarterly,1170.00,active_paid
2025-04,CUS-0233,Starter,annual,5100.00,active_paid
2025-04,CUS-0234,Starter,monthly,460.00,active_paid
2025-05,CUS-0001,Starter,annual,4260.00,active_paid
2025-05,CUS-0002,Starter,quarterly,1170.00,active_paid
2025-05,CUS-0003,Starter,annual,5100.00,active_paid
2025-05,CUS-0004,Starter,monthly,460.00,active_paid
2025-05,CUS-0005,Growth,monthly,1455.00,active_paid
2025-05,CUS-0006,Growth,annual,11760.00,active_paid
2025-05,CUS-0007,Growth,quarterly,3225.00,active_paid
2025-05,CUS-0008,Scale,annual,37080.00,active_paid
2025-05,CUS-0009,Scale,monthly,3330.00,active_paid
2025-05,CUS-0010,Starter,monthly,320.00,active_paid
2025-05,CUS-0011,Starter,annual,4260.00,active_paid
2025-05,CUS-0012,Starter,quarterly,1170.00,active_paid
2025-05,CUS-0013,Starter,annual,5100.00,active_paid
2025-05,CUS-0014,Starter,monthly,460.00,active_paid
2025-05,CUS-0015,Growth,monthly,1265.00,active_paid
2025-05,CUS-0016,Growth,annual,16320.00,active_paid
2025-05,CUS-0017,Growth,quarterly,4365.00,active_paid
2025-05,CUS-0020,Starter,monthly,320.00,active_paid
2025-05,CUS-0021,Starter,annual,4260.00,active_paid
2025-05,CUS-0022,Starter,quarterly,1170.00,active_paid
2025-05,CUS-0023,Starter,annual,5100.00,active_paid
2025-05,CUS-0024,Starter,monthly,460.00,active_paid
2025-05,CUS-0025,Growth,monthly,1075.00,active_paid
2025-05,CUS-0026,Growth,annual,14040.00,active_paid
2025-05,CUS-0027,Growth,quarterly,3795.00,active_paid
2025-05,CUS-0028,Scale,annual,34200.00,active_paid
2025-05,CUS-0029,Scale,monthly,3090.00,active_paid
2025-05,CUS-0030,Starter,monthly,320.00,active_paid
2025-05,CUS-0031,Starter,annual,4260.00,active_paid
2025-05,CUS-0032,Starter,quarterly,1170.00,active_paid
2025-05,CUS-0033,Starter,annual,5100.00,active_paid
2025-05,CUS-0034,Starter,monthly,460.00,active_paid
2025-05,CUS-0035,Growth,monthly,1455.00,active_paid
2025-05,CUS-0036,Growth,annual,11760.00,active_paid
2025-05,CUS-0037,Growth,quarterly,3225.00,active_paid
2025-05,CUS-0040,Starter,monthly,320.00,active_paid
2025-05,CUS-0041,Starter,annual,4260.00,active_paid
2025-05,CUS-0042,Starter,quarterly,1170.00,active_paid
2025-05,CUS-0043,Starter,annual,5100.00,active_paid
2025-05,CUS-0044,Starter,monthly,460.00,active_paid
2025-05,CUS-0045,Growth,monthly,1265.00,active_paid
2025-05,CUS-0046,Growth,annual,16320.00,active_paid
2025-05,CUS-0047,Growth,quarterly,4365.00,active_paid
2025-05,CUS-0049,Scale,monthly,2850.00,active_paid
2025-05,CUS-0050,Starter,monthly,320.00,active_paid
2025-05,CUS-0051,Starter,annual,4260.00,active_paid
2025-05,CUS-0052,Starter,quarterly,1170.00,active_paid
2025-05,CUS-0053,Starter,annual,5100.00,active_paid
2025-05,CUS-0054,Starter,monthly,460.00,active_paid
2025-05,CUS-0055,Growth,monthly,1075.00,active_paid
2025-05,CUS-0056,Growth,annual,14040.00,active_paid
2025-05,CUS-0057,Growth,quarterly,3795.00,active_paid
2025-05,CUS-0058,Scale,annual,39960.00,active_paid
2025-05,CUS-0060,Starter,monthly,320.00,active_paid
2025-05,CUS-0061,Starter,annual,4260.00,active_paid
2025-05,CUS-0062,Starter,quarterly,1170.00,active_paid
2025-05,CUS-0063,Starter,annual,5100.00,active_paid
2025-05,CUS-0064,Starter,monthly,460.00,active_paid
2025-05,CUS-0065,Growth,monthly,1455.00,active_paid
2025-05,CUS-0066,Growth,annual,11760.00,active_paid
2025-05,CUS-0067,Growth,quarterly,3225.00,active_paid
2025-05,CUS-0070,Starter,monthly,320.00,active_paid
2025-05,CUS-0071,Starter,annual,4260.00,active_paid
2025-05,CUS-0072,Starter,quarterly,1170.00,active_paid
2025-05,CUS-0073,Starter,annual,5100.00,active_paid
2025-05,CUS-0074,Starter,monthly,460.00,active_paid
2025-05,CUS-0075,Growth,monthly,1265.00,active_paid
2025-05,CUS-0076,Growth,annual,16320.00,active_paid
2025-05,CUS-0077,Growth,quarterly,4365.00,active_paid
2025-05,CUS-0078,Scale,annual,37080.00,active_paid
2025-05,CUS-0079,Scale,monthly,3330.00,active_paid
2025-05,CUS-0080,Starter,monthly,320.00,active_paid
2025-05,CUS-0081,Starter,annual,4260.00,active_paid
2025-05,CUS-0082,Starter,quarterly,1170.00,active_paid
2025-05,CUS-0083,Starter,annual,5100.00,active_paid
2025-05,CUS-0084,Starter,monthly,460.00,active_paid
2025-05,CUS-0085,Growth,monthly,1075.00,active_paid
2025-05,CUS-0086,Growth,annual,14040.00,active_paid
2025-05,CUS-0087,Growth,quarterly,3795.00,active_paid
2025-05,CUS-0090,Starter,monthly,320.00,active_paid
2025-05,CUS-0091,Starter,annual,4260.00,active_paid
2025-05,CUS-0092,Starter,quarterly,1170.00,active_paid
2025-05,CUS-0093,Starter,annual,5100.00,active_paid
2025-05,CUS-0094,Starter,monthly,460.00,active_paid
2025-05,CUS-0095,Growth,monthly,1455.00,active_paid
2025-05,CUS-0096,Growth,annual,11760.00,active_paid
2025-05,CUS-0097,Growth,quarterly,3225.00,active_paid
2025-05,CUS-0098,Scale,annual,34200.00,active_paid
2025-05,CUS-0099,Scale,monthly,3090.00,active_paid
2025-05,CUS-0100,Starter,monthly,320.00,active_paid
2025-05,CUS-0101,Starter,annual,4260.00,active_paid
2025-05,CUS-0102,Starter,quarterly,1170.00,active_paid
2025-05,CUS-0103,Starter,annual,5100.00,active_paid
2025-05,CUS-0104,Starter,monthly,460.00,active_paid
2025-05,CUS-0105,Growth,monthly,1265.00,active_paid
2025-05,CUS-0106,Growth,annual,16320.00,active_paid
2025-05,CUS-0107,Growth,quarterly,4365.00,active_paid
2025-05,CUS-0108,Scale,annual,42840.00,active_paid
2025-05,CUS-0110,Starter,monthly,320.00,active_paid
2025-05,CUS-0111,Starter,annual,4260.00,active_paid
2025-05,CUS-0112,Starter,quarterly,1170.00,active_paid
2025-05,CUS-0113,Starter,annual,5100.00,active_paid
2025-05,CUS-0114,Starter,monthly,460.00,active_paid
2025-05,CUS-0115,Growth,monthly,1075.00,active_paid
2025-05,CUS-0116,Growth,annual,14040.00,active_paid
2025-05,CUS-0117,Growth,quarterly,3795.00,active_paid
2025-05,CUS-0119,Scale,monthly,2850.00,active_paid
2025-05,CUS-0120,Starter,monthly,320.00,active_paid
2025-05,CUS-0121,Starter,annual,4260.00,active_paid
2025-05,CUS-0122,Starter,quarterly,1170.00,active_paid
2025-05,CUS-0123,Starter,annual,5100.00,active_paid
2025-05,CUS-0124,Starter,monthly,460.00,active_paid
2025-05,CUS-0125,Growth,monthly,1455.00,active_paid
2025-05,CUS-0126,Growth,annual,11760.00,active_paid
2025-05,CUS-0127,Growth,quarterly,3225.00,active_paid
2025-05,CUS-0128,Scale,annual,39960.00,active_paid
2025-05,CUS-0130,Starter,monthly,320.00,active_paid
2025-05,CUS-0131,Starter,annual,4260.00,active_paid
2025-05,CUS-0132,Starter,quarterly,1170.00,active_paid
2025-05,CUS-0133,Starter,annual,5100.00,active_paid
2025-05,CUS-0134,Starter,monthly,460.00,active_paid
2025-05,CUS-0135,Growth,monthly,1265.00,active_paid
2025-05,CUS-0136,Growth,annual,16320.00,active_paid
2025-05,CUS-0137,Growth,quarterly,4365.00,active_paid
2025-05,CUS-0140,Starter,monthly,320.00,active_paid
2025-05,CUS-0141,Starter,annual,4260.00,active_paid
2025-05,CUS-0142,Starter,quarterly,1170.00,active_paid
2025-05,CUS-0143,Starter,annual,5100.00,active_paid
2025-05,CUS-0144,Starter,monthly,460.00,active_paid
2025-05,CUS-0145,Growth,monthly,1075.00,active_paid
2025-05,CUS-0146,Growth,annual,14040.00,active_paid
2025-05,CUS-0147,Growth,quarterly,3795.00,active_paid
2025-05,CUS-0148,Scale,annual,37080.00,active_paid
2025-05,CUS-0149,Scale,monthly,3330.00,active_paid
2025-05,CUS-0150,Starter,monthly,320.00,active_paid
2025-05,CUS-0151,Starter,annual,4260.00,active_paid
2025-05,CUS-0152,Starter,quarterly,1170.00,active_paid
2025-05,CUS-0153,Starter,annual,5100.00,active_paid
2025-05,CUS-0154,Starter,monthly,460.00,active_paid
2025-05,CUS-0155,Growth,monthly,1455.00,active_paid
2025-05,CUS-0156,Growth,annual,11760.00,active_paid
2025-05,CUS-0157,Growth,quarterly,3225.00,active_paid
2025-05,CUS-0160,Starter,monthly,320.00,active_paid
2025-05,CUS-0161,Starter,annual,4260.00,active_paid
2025-05,CUS-0162,Starter,quarterly,1170.00,active_paid
2025-05,CUS-0163,Starter,annual,5100.00,active_paid
2025-05,CUS-0164,Starter,monthly,460.00,active_paid
2025-05,CUS-0165,Growth,monthly,1265.00,active_paid
2025-05,CUS-0166,Growth,annual,16320.00,active_paid
2025-05,CUS-0167,Growth,quarterly,4365.00,active_paid
2025-05,CUS-0168,Scale,annual,34200.00,active_paid
2025-05,CUS-0169,Scale,monthly,3090.00,active_paid
2025-05,CUS-0170,Starter,monthly,320.00,active_paid
2025-05,CUS-0171,Starter,annual,4260.00,active_paid
2025-05,CUS-0172,Starter,quarterly,1170.00,active_paid
2025-05,CUS-0173,Starter,annual,5100.00,active_paid
2025-05,CUS-0174,Starter,monthly,460.00,active_paid
2025-05,CUS-0175,Growth,monthly,1075.00,active_paid
2025-05,CUS-0176,Growth,annual,14040.00,active_paid
2025-05,CUS-0177,Growth,quarterly,3795.00,active_paid
2025-05,CUS-0180,Starter,monthly,320.00,active_paid
2025-05,CUS-0181,Starter,annual,4260.00,active_paid
2025-05,CUS-0182,Starter,quarterly,1170.00,active_paid
2025-05,CUS-0183,Starter,annual,5100.00,active_paid
2025-05,CUS-0184,Starter,monthly,460.00,active_paid
2025-05,CUS-0185,Growth,monthly,1455.00,active_paid
2025-05,CUS-0186,Growth,annual,11760.00,active_paid
2025-05,CUS-0187,Growth,quarterly,3225.00,active_paid
2025-05,CUS-0189,Scale,monthly,2850.00,active_paid
2025-05,CUS-0190,Starter,monthly,320.00,active_paid
2025-05,CUS-0191,Starter,annual,4260.00,active_paid
2025-05,CUS-0192,Starter,quarterly,1170.00,active_paid
2025-05,CUS-0193,Starter,annual,5100.00,active_paid
2025-05,CUS-0194,Starter,monthly,460.00,active_paid
2025-05,CUS-0195,Growth,monthly,1265.00,active_paid
2025-05,CUS-0196,Growth,annual,16320.00,active_paid
2025-05,CUS-0197,Growth,quarterly,4365.00,active_paid
2025-05,CUS-0198,Scale,annual,39960.00,active_paid
2025-05,CUS-0200,Starter,monthly,320.00,active_paid
2025-05,CUS-0201,Starter,annual,4260.00,active_paid
2025-05,CUS-0202,Starter,quarterly,1170.00,active_paid
2025-05,CUS-0203,Starter,annual,5100.00,active_paid
2025-05,CUS-0204,Starter,monthly,460.00,active_paid
2025-05,CUS-0205,Growth,monthly,1075.00,active_paid
2025-05,CUS-0206,Growth,annual,14040.00,active_paid
2025-05,CUS-0207,Growth,quarterly,3795.00,active_paid
2025-05,CUS-0208,Scale,annual,48600.00,active_paid
2025-05,CUS-0209,Scale,monthly,4290.00,active_paid
2025-05,CUS-0210,Starter,monthly,320.00,active_paid
2025-05,CUS-0211,Starter,annual,4260.00,active_paid
2025-05,CUS-0212,Starter,quarterly,1170.00,active_paid
2025-05,CUS-0213,Starter,annual,5100.00,active_paid
2025-05,CUS-0214,Starter,monthly,460.00,active_paid
2025-05,CUS-0215,Growth,monthly,1455.00,active_paid
2025-05,CUS-0216,Growth,annual,11760.00,active_paid
2025-05,CUS-0217,Growth,quarterly,3225.00,active_paid
2025-05,CUS-0218,Scale,annual,37080.00,active_paid
2025-05,CUS-0219,Scale,monthly,3330.00,active_paid
2025-05,CUS-0220,Starter,monthly,320.00,active_paid
2025-05,CUS-0221,Starter,annual,4260.00,active_paid
2025-05,CUS-0222,Starter,quarterly,1170.00,active_paid
2025-05,CUS-0223,Starter,annual,5100.00,active_paid
2025-05,CUS-0224,Starter,monthly,460.00,active_paid
2025-05,CUS-0225,Growth,monthly,1265.00,active_paid
2025-05,CUS-0226,Growth,annual,16320.00,active_paid
2025-05,CUS-0227,Growth,quarterly,4365.00,active_paid
2025-05,CUS-0228,Scale,annual,45720.00,active_paid
2025-05,CUS-0229,Scale,monthly,4050.00,active_paid
2025-05,CUS-0230,Starter,monthly,320.00,active_paid
2025-05,CUS-0231,Starter,annual,4260.00,active_paid
2025-05,CUS-0232,Starter,quarterly,1170.00,active_paid
2025-05,CUS-0233,Starter,annual,5100.00,active_paid
2025-05,CUS-0234,Starter,monthly,460.00,active_paid
2025-05,CUS-0235,Growth,monthly,1075.00,active_paid
2025-05,CUS-0236,Growth,annual,14040.00,active_paid
2025-05,CUS-0237,Growth,quarterly,3795.00,active_paid
2025-05,CUS-0238,Scale,annual,34200.00,active_paid
2025-05,CUS-0239,Scale,monthly,3090.00,active_paid
2025-05,CUS-0240,Starter,monthly,320.00,active_paid
2025-05,CUS-0241,Starter,annual,4260.00,active_paid
2025-05,CUS-0242,Starter,quarterly,1170.00,active_paid
2025-05,CUS-0243,Starter,annual,5100.00,active_paid
2025-05,CUS-0244,Starter,monthly,460.00,active_paid
2025-05,CUS-0245,Growth,monthly,1455.00,active_paid
2025-05,CUS-0246,Growth,annual,11760.00,active_paid
2025-05,CUS-0247,Growth,quarterly,3225.00,active_paid
2025-05,CUS-0248,Scale,annual,42840.00,active_paid
2025-06,CUS-0001,Starter,annual,4260.00,active_paid
2025-06,CUS-0002,Starter,quarterly,1170.00,active_paid
2025-06,CUS-0003,Starter,annual,5100.00,active_paid
2025-06,CUS-0004,Starter,monthly,460.00,active_paid
2025-06,CUS-0005,Growth,monthly,1455.00,active_paid
2025-06,CUS-0006,Growth,annual,11760.00,active_paid
2025-06,CUS-0007,Growth,quarterly,3225.00,active_paid
2025-06,CUS-0008,Scale,annual,37080.00,active_paid
2025-06,CUS-0009,Scale,monthly,3330.00,active_paid
2025-06,CUS-0010,Starter,monthly,320.00,active_paid
2025-06,CUS-0011,Starter,annual,4260.00,active_paid
2025-06,CUS-0012,Starter,quarterly,1170.00,active_paid
2025-06,CUS-0013,Starter,annual,5100.00,active_paid
2025-06,CUS-0014,Starter,monthly,460.00,active_paid
2025-06,CUS-0015,Growth,monthly,1265.00,active_paid
2025-06,CUS-0016,Growth,annual,16320.00,active_paid
2025-06,CUS-0017,Growth,quarterly,4365.00,active_paid
2025-06,CUS-0020,Starter,monthly,320.00,active_paid
2025-06,CUS-0021,Starter,annual,4260.00,active_paid
2025-06,CUS-0022,Starter,quarterly,1170.00,active_paid
2025-06,CUS-0023,Starter,annual,5100.00,active_paid
2025-06,CUS-0024,Starter,monthly,460.00,active_paid
2025-06,CUS-0025,Growth,monthly,1075.00,active_paid
2025-06,CUS-0026,Growth,annual,14040.00,active_paid
2025-06,CUS-0027,Growth,quarterly,3795.00,active_paid
2025-06,CUS-0028,Scale,annual,34200.00,active_paid
2025-06,CUS-0030,Starter,monthly,320.00,active_paid
2025-06,CUS-0031,Starter,annual,4260.00,active_paid
2025-06,CUS-0032,Starter,quarterly,1170.00,active_paid
2025-06,CUS-0033,Starter,annual,5100.00,active_paid
2025-06,CUS-0034,Starter,monthly,460.00,active_paid
2025-06,CUS-0035,Growth,monthly,1455.00,active_paid
2025-06,CUS-0036,Growth,annual,11760.00,active_paid
2025-06,CUS-0037,Growth,quarterly,3225.00,active_paid
2025-06,CUS-0040,Starter,monthly,320.00,active_paid
2025-06,CUS-0041,Starter,annual,4260.00,active_paid
2025-06,CUS-0042,Starter,quarterly,1170.00,active_paid
2025-06,CUS-0043,Starter,annual,5100.00,active_paid
2025-06,CUS-0044,Starter,monthly,460.00,active_paid
2025-06,CUS-0045,Growth,monthly,1265.00,active_paid
2025-06,CUS-0046,Growth,annual,16320.00,active_paid
2025-06,CUS-0047,Growth,quarterly,4365.00,active_paid
2025-06,CUS-0049,Scale,monthly,2850.00,active_paid
2025-06,CUS-0050,Starter,monthly,320.00,active_paid
2025-06,CUS-0051,Starter,annual,4260.00,active_paid
2025-06,CUS-0052,Starter,quarterly,1170.00,active_paid
2025-06,CUS-0053,Starter,annual,5100.00,active_paid
2025-06,CUS-0054,Starter,monthly,460.00,active_paid
2025-06,CUS-0055,Growth,monthly,1075.00,active_paid
2025-06,CUS-0056,Growth,annual,14040.00,active_paid
2025-06,CUS-0057,Growth,quarterly,3795.00,active_paid
2025-06,CUS-0060,Starter,monthly,320.00,active_paid
2025-06,CUS-0061,Starter,annual,4260.00,active_paid
2025-06,CUS-0062,Starter,quarterly,1170.00,active_paid
2025-06,CUS-0063,Starter,annual,5100.00,active_paid
2025-06,CUS-0064,Starter,monthly,460.00,active_paid
2025-06,CUS-0065,Growth,monthly,1455.00,active_paid
2025-06,CUS-0066,Growth,annual,11760.00,active_paid
2025-06,CUS-0067,Growth,quarterly,3225.00,active_paid
2025-06,CUS-0070,Starter,monthly,320.00,active_paid
2025-06,CUS-0071,Starter,annual,4260.00,active_paid
2025-06,CUS-0072,Starter,quarterly,1170.00,active_paid
2025-06,CUS-0073,Starter,annual,5100.00,active_paid
2025-06,CUS-0074,Starter,monthly,460.00,active_paid
2025-06,CUS-0075,Growth,monthly,1265.00,active_paid
2025-06,CUS-0076,Growth,annual,16320.00,active_paid
2025-06,CUS-0077,Growth,quarterly,4365.00,active_paid
2025-06,CUS-0078,Scale,annual,37080.00,active_paid
2025-06,CUS-0079,Scale,monthly,3330.00,active_paid
2025-06,CUS-0080,Starter,monthly,320.00,active_paid
2025-06,CUS-0081,Starter,annual,4260.00,active_paid
2025-06,CUS-0082,Starter,quarterly,1170.00,active_paid
2025-06,CUS-0083,Starter,annual,5100.00,active_paid
2025-06,CUS-0084,Starter,monthly,460.00,active_paid
2025-06,CUS-0085,Growth,monthly,1075.00,active_paid
2025-06,CUS-0086,Growth,annual,14040.00,active_paid
2025-06,CUS-0087,Growth,quarterly,4554.00,active_paid
2025-06,CUS-0090,Starter,monthly,320.00,active_paid
2025-06,CUS-0091,Starter,annual,4260.00,active_paid
2025-06,CUS-0092,Starter,quarterly,1170.00,active_paid
2025-06,CUS-0093,Starter,annual,5100.00,active_paid
2025-06,CUS-0094,Starter,monthly,460.00,active_paid
2025-06,CUS-0095,Growth,monthly,1455.00,active_paid
2025-06,CUS-0096,Growth,annual,11760.00,active_paid
2025-06,CUS-0097,Growth,quarterly,3225.00,active_paid
2025-06,CUS-0098,Scale,annual,34200.00,active_paid
2025-06,CUS-0099,Scale,monthly,3090.00,active_paid
2025-06,CUS-0100,Starter,monthly,320.00,active_paid
2025-06,CUS-0101,Starter,annual,4260.00,active_paid
2025-06,CUS-0102,Starter,quarterly,1170.00,active_paid
2025-06,CUS-0103,Starter,annual,5100.00,active_paid
2025-06,CUS-0104,Starter,monthly,460.00,active_paid
2025-06,CUS-0105,Growth,monthly,1265.00,active_paid
2025-06,CUS-0106,Growth,annual,16320.00,active_paid
2025-06,CUS-0107,Growth,quarterly,4365.00,active_paid
2025-06,CUS-0110,Starter,monthly,320.00,active_paid
2025-06,CUS-0111,Starter,annual,4260.00,active_paid
2025-06,CUS-0112,Starter,quarterly,1170.00,active_paid
2025-06,CUS-0113,Starter,annual,5100.00,active_paid
2025-06,CUS-0114,Starter,monthly,460.00,active_paid
2025-06,CUS-0115,Growth,monthly,1075.00,active_paid
2025-06,CUS-0116,Growth,annual,16848.00,active_paid
2025-06,CUS-0117,Growth,quarterly,3795.00,active_paid
2025-06,CUS-0119,Scale,monthly,2850.00,active_paid
2025-06,CUS-0120,Starter,monthly,320.00,active_paid
2025-06,CUS-0121,Starter,annual,4260.00,active_paid
2025-06,CUS-0122,Starter,quarterly,1170.00,active_paid
2025-06,CUS-0123,Starter,annual,5100.00,active_paid
2025-06,CUS-0124,Starter,monthly,460.00,active_paid
2025-06,CUS-0125,Growth,monthly,1455.00,active_paid
2025-06,CUS-0126,Growth,annual,11760.00,active_paid
2025-06,CUS-0127,Growth,quarterly,3225.00,active_paid
2025-06,CUS-0128,Scale,annual,39960.00,active_paid
2025-06,CUS-0130,Starter,monthly,320.00,active_paid
2025-06,CUS-0131,Starter,annual,4260.00,active_paid
2025-06,CUS-0132,Starter,quarterly,1170.00,active_paid
2025-06,CUS-0133,Starter,annual,5100.00,active_paid
2025-06,CUS-0134,Starter,monthly,460.00,active_paid
2025-06,CUS-0135,Growth,monthly,1265.00,active_paid
2025-06,CUS-0136,Growth,annual,16320.00,active_paid
2025-06,CUS-0137,Growth,quarterly,4365.00,active_paid
2025-06,CUS-0140,Starter,monthly,320.00,active_paid
2025-06,CUS-0141,Starter,annual,4260.00,active_paid
2025-06,CUS-0142,Starter,quarterly,1170.00,active_paid
2025-06,CUS-0143,Starter,annual,5100.00,active_paid
2025-06,CUS-0144,Starter,monthly,460.00,active_paid
2025-06,CUS-0145,Growth,monthly,1290.00,active_paid
2025-06,CUS-0146,Growth,annual,14040.00,active_paid
2025-06,CUS-0147,Growth,quarterly,3795.00,active_paid
2025-06,CUS-0148,Scale,annual,37080.00,active_paid
2025-06,CUS-0149,Scale,monthly,3330.00,active_paid
2025-06,CUS-0150,Starter,monthly,320.00,active_paid
2025-06,CUS-0151,Starter,annual,4260.00,active_paid
2025-06,CUS-0152,Starter,quarterly,1170.00,active_paid
2025-06,CUS-0153,Starter,annual,5100.00,active_paid
2025-06,CUS-0154,Starter,monthly,460.00,active_paid
2025-06,CUS-0155,Growth,monthly,1455.00,active_paid
2025-06,CUS-0156,Growth,annual,11760.00,active_paid
2025-06,CUS-0157,Growth,quarterly,3225.00,active_paid
2025-06,CUS-0160,Starter,monthly,320.00,active_paid
2025-06,CUS-0161,Starter,annual,4260.00,active_paid
2025-06,CUS-0162,Starter,quarterly,1170.00,active_paid
2025-06,CUS-0163,Starter,annual,5100.00,active_paid
2025-06,CUS-0164,Starter,monthly,460.00,active_paid
2025-06,CUS-0165,Growth,monthly,1265.00,active_paid
2025-06,CUS-0166,Growth,annual,16320.00,active_paid
2025-06,CUS-0167,Growth,quarterly,4365.00,active_paid
2025-06,CUS-0168,Scale,annual,34200.00,active_paid
2025-06,CUS-0169,Scale,monthly,3090.00,active_paid
2025-06,CUS-0170,Starter,monthly,320.00,active_paid
2025-06,CUS-0171,Starter,annual,4260.00,active_paid
2025-06,CUS-0172,Starter,quarterly,1170.00,active_paid
2025-06,CUS-0173,Starter,annual,5100.00,active_paid
2025-06,CUS-0174,Starter,monthly,552.00,active_paid
2025-06,CUS-0175,Growth,monthly,1075.00,active_paid
2025-06,CUS-0176,Growth,annual,14040.00,active_paid
2025-06,CUS-0177,Growth,quarterly,3795.00,active_paid
2025-06,CUS-0180,Starter,monthly,320.00,active_paid
2025-06,CUS-0181,Starter,annual,4260.00,active_paid
2025-06,CUS-0182,Starter,quarterly,1170.00,active_paid
2025-06,CUS-0183,Starter,annual,5100.00,active_paid
2025-06,CUS-0184,Starter,monthly,460.00,active_paid
2025-06,CUS-0185,Growth,monthly,1455.00,active_paid
2025-06,CUS-0186,Growth,annual,11760.00,active_paid
2025-06,CUS-0187,Growth,quarterly,3225.00,active_paid
2025-06,CUS-0189,Scale,monthly,2850.00,active_paid
2025-06,CUS-0190,Starter,monthly,320.00,active_paid
2025-06,CUS-0191,Starter,annual,4260.00,active_paid
2025-06,CUS-0192,Starter,quarterly,1170.00,active_paid
2025-06,CUS-0193,Starter,annual,5100.00,active_paid
2025-06,CUS-0194,Starter,monthly,460.00,active_paid
2025-06,CUS-0195,Growth,monthly,1265.00,active_paid
2025-06,CUS-0196,Growth,annual,16320.00,active_paid
2025-06,CUS-0197,Growth,quarterly,4365.00,active_paid
2025-06,CUS-0198,Scale,annual,39960.00,active_paid
2025-06,CUS-0200,Starter,monthly,320.00,active_paid
2025-06,CUS-0201,Starter,annual,4260.00,active_paid
2025-06,CUS-0202,Starter,quarterly,1170.00,active_paid
2025-06,CUS-0203,Starter,annual,6120.00,active_paid
2025-06,CUS-0204,Starter,monthly,460.00,active_paid
2025-06,CUS-0205,Growth,monthly,1075.00,active_paid
2025-06,CUS-0206,Growth,annual,14040.00,active_paid
2025-06,CUS-0207,Growth,quarterly,3795.00,active_paid
2025-06,CUS-0210,Starter,monthly,320.00,active_paid
2025-06,CUS-0211,Starter,annual,4260.00,active_paid
2025-06,CUS-0212,Starter,quarterly,1170.00,active_paid
2025-06,CUS-0213,Starter,annual,5100.00,active_paid
2025-06,CUS-0214,Starter,monthly,460.00,active_paid
2025-06,CUS-0215,Growth,monthly,1455.00,active_paid
2025-06,CUS-0216,Growth,annual,11760.00,active_paid
2025-06,CUS-0217,Growth,quarterly,3225.00,active_paid
2025-06,CUS-0218,Scale,annual,37080.00,active_paid
2025-06,CUS-0219,Scale,monthly,3330.00,active_paid
2025-06,CUS-0220,Starter,monthly,320.00,active_paid
2025-06,CUS-0221,Starter,annual,4260.00,active_paid
2025-06,CUS-0222,Starter,quarterly,1170.00,active_paid
2025-06,CUS-0223,Starter,annual,5100.00,active_paid
2025-06,CUS-0224,Starter,monthly,460.00,active_paid
2025-06,CUS-0225,Growth,monthly,1265.00,active_paid
2025-06,CUS-0226,Growth,annual,16320.00,active_paid
2025-06,CUS-0227,Growth,quarterly,4365.00,active_paid
2025-06,CUS-0228,Scale,annual,45720.00,active_paid
2025-06,CUS-0229,Scale,monthly,4050.00,active_paid
2025-06,CUS-0230,Starter,monthly,320.00,active_paid
2025-06,CUS-0231,Starter,annual,4260.00,active_paid
2025-06,CUS-0232,Starter,quarterly,1404.00,active_paid
2025-06,CUS-0233,Starter,annual,5100.00,active_paid
2025-06,CUS-0234,Starter,monthly,460.00,active_paid
2025-06,CUS-0235,Growth,monthly,1075.00,active_paid
2025-06,CUS-0236,Growth,annual,14040.00,active_paid
2025-06,CUS-0237,Growth,quarterly,3795.00,active_paid
2025-06,CUS-0238,Scale,annual,34200.00,active_paid
2025-06,CUS-0239,Scale,monthly,3090.00,active_paid
2025-06,CUS-0240,Starter,monthly,320.00,active_paid
2025-06,CUS-0241,Starter,annual,4260.00,active_paid
2025-06,CUS-0242,Starter,quarterly,1170.00,active_paid
2025-06,CUS-0243,Starter,annual,5100.00,active_paid
2025-06,CUS-0244,Starter,monthly,460.00,active_paid
2025-06,CUS-0245,Growth,monthly,1455.00,active_paid
2025-06,CUS-0246,Growth,annual,11760.00,active_paid
2025-06,CUS-0247,Growth,quarterly,3225.00,active_paid
2025-06,CUS-0248,Scale,annual,42840.00,active_paid
2025-06,CUS-0249,Scale,monthly,3810.00,active_paid
2025-06,CUS-0250,Starter,monthly,320.00,active_paid
2025-06,CUS-0251,Starter,annual,4260.00,active_paid
2025-06,CUS-0252,Starter,quarterly,1170.00,active_paid
2025-06,CUS-0253,Starter,annual,5100.00,active_paid
2025-06,CUS-0254,Starter,monthly,460.00,active_paid
2025-06,CUS-0255,Growth,monthly,1265.00,active_paid
2025-06,CUS-0256,Growth,annual,16320.00,active_paid
2025-06,CUS-0257,Growth,quarterly,4365.00,active_paid
2025-06,CUS-0258,Scale,annual,51480.00,active_paid
2025-06,CUS-0259,Scale,monthly,2850.00,active_paid
2025-06,CUS-0260,Starter,monthly,320.00,active_paid
2025-06,CUS-0261,Starter,annual,5112.00,active_paid
2025-06,CUS-0262,Starter,quarterly,1170.00,active_paid
2025-06,CUS-0263,Starter,annual,5100.00,active_paid
2025-06,CUS-0264,Starter,monthly,460.00,active_paid
2025-07,CUS-0001,Starter,annual,4260.00,active_paid
2025-07,CUS-0002,Starter,quarterly,1170.00,active_paid
2025-07,CUS-0003,Starter,annual,5100.00,active_paid
2025-07,CUS-0004,Starter,monthly,460.00,active_paid
2025-07,CUS-0005,Growth,monthly,1455.00,active_paid
2025-07,CUS-0006,Growth,annual,11760.00,active_paid
2025-07,CUS-0007,Growth,quarterly,3225.00,active_paid
2025-07,CUS-0008,Scale,annual,37080.00,active_paid
2025-07,CUS-0010,Starter,monthly,320.00,active_paid
2025-07,CUS-0011,Starter,annual,4260.00,active_paid
2025-07,CUS-0012,Starter,quarterly,1170.00,active_paid
2025-07,CUS-0013,Starter,annual,5100.00,active_paid
2025-07,CUS-0014,Starter,monthly,460.00,active_paid
2025-07,CUS-0015,Growth,monthly,1265.00,active_paid
2025-07,CUS-0016,Growth,annual,16320.00,active_paid
2025-07,CUS-0017,Growth,quarterly,4365.00,active_paid
2025-07,CUS-0020,Starter,monthly,320.00,active_paid
2025-07,CUS-0021,Starter,annual,4260.00,active_paid
2025-07,CUS-0022,Starter,quarterly,1170.00,active_paid
2025-07,CUS-0023,Starter,annual,5100.00,active_paid
2025-07,CUS-0024,Starter,monthly,460.00,active_paid
2025-07,CUS-0025,Growth,monthly,1075.00,active_paid
2025-07,CUS-0026,Growth,annual,14040.00,active_paid
2025-07,CUS-0027,Growth,quarterly,3795.00,active_paid
2025-07,CUS-0028,Scale,annual,34200.00,active_paid
2025-07,CUS-0030,Starter,monthly,320.00,active_paid
2025-07,CUS-0031,Starter,annual,4260.00,active_paid
2025-07,CUS-0032,Starter,quarterly,1170.00,active_paid
2025-07,CUS-0033,Starter,annual,5100.00,active_paid
2025-07,CUS-0034,Starter,monthly,460.00,active_paid
2025-07,CUS-0035,Growth,monthly,1455.00,active_paid
2025-07,CUS-0036,Growth,annual,11760.00,active_paid
2025-07,CUS-0037,Growth,quarterly,3225.00,active_paid
2025-07,CUS-0040,Starter,monthly,320.00,active_paid
2025-07,CUS-0041,Starter,annual,5325.00,active_paid
2025-07,CUS-0042,Starter,quarterly,1170.00,active_paid
2025-07,CUS-0043,Starter,annual,5100.00,active_paid
2025-07,CUS-0044,Starter,monthly,460.00,active_paid
2025-07,CUS-0045,Growth,monthly,1265.00,active_paid
2025-07,CUS-0046,Growth,annual,16320.00,active_paid
2025-07,CUS-0047,Growth,quarterly,4365.00,active_paid
2025-07,CUS-0049,Scale,monthly,2850.00,active_paid
2025-07,CUS-0050,Starter,monthly,320.00,active_paid
2025-07,CUS-0051,Starter,annual,4260.00,active_paid
2025-07,CUS-0052,Starter,quarterly,1170.00,active_paid
2025-07,CUS-0053,Starter,annual,5100.00,active_paid
2025-07,CUS-0054,Starter,monthly,460.00,active_paid
2025-07,CUS-0055,Growth,monthly,1075.00,active_paid
2025-07,CUS-0056,Growth,annual,14040.00,active_paid
2025-07,CUS-0057,Growth,quarterly,3795.00,active_paid
2025-07,CUS-0060,Starter,monthly,320.00,active_paid
2025-07,CUS-0061,Starter,annual,4260.00,active_paid
2025-07,CUS-0062,Starter,quarterly,1170.00,active_paid
2025-07,CUS-0063,Starter,annual,5100.00,active_paid
2025-07,CUS-0064,Starter,monthly,460.00,active_paid
2025-07,CUS-0065,Growth,monthly,1455.00,active_paid
2025-07,CUS-0066,Growth,annual,11760.00,active_paid
2025-07,CUS-0067,Growth,quarterly,3225.00,active_paid
2025-07,CUS-0070,Starter,monthly,320.00,active_paid
2025-07,CUS-0071,Starter,annual,4260.00,active_paid
2025-07,CUS-0072,Starter,quarterly,1170.00,active_paid
2025-07,CUS-0073,Starter,annual,5100.00,active_paid
2025-07,CUS-0074,Starter,monthly,460.00,active_paid
2025-07,CUS-0075,Growth,monthly,1265.00,active_paid
2025-07,CUS-0076,Growth,annual,16320.00,active_paid
2025-07,CUS-0077,Growth,quarterly,4365.00,active_paid
2025-07,CUS-0078,Scale,annual,37080.00,active_paid
2025-07,CUS-0079,Scale,monthly,3330.00,active_paid
2025-07,CUS-0080,Starter,monthly,320.00,active_paid
2025-07,CUS-0081,Starter,annual,4260.00,active_paid
2025-07,CUS-0082,Starter,quarterly,1462.50,active_paid
2025-07,CUS-0083,Starter,annual,5100.00,active_paid
2025-07,CUS-0084,Starter,monthly,460.00,active_paid
2025-07,CUS-0085,Growth,monthly,1075.00,active_paid
2025-07,CUS-0086,Growth,annual,14040.00,active_paid
2025-07,CUS-0087,Growth,quarterly,4554.00,active_paid
2025-07,CUS-0090,Starter,monthly,320.00,active_paid
2025-07,CUS-0091,Starter,annual,4260.00,active_paid
2025-07,CUS-0092,Starter,quarterly,1170.00,active_paid
2025-07,CUS-0093,Starter,annual,5100.00,active_paid
2025-07,CUS-0094,Starter,monthly,460.00,active_paid
2025-07,CUS-0095,Growth,monthly,1455.00,active_paid
2025-07,CUS-0096,Growth,annual,11760.00,active_paid
2025-07,CUS-0097,Growth,quarterly,3225.00,active_paid
2025-07,CUS-0098,Scale,annual,34200.00,active_paid
2025-07,CUS-0099,Scale,monthly,3090.00,active_paid
2025-07,CUS-0100,Starter,monthly,320.00,active_paid
2025-07,CUS-0101,Starter,annual,4260.00,active_paid
2025-07,CUS-0102,Starter,quarterly,1170.00,active_paid
2025-07,CUS-0103,Starter,annual,5100.00,active_paid
2025-07,CUS-0104,Starter,monthly,460.00,active_paid
2025-07,CUS-0105,Growth,monthly,1265.00,active_paid
2025-07,CUS-0106,Growth,annual,16320.00,active_paid
2025-07,CUS-0107,Growth,quarterly,4365.00,active_paid
2025-07,CUS-0110,Starter,monthly,320.00,active_paid
2025-07,CUS-0111,Starter,annual,4260.00,active_paid
2025-07,CUS-0112,Starter,quarterly,1170.00,active_paid
2025-07,CUS-0113,Starter,annual,5100.00,active_paid
2025-07,CUS-0114,Starter,monthly,460.00,active_paid
2025-07,CUS-0115,Growth,monthly,1075.00,active_paid
2025-07,CUS-0116,Growth,annual,16848.00,active_paid
2025-07,CUS-0117,Growth,quarterly,3795.00,active_paid
2025-07,CUS-0119,Scale,monthly,2850.00,active_paid
2025-07,CUS-0120,Starter,monthly,320.00,active_paid
2025-07,CUS-0121,Starter,annual,4260.00,active_paid
2025-07,CUS-0122,Starter,quarterly,1170.00,active_paid
2025-07,CUS-0123,Starter,annual,6375.00,active_paid
2025-07,CUS-0124,Starter,monthly,460.00,active_paid
2025-07,CUS-0125,Growth,monthly,1455.00,active_paid
2025-07,CUS-0126,Growth,annual,11760.00,active_paid
2025-07,CUS-0127,Growth,quarterly,3225.00,active_paid
2025-07,CUS-0130,Starter,monthly,320.00,active_paid
2025-07,CUS-0131,Starter,annual,4260.00,active_paid
2025-07,CUS-0132,Starter,quarterly,1170.00,active_paid
2025-07,CUS-0133,Starter,annual,5100.00,active_paid
2025-07,CUS-0134,Starter,monthly,460.00,active_paid
2025-07,CUS-0135,Growth,monthly,1265.00,active_paid
2025-07,CUS-0136,Growth,annual,16320.00,active_paid
2025-07,CUS-0137,Growth,quarterly,4365.00,active_paid
2025-07,CUS-0140,Starter,monthly,320.00,active_paid
2025-07,CUS-0141,Starter,annual,4260.00,active_paid
2025-07,CUS-0142,Starter,quarterly,1170.00,active_paid
2025-07,CUS-0143,Starter,annual,5100.00,active_paid
2025-07,CUS-0144,Starter,monthly,460.00,active_paid
2025-07,CUS-0145,Growth,monthly,1290.00,active_paid
2025-07,CUS-0146,Growth,annual,14040.00,active_paid
2025-07,CUS-0147,Growth,quarterly,3795.00,active_paid
2025-07,CUS-0148,Scale,annual,37080.00,active_paid
2025-07,CUS-0149,Scale,monthly,3330.00,active_paid
2025-07,CUS-0150,Starter,monthly,320.00,active_paid
2025-07,CUS-0151,Starter,annual,4260.00,active_paid
2025-07,CUS-0152,Starter,quarterly,1170.00,active_paid
2025-07,CUS-0153,Starter,annual,5100.00,active_paid
2025-07,CUS-0154,Starter,monthly,460.00,active_paid
2025-07,CUS-0155,Growth,monthly,1455.00,active_paid
2025-07,CUS-0156,Growth,annual,11760.00,active_paid
2025-07,CUS-0157,Growth,quarterly,3225.00,active_paid
2025-07,CUS-0160,Starter,monthly,320.00,active_paid
2025-07,CUS-0161,Starter,annual,4260.00,active_paid
2025-07,CUS-0162,Starter,quarterly,1170.00,active_paid
2025-07,CUS-0163,Starter,annual,5100.00,active_paid
2025-07,CUS-0164,Starter,monthly,575.00,active_paid
2025-07,CUS-0165,Growth,monthly,1265.00,active_paid
2025-07,CUS-0166,Growth,annual,16320.00,active_paid
2025-07,CUS-0167,Growth,quarterly,4365.00,active_paid
2025-07,CUS-0168,Scale,annual,34200.00,active_paid
2025-07,CUS-0169,Scale,monthly,3090.00,active_paid
2025-07,CUS-0170,Starter,monthly,320.00,active_paid
2025-07,CUS-0171,Starter,annual,4260.00,active_paid
2025-07,CUS-0172,Starter,quarterly,1170.00,active_paid
2025-07,CUS-0173,Starter,annual,5100.00,active_paid
2025-07,CUS-0174,Starter,monthly,552.00,active_paid
2025-07,CUS-0175,Growth,monthly,1075.00,active_paid
2025-07,CUS-0176,Growth,annual,14040.00,active_paid
2025-07,CUS-0177,Growth,quarterly,3795.00,active_paid
2025-07,CUS-0180,Starter,monthly,320.00,active_paid
2025-07,CUS-0181,Starter,annual,4260.00,active_paid
2025-07,CUS-0182,Starter,quarterly,1170.00,active_paid
2025-07,CUS-0183,Starter,annual,5100.00,active_paid
2025-07,CUS-0184,Starter,monthly,460.00,active_paid
2025-07,CUS-0185,Growth,monthly,1455.00,active_paid
2025-07,CUS-0186,Growth,annual,11760.00,active_paid
2025-07,CUS-0187,Growth,quarterly,3225.00,active_paid
2025-07,CUS-0189,Scale,monthly,2850.00,active_paid
2025-07,CUS-0190,Starter,monthly,320.00,active_paid
2025-07,CUS-0191,Starter,annual,4260.00,active_paid
2025-07,CUS-0192,Starter,quarterly,1170.00,active_paid
2025-07,CUS-0193,Starter,annual,5100.00,active_paid
2025-07,CUS-0194,Starter,monthly,460.00,active_paid
2025-07,CUS-0195,Growth,monthly,1265.00,active_paid
2025-07,CUS-0196,Growth,annual,16320.00,active_paid
2025-07,CUS-0197,Growth,quarterly,4365.00,active_paid
2025-07,CUS-0200,Starter,monthly,320.00,active_paid
2025-07,CUS-0201,Starter,annual,4260.00,active_paid
2025-07,CUS-0202,Starter,quarterly,1170.00,active_paid
2025-07,CUS-0203,Starter,annual,6120.00,active_paid
2025-07,CUS-0204,Starter,monthly,460.00,active_paid
2025-07,CUS-0205,Growth,monthly,1343.75,active_paid
2025-07,CUS-0206,Growth,annual,14040.00,active_paid
2025-07,CUS-0207,Growth,quarterly,3795.00,active_paid
2025-07,CUS-0210,Starter,monthly,320.00,active_paid
2025-07,CUS-0211,Starter,annual,4260.00,active_paid
2025-07,CUS-0212,Starter,quarterly,1170.00,active_paid
2025-07,CUS-0213,Starter,annual,5100.00,active_paid
2025-07,CUS-0214,Starter,monthly,460.00,active_paid
2025-07,CUS-0215,Growth,monthly,1455.00,active_paid
2025-07,CUS-0216,Growth,annual,11760.00,active_paid
2025-07,CUS-0217,Growth,quarterly,3225.00,active_paid
2025-07,CUS-0218,Scale,annual,37080.00,active_paid
2025-07,CUS-0220,Starter,monthly,320.00,active_paid
2025-07,CUS-0221,Starter,annual,4260.00,active_paid
2025-07,CUS-0222,Starter,quarterly,1170.00,active_paid
2025-07,CUS-0223,Starter,annual,5100.00,active_paid
2025-07,CUS-0224,Starter,monthly,460.00,active_paid
2025-07,CUS-0225,Growth,monthly,1265.00,active_paid
2025-07,CUS-0226,Growth,annual,16320.00,active_paid
2025-07,CUS-0227,Growth,quarterly,4365.00,active_paid
2025-07,CUS-0230,Starter,monthly,320.00,active_paid
2025-07,CUS-0231,Starter,annual,4260.00,active_paid
2025-07,CUS-0232,Starter,quarterly,1404.00,active_paid
2025-07,CUS-0233,Starter,annual,5100.00,active_paid
2025-07,CUS-0234,Starter,monthly,460.00,active_paid
2025-07,CUS-0235,Growth,monthly,1075.00,active_paid
2025-07,CUS-0236,Growth,annual,14040.00,active_paid
2025-07,CUS-0237,Growth,quarterly,3795.00,active_paid
2025-07,CUS-0238,Scale,annual,34200.00,active_paid
2025-07,CUS-0239,Scale,monthly,3090.00,active_paid
2025-07,CUS-0240,Starter,monthly,320.00,active_paid
2025-07,CUS-0241,Starter,annual,4260.00,active_paid
2025-07,CUS-0242,Starter,quarterly,1170.00,active_paid
2025-07,CUS-0243,Starter,annual,5100.00,active_paid
2025-07,CUS-0244,Starter,monthly,460.00,active_paid
2025-07,CUS-0245,Growth,monthly,1455.00,active_paid
2025-07,CUS-0246,Growth,annual,14700.00,active_paid
2025-07,CUS-0247,Growth,quarterly,3225.00,active_paid
2025-07,CUS-0248,Scale,annual,42840.00,active_paid
2025-07,CUS-0249,Scale,monthly,3810.00,active_paid
2025-07,CUS-0250,Starter,monthly,320.00,active_paid
2025-07,CUS-0251,Starter,annual,4260.00,active_paid
2025-07,CUS-0252,Starter,quarterly,1170.00,active_paid
2025-07,CUS-0253,Starter,annual,5100.00,active_paid
2025-07,CUS-0254,Starter,monthly,460.00,active_paid
2025-07,CUS-0255,Growth,monthly,1265.00,active_paid
2025-07,CUS-0256,Growth,annual,16320.00,active_paid
2025-07,CUS-0257,Growth,quarterly,4365.00,active_paid
2025-07,CUS-0258,Scale,annual,51480.00,active_paid
2025-07,CUS-0259,Scale,monthly,2850.00,active_paid
2025-07,CUS-0260,Starter,monthly,320.00,active_paid
2025-07,CUS-0261,Starter,annual,5112.00,active_paid
2025-07,CUS-0262,Starter,quarterly,1170.00,active_paid
2025-07,CUS-0263,Starter,annual,5100.00,active_paid
2025-07,CUS-0264,Starter,monthly,460.00,active_paid
2025-07,CUS-0265,Growth,monthly,1075.00,active_paid
2025-07,CUS-0266,Growth,annual,14040.00,active_paid
2025-07,CUS-0267,Growth,quarterly,3795.00,active_paid
2025-07,CUS-0268,Scale,annual,39960.00,active_paid
2025-07,CUS-0269,Scale,monthly,3570.00,active_paid
2025-07,CUS-0270,Starter,monthly,320.00,active_paid
2025-07,CUS-0271,Starter,annual,4260.00,active_paid
2025-07,CUS-0272,Starter,quarterly,1170.00,active_paid
2025-07,CUS-0273,Starter,annual,5100.00,active_paid
2025-07,CUS-0274,Starter,monthly,460.00,active_paid
2025-07,CUS-0275,Growth,monthly,1455.00,active_paid
2025-07,CUS-0276,Growth,annual,11760.00,active_paid
2025-07,CUS-0277,Growth,quarterly,3225.00,active_paid
2025-07,CUS-0278,Scale,annual,48600.00,active_paid
2025-07,CUS-0279,Scale,monthly,4290.00,active_paid
2025-08,CUS-0001,Starter,annual,4260.00,active_paid
2025-08,CUS-0002,Starter,quarterly,1170.00,active_paid
2025-08,CUS-0003,Starter,annual,5100.00,active_paid
2025-08,CUS-0004,Starter,monthly,460.00,active_paid
2025-08,CUS-0005,Growth,monthly,1455.00,active_paid
2025-08,CUS-0006,Growth,annual,11760.00,active_paid
2025-08,CUS-0007,Growth,quarterly,3225.00,active_paid
2025-08,CUS-0010,Starter,monthly,320.00,active_paid
2025-08,CUS-0011,Starter,annual,4260.00,active_paid
2025-08,CUS-0012,Starter,quarterly,1170.00,active_paid
2025-08,CUS-0013,Starter,annual,5100.00,active_paid
2025-08,CUS-0014,Starter,monthly,460.00,active_paid
2025-08,CUS-0015,Growth,monthly,1265.00,active_paid
2025-08,CUS-0016,Growth,annual,16320.00,active_paid
2025-08,CUS-0017,Growth,quarterly,4365.00,active_paid
2025-08,CUS-0020,Starter,monthly,320.00,active_paid
2025-08,CUS-0021,Starter,annual,4260.00,active_paid
2025-08,CUS-0022,Starter,quarterly,1170.00,active_paid
2025-08,CUS-0023,Starter,annual,5100.00,active_paid
2025-08,CUS-0024,Starter,monthly,460.00,active_paid
2025-08,CUS-0025,Growth,monthly,1075.00,active_paid
2025-08,CUS-0026,Growth,annual,14040.00,active_paid
2025-08,CUS-0027,Growth,quarterly,3795.00,active_paid
2025-08,CUS-0028,Scale,annual,34200.00,active_paid
2025-08,CUS-0030,Starter,monthly,320.00,active_paid
2025-08,CUS-0031,Starter,annual,4260.00,active_paid
2025-08,CUS-0032,Starter,quarterly,1170.00,active_paid
2025-08,CUS-0033,Starter,annual,5100.00,active_paid
2025-08,CUS-0034,Starter,monthly,460.00,active_paid
2025-08,CUS-0035,Growth,monthly,1455.00,active_paid
2025-08,CUS-0036,Growth,annual,11760.00,active_paid
2025-08,CUS-0037,Growth,quarterly,4192.50,active_paid
2025-08,CUS-0040,Starter,monthly,320.00,active_paid
2025-08,CUS-0041,Starter,annual,5325.00,active_paid
2025-08,CUS-0042,Starter,quarterly,1170.00,active_paid
2025-08,CUS-0043,Starter,annual,4080.00,active_paid
2025-08,CUS-0044,Starter,monthly,460.00,active_paid
2025-08,CUS-0045,Growth,monthly,1265.00,active_paid
2025-08,CUS-0046,Growth,annual,16320.00,active_paid
2025-08,CUS-0047,Growth,quarterly,4365.00,active_paid
2025-08,CUS-0049,Scale,monthly,2850.00,active_paid
2025-08,CUS-0050,Starter,monthly,320.00,active_paid
2025-08,CUS-0051,Starter,annual,4260.00,active_paid
2025-08,CUS-0052,Starter,quarterly,1170.00,active_paid
2025-08,CUS-0053,Starter,annual,5100.00,active_paid
2025-08,CUS-0054,Starter,monthly,460.00,active_paid
2025-08,CUS-0055,Growth,monthly,1075.00,active_paid
2025-08,CUS-0056,Growth,annual,14040.00,active_paid
2025-08,CUS-0057,Growth,quarterly,3795.00,active_paid
2025-08,CUS-0060,Starter,monthly,320.00,active_paid
2025-08,CUS-0061,Starter,annual,4260.00,active_paid
2025-08,CUS-0062,Starter,quarterly,1170.00,active_paid
2025-08,CUS-0063,Starter,annual,5100.00,active_paid
2025-08,CUS-0064,Starter,monthly,460.00,active_paid
2025-08,CUS-0065,Growth,monthly,1455.00,active_paid
2025-08,CUS-0066,Growth,annual,11760.00,active_paid
2025-08,CUS-0067,Growth,quarterly,3225.00,active_paid
2025-08,CUS-0070,Starter,monthly,320.00,active_paid
2025-08,CUS-0071,Starter,annual,4260.00,active_paid
2025-08,CUS-0072,Starter,quarterly,1170.00,active_paid
2025-08,CUS-0073,Starter,annual,5100.00,active_paid
2025-08,CUS-0074,Starter,monthly,598.00,active_paid
2025-08,CUS-0075,Growth,monthly,1265.00,active_paid
2025-08,CUS-0076,Growth,annual,16320.00,active_paid
2025-08,CUS-0077,Growth,quarterly,4365.00,active_paid
2025-08,CUS-0078,Scale,annual,37080.00,active_paid
2025-08,CUS-0080,Starter,monthly,320.00,active_paid
2025-08,CUS-0081,Starter,annual,4260.00,active_paid
2025-08,CUS-0082,Starter,quarterly,1462.50,active_paid
2025-08,CUS-0083,Starter,annual,5100.00,active_paid
2025-08,CUS-0084,Starter,monthly,460.00,active_paid
2025-08,CUS-0085,Growth,monthly,1075.00,active_paid
2025-08,CUS-0086,Growth,annual,11232.00,active_paid
2025-08,CUS-0087,Growth,quarterly,4554.00,active_paid
2025-08,CUS-0090,Starter,monthly,320.00,active_paid
2025-08,CUS-0091,Starter,annual,4260.00,active_paid
2025-08,CUS-0092,Starter,quarterly,1170.00,active_paid
2025-08,CUS-0093,Starter,annual,5100.00,active_paid
2025-08,CUS-0094,Starter,monthly,460.00,active_paid
2025-08,CUS-0095,Growth,monthly,1455.00,active_paid
2025-08,CUS-0096,Growth,annual,11760.00,active_paid
2025-08,CUS-0097,Growth,quarterly,3225.00,active_paid
2025-08,CUS-0098,Scale,annual,34200.00,active_paid
2025-08,CUS-0100,Starter,monthly,320.00,active_paid
2025-08,CUS-0101,Starter,annual,4260.00,active_paid
2025-08,CUS-0102,Starter,quarterly,1170.00,active_paid
2025-08,CUS-0103,Starter,annual,5100.00,active_paid
2025-08,CUS-0104,Starter,monthly,460.00,active_paid
2025-08,CUS-0105,Growth,monthly,1265.00,active_paid
2025-08,CUS-0106,Growth,annual,16320.00,active_paid
2025-08,CUS-0107,Growth,quarterly,4365.00,active_paid
2025-08,CUS-0110,Starter,monthly,320.00,active_paid
2025-08,CUS-0111,Starter,annual,5538.00,active_paid
2025-08,CUS-0112,Starter,quarterly,1170.00,active_paid
2025-08,CUS-0113,Starter,annual,5100.00,active_paid
2025-08,CUS-0114,Starter,monthly,460.00,active_paid
2025-08,CUS-0115,Growth,monthly,1075.00,active_paid
2025-08,CUS-0116,Growth,annual,16848.00,active_paid
2025-08,CUS-0117,Growth,quarterly,3795.00,active_paid
2025-08,CUS-0119,Scale,monthly,2850.00,active_paid
2025-08,CUS-0120,Starter,monthly,320.00,active_paid
2025-08,CUS-0121,Starter,annual,4260.00,active_paid
2025-08,CUS-0122,Starter,quarterly,1170.00,active_paid
2025-08,CUS-0123,Starter,annual,6375.00,active_paid
2025-08,CUS-0124,Starter,monthly,460.00,active_paid
2025-08,CUS-0125,Growth,monthly,1455.00,active_paid
2025-08,CUS-0126,Growth,annual,11760.00,active_paid
2025-08,CUS-0127,Growth,quarterly,3225.00,active_paid
2025-08,CUS-0130,Starter,monthly,320.00,active_paid
2025-08,CUS-0131,Starter,annual,4260.00,active_paid
2025-08,CUS-0132,Starter,quarterly,1170.00,active_paid
2025-08,CUS-0133,Starter,annual,5100.00,active_paid
2025-08,CUS-0134,Starter,monthly,460.00,active_paid
2025-08,CUS-0135,Growth,monthly,1265.00,active_paid
2025-08,CUS-0136,Growth,annual,16320.00,active_paid
2025-08,CUS-0137,Growth,quarterly,4365.00,active_paid
2025-08,CUS-0140,Starter,monthly,320.00,active_paid
2025-08,CUS-0141,Starter,annual,4260.00,active_paid
2025-08,CUS-0142,Starter,quarterly,1170.00,active_paid
2025-08,CUS-0143,Starter,annual,5100.00,active_paid
2025-08,CUS-0144,Starter,monthly,460.00,active_paid
2025-08,CUS-0145,Growth,monthly,1290.00,active_paid
2025-08,CUS-0146,Growth,annual,14040.00,active_paid
2025-08,CUS-0147,Growth,quarterly,3795.00,active_paid
2025-08,CUS-0150,Starter,monthly,320.00,active_paid
2025-08,CUS-0151,Starter,annual,4260.00,active_paid
2025-08,CUS-0152,Starter,quarterly,1170.00,active_paid
2025-08,CUS-0153,Starter,annual,5100.00,active_paid
2025-08,CUS-0154,Starter,monthly,460.00,active_paid
2025-08,CUS-0155,Growth,monthly,1455.00,active_paid
2025-08,CUS-0156,Growth,annual,11760.00,active_paid
2025-08,CUS-0157,Growth,quarterly,3225.00,active_paid
2025-08,CUS-0160,Starter,monthly,320.00,active_paid
2025-08,CUS-0161,Starter,annual,4260.00,active_paid
2025-08,CUS-0162,Starter,quarterly,1170.00,active_paid
2025-08,CUS-0163,Starter,annual,5100.00,active_paid
2025-08,CUS-0164,Starter,monthly,575.00,active_paid
2025-08,CUS-0165,Growth,monthly,1265.00,active_paid
2025-08,CUS-0166,Growth,annual,16320.00,active_paid
2025-08,CUS-0167,Growth,quarterly,4365.00,active_paid
2025-08,CUS-0168,Scale,annual,34200.00,active_paid
2025-08,CUS-0170,Starter,monthly,320.00,active_paid
2025-08,CUS-0171,Starter,annual,4260.00,active_paid
2025-08,CUS-0172,Starter,quarterly,936.00,active_paid
2025-08,CUS-0173,Starter,annual,5100.00,active_paid
2025-08,CUS-0174,Starter,monthly,552.00,active_paid
2025-08,CUS-0175,Growth,monthly,1075.00,active_paid
2025-08,CUS-0176,Growth,annual,14040.00,active_paid
2025-08,CUS-0177,Growth,quarterly,3795.00,active_paid
2025-08,CUS-0180,Starter,monthly,320.00,active_paid
2025-08,CUS-0181,Starter,annual,4260.00,active_paid
2025-08,CUS-0182,Starter,quarterly,1170.00,active_paid
2025-08,CUS-0183,Starter,annual,5100.00,active_paid
2025-08,CUS-0184,Starter,monthly,460.00,active_paid
2025-08,CUS-0185,Growth,monthly,1891.50,active_paid
2025-08,CUS-0186,Growth,annual,11760.00,active_paid
2025-08,CUS-0187,Growth,quarterly,3225.00,active_paid
2025-08,CUS-0189,Scale,monthly,2850.00,active_paid
2025-08,CUS-0190,Starter,monthly,320.00,active_paid
2025-08,CUS-0191,Starter,annual,4260.00,active_paid
2025-08,CUS-0192,Starter,quarterly,1170.00,active_paid
2025-08,CUS-0193,Starter,annual,5100.00,active_paid
2025-08,CUS-0194,Starter,monthly,460.00,active_paid
2025-08,CUS-0195,Growth,monthly,1265.00,active_paid
2025-08,CUS-0196,Growth,annual,16320.00,active_paid
2025-08,CUS-0197,Growth,quarterly,4365.00,active_paid
2025-08,CUS-0200,Starter,monthly,320.00,active_paid
2025-08,CUS-0201,Starter,annual,4260.00,active_paid
2025-08,CUS-0202,Starter,quarterly,1170.00,active_paid
2025-08,CUS-0203,Starter,annual,6120.00,active_paid
2025-08,CUS-0204,Starter,monthly,460.00,active_paid
2025-08,CUS-0205,Growth,monthly,1343.75,active_paid
2025-08,CUS-0206,Growth,annual,14040.00,active_paid
2025-08,CUS-0207,Growth,quarterly,3795.00,active_paid
2025-08,CUS-0210,Starter,monthly,320.00,active_paid
2025-08,CUS-0211,Starter,annual,4260.00,active_paid
2025-08,CUS-0212,Starter,quarterly,1170.00,active_paid
2025-08,CUS-0213,Starter,annual,5100.00,active_paid
2025-08,CUS-0214,Starter,monthly,460.00,active_paid
2025-08,CUS-0215,Growth,monthly,1164.00,active_paid
2025-08,CUS-0216,Growth,annual,11760.00,active_paid
2025-08,CUS-0217,Growth,quarterly,3225.00,active_paid
2025-08,CUS-0220,Starter,monthly,320.00,active_paid
2025-08,CUS-0221,Starter,annual,4260.00,active_paid
2025-08,CUS-0222,Starter,quarterly,1521.00,active_paid
2025-08,CUS-0223,Starter,annual,5100.00,active_paid
2025-08,CUS-0224,Starter,monthly,460.00,active_paid
2025-08,CUS-0225,Growth,monthly,1265.00,active_paid
2025-08,CUS-0226,Growth,annual,16320.00,active_paid
2025-08,CUS-0227,Growth,quarterly,4365.00,active_paid
2025-08,CUS-0230,Starter,monthly,320.00,active_paid
2025-08,CUS-0231,Starter,annual,4260.00,active_paid
2025-08,CUS-0232,Starter,quarterly,1404.00,active_paid
2025-08,CUS-0233,Starter,annual,5100.00,active_paid
2025-08,CUS-0234,Starter,monthly,460.00,active_paid
2025-08,CUS-0235,Growth,monthly,1075.00,active_paid
2025-08,CUS-0236,Growth,annual,14040.00,active_paid
2025-08,CUS-0237,Growth,quarterly,3795.00,active_paid
2025-08,CUS-0238,Scale,annual,34200.00,active_paid
2025-08,CUS-0239,Scale,monthly,3090.00,active_paid
2025-08,CUS-0240,Starter,monthly,320.00,active_paid
2025-08,CUS-0241,Starter,annual,4260.00,active_paid
2025-08,CUS-0242,Starter,quarterly,1170.00,active_paid
2025-08,CUS-0243,Starter,annual,5100.00,active_paid
2025-08,CUS-0244,Starter,monthly,460.00,active_paid
2025-08,CUS-0245,Growth,monthly,1455.00,active_paid
2025-08,CUS-0246,Growth,annual,14700.00,active_paid
2025-08,CUS-0247,Growth,quarterly,3225.00,active_paid
2025-08,CUS-0249,Scale,monthly,3810.00,active_paid
2025-08,CUS-0250,Starter,monthly,320.00,active_paid
2025-08,CUS-0251,Starter,annual,4260.00,active_paid
2025-08,CUS-0252,Starter,quarterly,1170.00,active_paid
2025-08,CUS-0253,Starter,annual,5100.00,active_paid
2025-08,CUS-0254,Starter,monthly,460.00,active_paid
2025-08,CUS-0255,Growth,monthly,1265.00,active_paid
2025-08,CUS-0256,Growth,annual,16320.00,active_paid
2025-08,CUS-0257,Growth,quarterly,4365.00,active_paid
2025-08,CUS-0258,Scale,annual,41184.00,active_paid
2025-08,CUS-0259,Scale,monthly,3705.00,active_paid
2025-08,CUS-0260,Starter,monthly,320.00,active_paid
2025-08,CUS-0261,Starter,annual,5112.00,active_paid
2025-08,CUS-0262,Starter,quarterly,1170.00,active_paid
2025-08,CUS-0263,Starter,annual,5100.00,active_paid
2025-08,CUS-0264,Starter,monthly,460.00,active_paid
2025-08,CUS-0265,Growth,monthly,1075.00,active_paid
2025-08,CUS-0266,Growth,annual,14040.00,active_paid
2025-08,CUS-0267,Growth,quarterly,3795.00,active_paid
2025-08,CUS-0268,Scale,annual,39960.00,active_paid
2025-08,CUS-0269,Scale,monthly,3570.00,active_paid
2025-08,CUS-0270,Starter,monthly,320.00,active_paid
2025-08,CUS-0271,Starter,annual,4260.00,active_paid
2025-08,CUS-0272,Starter,quarterly,1170.00,active_paid
2025-08,CUS-0273,Starter,annual,5100.00,active_paid
2025-08,CUS-0274,Starter,monthly,460.00,active_paid
2025-08,CUS-0275,Growth,monthly,1455.00,active_paid
2025-08,CUS-0276,Growth,annual,11760.00,active_paid
2025-08,CUS-0277,Growth,quarterly,3225.00,active_paid
2025-08,CUS-0278,Scale,annual,48600.00,active_paid
2025-08,CUS-0279,Scale,monthly,4290.00,active_paid
2025-08,CUS-0280,Starter,monthly,320.00,active_paid
2025-08,CUS-0281,Starter,annual,4260.00,active_paid
2025-08,CUS-0282,Starter,quarterly,1170.00,active_paid
2025-08,CUS-0283,Starter,annual,5100.00,active_paid
2025-08,CUS-0284,Starter,monthly,460.00,active_paid
2025-08,CUS-0285,Growth,monthly,1265.00,active_paid
2025-08,CUS-0286,Growth,annual,16320.00,active_paid
2025-08,CUS-0287,Growth,quarterly,5456.25,active_paid
2025-08,CUS-0288,Scale,annual,37080.00,active_paid
2025-08,CUS-0289,Scale,monthly,3330.00,active_paid
2025-08,CUS-0290,Starter,monthly,384.00,active_paid
2025-08,CUS-0291,Starter,annual,4260.00,active_paid
2025-08,CUS-0292,Starter,quarterly,1170.00,active_paid
2025-08,CUS-0293,Starter,annual,5100.00,active_paid
