case_id,account_id,opened_at,severity,first_response_hours,resolution_hours,case_status
CASE-000001,ACCT-0001,2026-07-02,low,0.4,4.0,resolved
CASE-000002,ACCT-0001,2026-07-07,medium,1.1,7.5,resolved
CASE-000003,ACCT-0001,2026-09-02,low,0.4,4.0,resolved
CASE-000004,ACCT-0001,2026-09-07,medium,1.1,7.5,resolved
CASE-000005,ACCT-0002,2026-06-09,low,4.1,20.65,resolved
CASE-000006,ACCT-0002,2026-07-09,low,4.1,20.65,resolved
CASE-000007,ACCT-0002,2026-07-14,medium,4.8,24.15,resolved
CASE-000008,ACCT-0002,2026-07-19,low,5.5,27.65,resolved
CASE-000009,ACCT-0002,2026-08-09,low,4.1,20.65,resolved
CASE-000010,ACCT-0002,2026-09-09,low,4.1,20.65,resolved
CASE-000011,ACCT-0002,2026-09-14,medium,4.8,24.15,resolved
CASE-000012,ACCT-0002,2026-09-19,low,5.5,27.65,resolved
CASE-000013,ACCT-0003,2026-06-16,high,7.8,37.3,resolved
CASE-000014,ACCT-0003,2026-06-21,medium,8.5,40.8,resolved
CASE-000015,ACCT-0003,2026-08-16,high,7.8,37.3,resolved
CASE-000016,ACCT-0003,2026-08-21,medium,8.5,40.8,resolved
CASE-000017,ACCT-0004,2026-06-23,low,1.5,8.95,resolved
CASE-000018,ACCT-0004,2026-06-03,medium,2.2,12.45,resolved
CASE-000019,ACCT-0004,2026-06-08,low,2.9,15.95,resolved
CASE-000020,ACCT-0004,2026-07-23,low,1.5,8.95,resolved
CASE-000021,ACCT-0004,2026-08-23,low,1.5,8.95,resolved
CASE-000022,ACCT-0004,2026-08-03,medium,2.2,12.45,resolved
CASE-000023,ACCT-0004,2026-08-08,low,2.9,15.95,resolved
CASE-000024,ACCT-0004,2026-09-23,low,1.5,8.95,resolved
CASE-000025,ACCT-0005,2026-07-05,low,5.2,25.6,resolved
CASE-000026,ACCT-0005,2026-07-10,medium,5.9,29.1,resolved
CASE-000027,ACCT-0005,2026-09-05,low,5.2,25.6,resolved
CASE-000028,ACCT-0005,2026-09-10,medium,5.9,29.1,resolved
CASE-000029,ACCT-0006,2026-06-12,critical,8.9,42.25,resolved
CASE-000030,ACCT-0006,2026-06-17,medium,9.6,45.75,resolved
CASE-000031,ACCT-0006,2026-06-22,low,10.3,49.25,resolved
CASE-000032,ACCT-0006,2026-07-12,critical,8.9,42.25,resolved
CASE-000033,ACCT-0006,2026-07-17,medium,9.6,45.75,resolved
CASE-000034,ACCT-0006,2026-07-22,low,10.3,49.25,resolved
CASE-000035,ACCT-0006,2026-07-02,medium,11.0,52.75,resolved
CASE-000036,ACCT-0006,2026-07-07,low,11.7,56.25,resolved
CASE-000037,ACCT-0006,2026-08-12,critical,8.9,42.25,resolved
CASE-000038,ACCT-0006,2026-08-17,medium,9.6,45.75,resolved
CASE-000039,ACCT-0006,2026-08-22,low,10.3,49.25,resolved
CASE-000040,ACCT-0006,2026-09-12,critical,8.9,42.25,resolved
CASE-000041,ACCT-0006,2026-09-17,medium,9.6,45.75,resolved
CASE-000042,ACCT-0006,2026-09-22,low,10.3,49.25,resolved
CASE-000043,ACCT-0006,2026-09-02,medium,11.0,52.75,resolved
CASE-000044,ACCT-0006,2026-09-07,low,11.7,56.25,resolved
CASE-000045,ACCT-0007,2026-06-19,low,2.6,13.9,resolved
CASE-000046,ACCT-0007,2026-06-24,medium,3.3,17.4,resolved
CASE-000047,ACCT-0007,2026-08-19,low,2.6,13.9,resolved
CASE-000048,ACCT-0007,2026-08-24,medium,3.3,17.4,resolved
CASE-000049,ACCT-0008,2026-06-26,low,6.3,30.55,resolved
CASE-000050,ACCT-0008,2026-06-06,medium,7.0,34.05,resolved
CASE-000051,ACCT-0008,2026-06-11,low,7.7,37.55,resolved
CASE-000052,ACCT-0008,2026-07-26,low,6.3,30.55,resolved
CASE-000053,ACCT-0008,2026-08-26,low,6.3,30.55,resolved
CASE-000054,ACCT-0008,2026-08-06,medium,7.0,34.05,resolved
CASE-000055,ACCT-0008,2026-08-11,low,7.7,37.55,resolved
CASE-000056,ACCT-0008,2026-09-26,low,6.3,30.55,resolved
CASE-000057,ACCT-0009,2026-06-08,high,10.0,47.2,resolved
CASE-000058,ACCT-0009,2026-06-13,medium,10.7,50.7,resolved
CASE-000059,ACCT-0009,2026-07-08,high,10.0,47.2,resolved
CASE-000060,ACCT-0009,2026-07-13,medium,10.7,50.7,resolved
CASE-000061,ACCT-0009,2026-07-18,low,11.4,54.2,resolved
CASE-000062,ACCT-0009,2026-07-23,medium,12.1,57.7,resolved
CASE-000063,ACCT-0009,2026-08-08,high,10.0,47.2,resolved
CASE-000064,ACCT-0009,2026-08-13,medium,10.7,50.7,resolved
CASE-000065,ACCT-0009,2026-09-08,high,10.0,47.2,resolved
CASE-000066,ACCT-0009,2026-09-13,medium,10.7,50.7,resolved
CASE-000067,ACCT-0009,2026-09-18,low,11.4,54.2,resolved
CASE-000068,ACCT-0009,2026-09-23,medium,12.1,57.7,resolved
CASE-000069,ACCT-0010,2026-06-15,low,3.7,18.85,resolved
CASE-000070,ACCT-0010,2026-07-15,low,3.7,18.85,resolved
CASE-000071,ACCT-0010,2026-07-20,medium,4.4,22.35,resolved
CASE-000072,ACCT-0010,2026-07-25,low,5.1,25.85,resolved
CASE-000073,ACCT-0010,2026-08-15,low,3.7,18.85,resolved
CASE-000074,ACCT-0010,2026-09-15,low,3.7,18.85,resolved
CASE-000075,ACCT-0010,2026-09-20,medium,4.4,22.35,resolved
CASE-000076,ACCT-0010,2026-09-25,low,5.1,25.85,resolved
CASE-000077,ACCT-0011,2026-06-22,critical,7.4,35.5,resolved
CASE-000078,ACCT-0011,2026-06-02,medium,8.1,39.0,resolved
CASE-000079,ACCT-0011,2026-08-22,critical,7.4,35.5,resolved
CASE-000080,ACCT-0011,2026-08-02,medium,8.1,39.0,resolved
CASE-000081,ACCT-0012,2026-06-04,low,1.1,7.15,resolved
CASE-000082,ACCT-0012,2026-06-09,medium,1.8,10.65,resolved
CASE-000083,ACCT-0012,2026-06-14,low,2.5,14.15,resolved
CASE-000084,ACCT-0012,2026-07-04,low,1.1,7.15,resolved
CASE-000085,ACCT-0012,2026-08-04,low,1.1,7.15,resolved
CASE-000086,ACCT-0012,2026-08-09,medium,1.8,10.65,resolved
CASE-000087,ACCT-0012,2026-08-14,low,2.5,14.15,resolved
CASE-000088,ACCT-0012,2026-09-04,low,1.1,7.15,resolved
CASE-000089,ACCT-0013,2026-07-11,low,4.8,23.8,resolved
CASE-000090,ACCT-0013,2026-07-16,medium,5.5,27.3,resolved
CASE-000091,ACCT-0013,2026-09-11,low,4.8,23.8,resolved
CASE-000092,ACCT-0013,2026-09-16,medium,5.5,27.3,resolved
CASE-000093,ACCT-0014,2026-06-18,high,8.5,40.45,resolved
CASE-000094,ACCT-0014,2026-06-23,medium,9.2,43.95,resolved
CASE-000095,ACCT-0014,2026-06-03,low,9.9,47.45,resolved
CASE-000096,ACCT-0014,2026-07-18,high,8.5,40.45,resolved
CASE-000097,ACCT-0014,2026-07-23,medium,9.2,43.95,resolved
CASE-000098,ACCT-0014,2026-07-03,low,9.9,47.45,resolved
CASE-000099,ACCT-0014,2026-07-08,medium,10.6,,open
CASE-000100,ACCT-0014,2026-07-13,low,11.3,54.45,resolved
CASE-000101,ACCT-0014,2026-08-18,high,8.5,40.45,resolved
CASE-000102,ACCT-0014,2026-08-23,medium,9.2,43.95,resolved
CASE-000103,ACCT-0014,2026-08-03,low,9.9,,open
CASE-000104,ACCT-0014,2026-09-18,high,8.5,40.45,resolved
CASE-000105,ACCT-0014,2026-09-23,medium,9.2,,open
CASE-000106,ACCT-0014,2026-09-03,low,9.9,47.45,resolved
CASE-000107,ACCT-0014,2026-09-08,medium,10.6,50.95,resolved
CASE-000108,ACCT-0014,2026-09-13,low,11.3,54.45,resolved
CASE-000109,ACCT-0015,2026-06-25,low,2.2,12.1,resolved
CASE-000110,ACCT-0015,2026-06-05,medium,2.9,15.6,resolved
CASE-000111,ACCT-0015,2026-08-25,low,2.2,12.1,resolved
CASE-000112,ACCT-0015,2026-08-05,medium,2.9,,open
CASE-000113,ACCT-0016,2026-06-07,low,5.9,28.75,resolved
CASE-000114,ACCT-0016,2026-06-12,medium,6.6,32.25,resolved
CASE-000115,ACCT-0016,2026-06-17,low,7.3,,open
CASE-000116,ACCT-0016,2026-07-07,low,5.9,28.75,resolved
CASE-000117,ACCT-0016,2026-08-07,low,5.9,,open
CASE-000118,ACCT-0016,2026-08-12,medium,6.6,32.25,resolved
CASE-000119,ACCT-0016,2026-08-17,low,7.3,35.75,resolved
CASE-000120,ACCT-0016,2026-09-07,low,5.9,28.75,resolved
CASE-000121,ACCT-0017,2026-06-14,high,9.6,45.4,resolved
CASE-000122,ACCT-0017,2026-06-19,medium,10.3,,open
CASE-000123,ACCT-0017,2026-07-14,high,9.6,,open
CASE-000124,ACCT-0017,2026-07-19,medium,10.3,48.9,resolved
CASE-000125,ACCT-0017,2026-07-24,low,11.0,52.4,resolved
CASE-000126,ACCT-0017,2026-07-04,medium,11.7,55.9,resolved
CASE-000127,ACCT-0017,2026-08-14,high,9.6,45.4,resolved
CASE-000128,ACCT-0017,2026-08-19,medium,10.3,48.9,resolved
CASE-000129,ACCT-0017,2026-09-14,high,9.6,45.4,resolved
CASE-000130,ACCT-0017,2026-09-19,medium,10.3,48.9,resolved
CASE-000131,ACCT-0017,2026-09-24,low,11.0,52.4,resolved
CASE-000132,ACCT-0017,2026-09-04,medium,11.7,55.9,resolved
CASE-000133,ACCT-0018,2026-06-21,low,3.3,,open
CASE-000134,ACCT-0018,2026-07-21,low,3.3,17.05,resolved
CASE-000135,ACCT-0018,2026-07-26,medium,4.0,20.55,resolved
CASE-000136,ACCT-0018,2026-07-06,low,4.7,24.05,resolved
CASE-000137,ACCT-0018,2026-08-21,low,3.3,17.05,resolved
CASE-000138,ACCT-0018,2026-09-21,low,3.3,17.05,resolved
CASE-000139,ACCT-0018,2026-09-26,medium,4.0,20.55,resolved
CASE-000140,ACCT-0018,2026-09-06,low,4.7,24.05,resolved
CASE-000141,ACCT-0019,2026-06-03,low,7.0,33.7,resolved
CASE-000142,ACCT-0019,2026-06-08,medium,7.7,37.2,resolved
CASE-000143,ACCT-0019,2026-08-03,low,7.0,33.7,resolved
CASE-000144,ACCT-0019,2026-08-08,medium,7.7,37.2,resolved
CASE-000145,ACCT-0020,2026-06-10,low,0.7,5.35,resolved
CASE-000146,ACCT-0020,2026-06-15,medium,1.4,8.85,resolved
CASE-000147,ACCT-0020,2026-06-20,low,2.1,12.35,resolved
CASE-000148,ACCT-0020,2026-07-10,low,0.7,5.35,resolved
CASE-000149,ACCT-0020,2026-08-10,low,0.7,5.35,resolved
CASE-000150,ACCT-0020,2026-08-15,medium,1.4,8.85,resolved
CASE-000151,ACCT-0020,2026-08-20,low,2.1,12.35,resolved
CASE-000152,ACCT-0020,2026-09-10,low,0.7,5.35,resolved
CASE-000153,ACCT-0021,2026-07-17,low,4.4,22.0,resolved
CASE-000154,ACCT-0021,2026-07-22,medium,5.1,25.5,resolved
CASE-000155,ACCT-0021,2026-09-17,low,4.4,22.0,resolved
CASE-000156,ACCT-0021,2026-09-22,medium,5.1,25.5,resolved
CASE-000157,ACCT-0022,2026-06-24,high,8.1,38.65,resolved
CASE-000158,ACCT-0022,2026-06-04,medium,8.8,42.15,resolved
CASE-000159,ACCT-0022,2026-06-09,low,9.5,45.65,resolved
CASE-000160,ACCT-0022,2026-07-24,high,8.1,38.65,resolved
CASE-000161,ACCT-0022,2026-07-04,medium,8.8,42.15,resolved
CASE-000162,ACCT-0022,2026-07-09,low,9.5,45.65,resolved
CASE-000163,ACCT-0022,2026-07-14,medium,10.2,49.15,resolved
CASE-000164,ACCT-0022,2026-07-19,low,10.9,52.65,resolved
CASE-000165,ACCT-0022,2026-08-24,high,8.1,38.65,resolved
CASE-000166,ACCT-0022,2026-08-04,medium,8.8,42.15,resolved
CASE-000167,ACCT-0022,2026-08-09,low,9.5,45.65,resolved
CASE-000168,ACCT-0022,2026-09-24,high,8.1,38.65,resolved
CASE-000169,ACCT-0022,2026-09-04,medium,8.8,42.15,resolved
CASE-000170,ACCT-0022,2026-09-09,low,9.5,45.65,resolved
CASE-000171,ACCT-0022,2026-09-14,medium,10.2,49.15,resolved
CASE-000172,ACCT-0022,2026-09-19,low,10.9,52.65,resolved
CASE-000173,ACCT-0023,2026-06-06,low,1.8,10.3,resolved
CASE-000174,ACCT-0023,2026-06-11,medium,2.5,13.8,resolved
CASE-000175,ACCT-0023,2026-08-06,low,1.8,10.3,resolved
CASE-000176,ACCT-0023,2026-08-11,medium,2.5,13.8,resolved
CASE-000177,ACCT-0024,2026-06-13,low,5.5,26.95,resolved
CASE-000178,ACCT-0024,2026-06-18,medium,6.2,30.45,resolved
CASE-000179,ACCT-0024,2026-06-23,low,6.9,33.95,resolved
CASE-000180,ACCT-0024,2026-07-13,low,5.5,26.95,resolved
CASE-000181,ACCT-0024,2026-08-13,low,5.5,26.95,resolved
CASE-000182,ACCT-0024,2026-08-18,medium,6.2,30.45,resolved
CASE-000183,ACCT-0024,2026-08-23,low,6.9,33.95,resolved
CASE-000184,ACCT-0024,2026-09-13,low,5.5,26.95,resolved
CASE-000185,ACCT-0025,2026-06-20,high,9.2,43.6,resolved
CASE-000186,ACCT-0025,2026-06-25,medium,9.9,47.1,resolved
CASE-000187,ACCT-0025,2026-07-20,high,9.2,43.6,resolved
CASE-000188,ACCT-0025,2026-07-25,medium,9.9,47.1,resolved
CASE-000189,ACCT-0025,2026-07-05,low,10.6,50.6,resolved
CASE-000190,ACCT-0025,2026-07-10,medium,11.3,54.1,resolved
CASE-000191,ACCT-0025,2026-08-20,high,9.2,43.6,resolved
CASE-000192,ACCT-0025,2026-08-25,medium,9.9,47.1,resolved
CASE-000193,ACCT-0025,2026-09-20,high,9.2,43.6,resolved
CASE-000194,ACCT-0025,2026-09-25,medium,9.9,47.1,resolved
CASE-000195,ACCT-0025,2026-09-05,low,10.6,50.6,resolved
CASE-000196,ACCT-0025,2026-09-10,medium,11.3,54.1,resolved
CASE-000197,ACCT-0026,2026-06-02,low,2.9,15.25,resolved
CASE-000198,ACCT-0026,2026-07-02,low,2.9,15.25,resolved
CASE-000199,ACCT-0026,2026-07-07,medium,3.6,18.75,resolved
CASE-000200,ACCT-0026,2026-07-12,low,4.3,22.25,resolved
CASE-000201,ACCT-0026,2026-08-02,low,2.9,15.25,resolved
CASE-000202,ACCT-0026,2026-09-02,low,2.9,15.25,resolved
CASE-000203,ACCT-0026,2026-09-07,medium,3.6,18.75,resolved
CASE-000204,ACCT-0026,2026-09-12,low,4.3,22.25,resolved
CASE-000205,ACCT-0027,2026-06-09,low,6.6,31.9,resolved
CASE-000206,ACCT-0027,2026-06-14,medium,7.3,35.4,resolved
CASE-000207,ACCT-0027,2026-08-09,low,6.6,31.9,resolved
CASE-000208,ACCT-0027,2026-08-14,medium,7.3,35.4,resolved
CASE-000209,ACCT-0028,2026-06-16,high,10.3,48.55,resolved
CASE-000210,ACCT-0028,2026-06-21,medium,11.0,52.05,resolved
CASE-000211,ACCT-0028,2026-06-26,low,11.7,55.55,resolved
CASE-000212,ACCT-0028,2026-06-06,medium,12.4,59.05,resolved
CASE-000213,ACCT-0028,2026-06-11,low,13.1,62.55,resolved
CASE-000214,ACCT-0028,2026-07-16,high,10.3,48.55,resolved
CASE-000215,ACCT-0028,2026-07-21,medium,11.0,52.05,resolved
CASE-000216,ACCT-0028,2026-07-26,low,11.7,55.55,resolved
CASE-000217,ACCT-0028,2026-08-16,high,10.3,48.55,resolved
CASE-000218,ACCT-0028,2026-08-21,medium,11.0,52.05,resolved
CASE-000219,ACCT-0028,2026-08-26,low,11.7,55.55,resolved
CASE-000220,ACCT-0028,2026-08-06,medium,12.4,59.05,resolved
CASE-000221,ACCT-0028,2026-08-11,low,13.1,62.55,resolved
CASE-000222,ACCT-0028,2026-09-16,high,10.3,48.55,resolved
CASE-000223,ACCT-0028,2026-09-21,medium,11.0,52.05,resolved
CASE-000224,ACCT-0028,2026-09-26,low,11.7,55.55,resolved
CASE-000225,ACCT-0029,2026-07-23,low,4.0,20.2,resolved
CASE-000226,ACCT-0029,2026-07-03,medium,4.7,23.7,resolved
CASE-000227,ACCT-0029,2026-09-23,low,4.0,20.2,resolved
CASE-000228,ACCT-0029,2026-09-03,medium,4.7,23.7,resolved
CASE-000229,ACCT-0030,2026-06-05,high,7.7,36.85,resolved
CASE-000230,ACCT-0030,2026-07-05,high,7.7,36.85,resolved
CASE-000231,ACCT-0030,2026-07-10,medium,8.4,40.35,resolved
CASE-000232,ACCT-0030,2026-07-15,low,9.1,43.85,resolved
CASE-000233,ACCT-0030,2026-08-05,high,7.7,36.85,resolved
CASE-000234,ACCT-0030,2026-09-05,high,7.7,36.85,resolved
CASE-000235,ACCT-0030,2026-09-10,medium,8.4,40.35,resolved
CASE-000236,ACCT-0030,2026-09-15,low,9.1,,open
CASE-000237,ACCT-0031,2026-06-12,low,1.4,8.5,resolved
CASE-000238,ACCT-0031,2026-06-17,medium,2.1,12.0,resolved
CASE-000239,ACCT-0031,2026-08-12,low,1.4,8.5,resolved
CASE-000240,ACCT-0031,2026-08-17,medium,2.1,12.0,resolved
CASE-000241,ACCT-0032,2026-06-19,low,5.1,25.15,resolved
CASE-000242,ACCT-0032,2026-06-24,medium,5.8,28.65,resolved
CASE-000243,ACCT-0032,2026-06-04,low,6.5,32.15,resolved
CASE-000244,ACCT-0032,2026-07-19,low,5.1,25.15,resolved
CASE-000245,ACCT-0032,2026-08-19,low,5.1,25.15,resolved
CASE-000246,ACCT-0032,2026-08-24,medium,5.8,,open
CASE-000247,ACCT-0032,2026-08-04,low,6.5,32.15,resolved
CASE-000248,ACCT-0032,2026-09-19,low,5.1,,open
CASE-000249,ACCT-0033,2026-06-26,high,8.8,41.8,resolved
CASE-000250,ACCT-0033,2026-06-06,medium,9.5,45.3,resolved
CASE-000251,ACCT-0033,2026-07-26,high,8.8,41.8,resolved
CASE-000252,ACCT-0033,2026-07-06,medium,9.5,,open
CASE-000253,ACCT-0033,2026-07-11,low,10.2,48.8,resolved
CASE-000254,ACCT-0033,2026-07-16,medium,10.9,52.3,resolved
CASE-000255,ACCT-0033,2026-08-26,high,8.8,,open
CASE-000256,ACCT-0033,2026-08-06,medium,9.5,45.3,resolved
CASE-000257,ACCT-0033,2026-09-26,high,8.8,41.8,resolved
CASE-000258,ACCT-0033,2026-09-06,medium,9.5,45.3,resolved
CASE-000259,ACCT-0033,2026-09-11,low,10.2,48.8,resolved
CASE-000260,ACCT-0033,2026-09-16,medium,10.9,52.3,resolved
CASE-000261,ACCT-0034,2026-06-08,low,2.5,13.45,resolved
CASE-000262,ACCT-0034,2026-07-08,low,2.5,,open
CASE-000263,ACCT-0034,2026-07-13,medium,3.2,16.95,resolved
CASE-000264,ACCT-0034,2026-07-18,low,3.9,20.45,resolved
CASE-000265,ACCT-0034,2026-08-08,low,2.5,13.45,resolved
CASE-000266,ACCT-0034,2026-09-08,low,2.5,13.45,resolved
CASE-000267,ACCT-0034,2026-09-13,medium,3.2,16.95,resolved
CASE-000268,ACCT-0034,2026-09-18,low,3.9,20.45,resolved
CASE-000269,ACCT-0035,2026-06-15,low,6.2,,open
CASE-000270,ACCT-0035,2026-06-20,medium,6.9,33.6,resolved
CASE-000271,ACCT-0035,2026-08-15,low,6.2,30.1,resolved
CASE-000272,ACCT-0035,2026-08-20,medium,6.9,33.6,resolved
CASE-000273,ACCT-0036,2026-06-22,critical,9.9,46.75,resolved
CASE-000274,ACCT-0036,2026-06-02,medium,10.6,50.25,resolved
CASE-000275,ACCT-0036,2026-06-07,low,11.3,53.75,resolved
CASE-000276,ACCT-0036,2026-06-12,medium,12.0,57.25,resolved
CASE-000277,ACCT-0036,2026-06-17,low,12.7,60.75,resolved
CASE-000278,ACCT-0036,2026-07-22,critical,9.9,46.75,resolved
CASE-000279,ACCT-0036,2026-07-02,medium,10.6,50.25,resolved
CASE-000280,ACCT-0036,2026-07-07,low,11.3,53.75,resolved
CASE-000281,ACCT-0036,2026-08-22,critical,9.9,46.75,resolved
CASE-000282,ACCT-0036,2026-08-02,medium,10.6,50.25,resolved
CASE-000283,ACCT-0036,2026-08-07,low,11.3,53.75,resolved
CASE-000284,ACCT-0036,2026-08-12,medium,12.0,57.25,resolved
CASE-000285,ACCT-0036,2026-08-17,low,12.7,60.75,resolved
CASE-000286,ACCT-0036,2026-09-22,critical,9.9,46.75,resolved
CASE-000287,ACCT-0036,2026-09-02,medium,10.6,50.25,resolved
CASE-000288,ACCT-0036,2026-09-07,low,11.3,53.75,resolved
CASE-000289,ACCT-0037,2026-07-04,low,3.6,18.4,resolved
CASE-000290,ACCT-0037,2026-07-09,medium,4.3,21.9,resolved
CASE-000291,ACCT-0037,2026-09-04,low,3.6,18.4,resolved
CASE-000292,ACCT-0037,2026-09-09,medium,4.3,21.9,resolved
CASE-000293,ACCT-0038,2026-06-11,high,7.3,35.05,resolved
CASE-000294,ACCT-0038,2026-07-11,high,7.3,35.05,resolved
CASE-000295,ACCT-0038,2026-07-16,medium,8.0,38.55,resolved
CASE-000296,ACCT-0038,2026-07-21,low,8.7,42.05,resolved
CASE-000297,ACCT-0038,2026-08-11,high,7.3,35.05,resolved
CASE-000298,ACCT-0038,2026-09-11,high,7.3,35.05,resolved
CASE-000299,ACCT-0038,2026-09-16,medium,8.0,38.55,resolved
CASE-000300,ACCT-0038,2026-09-21,low,8.7,42.05,resolved
CASE-000301,ACCT-0039,2026-06-18,low,1.0,6.7,resolved
CASE-000302,ACCT-0039,2026-06-23,medium,1.7,10.2,resolved
CASE-000303,ACCT-0039,2026-08-18,low,1.0,6.7,resolved
CASE-000304,ACCT-0039,2026-08-23,medium,1.7,10.2,resolved
CASE-000305,ACCT-0040,2026-06-25,low,4.7,23.35,resolved
CASE-000306,ACCT-0040,2026-06-05,medium,5.4,26.85,resolved
CASE-000307,ACCT-0040,2026-06-10,low,6.1,30.35,resolved
CASE-000308,ACCT-0040,2026-07-25,low,4.7,23.35,resolved
CASE-000309,ACCT-0040,2026-08-25,low,4.7,23.35,resolved
CASE-000310,ACCT-0040,2026-08-05,medium,5.4,26.85,resolved
CASE-000311,ACCT-0040,2026-08-10,low,6.1,30.35,resolved
CASE-000312,ACCT-0040,2026-09-25,low,4.7,23.35,resolved
CASE-000313,ACCT-0041,2026-06-07,critical,8.4,40.0,resolved
CASE-000314,ACCT-0041,2026-06-12,medium,9.1,43.5,resolved
CASE-000315,ACCT-0041,2026-07-07,critical,8.4,40.0,resolved
CASE-000316,ACCT-0041,2026-07-12,medium,9.1,43.5,resolved
CASE-000317,ACCT-0041,2026-07-17,low,9.8,47.0,resolved
CASE-000318,ACCT-0041,2026-07-22,medium,10.5,50.5,resolved
CASE-000319,ACCT-0041,2026-08-07,critical,8.4,40.0,resolved
CASE-000320,ACCT-0041,2026-08-12,medium,9.1,43.5,resolved
CASE-000321,ACCT-0041,2026-09-07,critical,8.4,40.0,resolved
CASE-000322,ACCT-0041,2026-09-12,medium,9.1,43.5,resolved
CASE-000323,ACCT-0041,2026-09-17,low,9.8,47.0,resolved
CASE-000324,ACCT-0041,2026-09-22,medium,10.5,50.5,resolved
CASE-000325,ACCT-0042,2026-06-14,low,2.1,11.65,resolved
CASE-000326,ACCT-0042,2026-07-14,low,2.1,11.65,resolved
CASE-000327,ACCT-0042,2026-07-19,medium,2.8,15.15,resolved
CASE-000328,ACCT-0042,2026-07-24,low,3.5,18.65,resolved
CASE-000329,ACCT-0042,2026-08-14,low,2.1,11.65,resolved
CASE-000330,ACCT-0042,2026-09-14,low,2.1,11.65,resolved
CASE-000331,ACCT-0042,2026-09-19,medium,2.8,15.15,resolved
CASE-000332,ACCT-0042,2026-09-24,low,3.5,18.65,resolved
CASE-000333,ACCT-0043,2026-06-21,low,5.8,28.3,resolved
CASE-000334,ACCT-0043,2026-06-26,medium,6.5,31.8,resolved
CASE-000335,ACCT-0043,2026-08-21,low,5.8,28.3,resolved
CASE-000336,ACCT-0043,2026-08-26,medium,6.5,31.8,resolved
CASE-000337,ACCT-0044,2026-06-03,high,9.5,44.95,resolved
CASE-000338,ACCT-0044,2026-06-08,medium,10.2,48.45,resolved
CASE-000339,ACCT-0044,2026-06-13,low,10.9,51.95,resolved
CASE-000340,ACCT-0044,2026-06-18,medium,11.6,55.45,resolved
CASE-000341,ACCT-0044,2026-06-23,low,12.3,58.95,resolved
CASE-000342,ACCT-0044,2026-07-03,high,9.5,44.95,resolved
CASE-000343,ACCT-0044,2026-07-08,medium,10.2,48.45,resolved
CASE-000344,ACCT-0044,2026-07-13,low,10.9,51.95,resolved
CASE-000345,ACCT-0044,2026-08-03,high,9.5,44.95,resolved
CASE-000346,ACCT-0044,2026-08-08,medium,10.2,48.45,resolved
CASE-000347,ACCT-0044,2026-08-13,low,10.9,51.95,resolved
CASE-000348,ACCT-0044,2026-08-18,medium,11.6,55.45,resolved
CASE-000349,ACCT-0044,2026-08-23,low,12.3,58.95,resolved
CASE-000350,ACCT-0044,2026-09-03,high,9.5,44.95,resolved
CASE-000351,ACCT-0044,2026-09-08,medium,10.2,48.45,resolved
CASE-000352,ACCT-0044,2026-09-13,low,10.9,51.95,resolved
CASE-000353,ACCT-0045,2026-07-10,low,3.2,16.6,resolved
CASE-000354,ACCT-0045,2026-07-15,medium,3.9,20.1,resolved
CASE-000355,ACCT-0045,2026-09-10,low,3.2,16.6,resolved
CASE-000356,ACCT-0045,2026-09-15,medium,3.9,20.1,resolved
CASE-000357,ACCT-0046,2026-06-17,low,6.9,33.25,resolved
CASE-000358,ACCT-0046,2026-07-17,low,6.9,33.25,resolved
CASE-000359,ACCT-0046,2026-07-22,medium,7.6,36.75,resolved
CASE-000360,ACCT-0046,2026-07-02,low,8.3,40.25,resolved
CASE-000361,ACCT-0046,2026-08-17,low,6.9,33.25,resolved
CASE-000362,ACCT-0046,2026-09-17,low,6.9,33.25,resolved
CASE-000363,ACCT-0046,2026-09-22,medium,7.6,36.75,resolved
CASE-000364,ACCT-0046,2026-09-02,low,8.3,40.25,resolved
CASE-000365,ACCT-0047,2026-06-24,low,0.6,4.9,resolved
CASE-000366,ACCT-0047,2026-06-04,medium,1.3,8.4,resolved
CASE-000367,ACCT-0047,2026-08-24,low,0.6,4.9,resolved
CASE-000368,ACCT-0047,2026-08-04,medium,1.3,8.4,resolved
CASE-000369,ACCT-0048,2026-06-06,low,4.3,21.55,resolved
CASE-000370,ACCT-0048,2026-06-11,medium,5.0,25.05,resolved
CASE-000371,ACCT-0048,2026-06-16,low,5.7,28.55,resolved
CASE-000372,ACCT-0048,2026-07-06,low,4.3,21.55,resolved
CASE-000373,ACCT-0048,2026-08-06,low,4.3,21.55,resolved
CASE-000374,ACCT-0048,2026-08-11,medium,5.0,25.05,resolved
CASE-000375,ACCT-0048,2026-08-16,low,5.7,,open
CASE-000376,ACCT-0048,2026-09-06,low,4.3,21.55,resolved
CASE-000377,ACCT-0049,2026-06-13,high,8.0,38.2,resolved
CASE-000378,ACCT-0049,2026-06-18,medium,8.7,41.7,resolved
CASE-000379,ACCT-0049,2026-07-13,high,8.0,38.2,resolved
CASE-000380,ACCT-0049,2026-07-18,medium,8.7,41.7,resolved
CASE-000381,ACCT-0049,2026-07-23,low,9.4,,open
CASE-000382,ACCT-0049,2026-07-03,medium,10.1,48.7,resolved
CASE-000383,ACCT-0049,2026-08-13,high,8.0,38.2,resolved
CASE-000384,ACCT-0049,2026-08-18,medium,8.7,,open
CASE-000385,ACCT-0049,2026-09-13,high,8.0,,open
CASE-000386,ACCT-0049,2026-09-18,medium,8.7,41.7,resolved
CASE-000387,ACCT-0049,2026-09-23,low,9.4,45.2,resolved
CASE-000388,ACCT-0049,2026-09-03,medium,10.1,48.7,resolved
CASE-000389,ACCT-0050,2026-06-20,low,1.7,9.85,resolved
CASE-000390,ACCT-0050,2026-07-20,low,1.7,9.85,resolved
CASE-000391,ACCT-0050,2026-07-25,medium,2.4,,open
CASE-000392,ACCT-0050,2026-07-05,low,3.1,16.85,resolved
CASE-000393,ACCT-0050,2026-08-20,low,1.7,,open
CASE-000394,ACCT-0050,2026-09-20,low,1.7,9.85,resolved
CASE-000395,ACCT-0050,2026-09-25,medium,2.4,13.35,resolved
CASE-000396,ACCT-0050,2026-09-05,low,3.1,16.85,resolved
CASE-000397,ACCT-0051,2026-06-02,low,5.4,26.5,resolved
CASE-000398,ACCT-0051,2026-06-07,medium,6.1,,open
CASE-000399,ACCT-0051,2026-08-02,low,5.4,26.5,resolved
CASE-000400,ACCT-0051,2026-08-07,medium,6.1,30.0,resolved
CASE-000401,ACCT-0052,2026-06-09,high,9.1,,open
CASE-000402,ACCT-0052,2026-06-14,medium,9.8,46.65,resolved
CASE-000403,ACCT-0052,2026-06-19,low,10.5,50.15,resolved
CASE-000404,ACCT-0052,2026-06-24,medium,11.2,53.65,resolved
CASE-000405,ACCT-0052,2026-06-04,low,11.9,57.15,resolved
CASE-000406,ACCT-0052,2026-07-09,high,9.1,43.15,resolved
CASE-000407,ACCT-0052,2026-07-14,medium,9.8,46.65,resolved
CASE-000408,ACCT-0052,2026-07-19,low,10.5,50.15,resolved
CASE-000409,ACCT-0052,2026-08-09,high,9.1,43.15,resolved
CASE-000410,ACCT-0052,2026-08-14,medium,9.8,46.65,resolved
CASE-000411,ACCT-0052,2026-08-19,low,10.5,50.15,resolved
CASE-000412,ACCT-0052,2026-08-24,medium,11.2,53.65,resolved
CASE-000413,ACCT-0052,2026-08-04,low,11.9,57.15,resolved
CASE-000414,ACCT-0052,2026-09-09,high,9.1,43.15,resolved
CASE-000415,ACCT-0052,2026-09-14,medium,9.8,46.65,resolved
CASE-000416,ACCT-0052,2026-09-19,low,10.5,50.15,resolved
CASE-000417,ACCT-0053,2026-07-16,low,2.8,14.8,resolved
CASE-000418,ACCT-0053,2026-07-21,medium,3.5,18.3,resolved
CASE-000419,ACCT-0053,2026-09-16,low,2.8,14.8,resolved
CASE-000420,ACCT-0053,2026-09-21,medium,3.5,18.3,resolved
CASE-000421,ACCT-0054,2026-06-23,low,6.5,31.45,resolved
CASE-000422,ACCT-0054,2026-07-23,low,6.5,31.45,resolved
CASE-000423,ACCT-0054,2026-07-03,medium,7.2,34.95,resolved
CASE-000424,ACCT-0054,2026-07-08,low,7.9,38.45,resolved
CASE-000425,ACCT-0054,2026-08-23,low,6.5,31.45,resolved
CASE-000426,ACCT-0054,2026-09-23,low,6.5,31.45,resolved
CASE-000427,ACCT-0054,2026-09-03,medium,7.2,34.95,resolved
CASE-000428,ACCT-0054,2026-09-08,low,7.9,38.45,resolved
CASE-000429,ACCT-0055,2026-06-05,high,10.2,48.1,resolved
CASE-000430,ACCT-0055,2026-06-10,medium,10.9,51.6,resolved
CASE-000431,ACCT-0055,2026-06-15,low,11.6,55.1,resolved
CASE-000432,ACCT-0055,2026-06-20,medium,12.3,58.6,resolved
CASE-000433,ACCT-0055,2026-07-05,high,10.2,48.1,resolved
CASE-000434,ACCT-0055,2026-07-10,medium,10.9,51.6,resolved
CASE-000435,ACCT-0055,2026-08-05,high,10.2,48.1,resolved
CASE-000436,ACCT-0055,2026-08-10,medium,10.9,51.6,resolved
CASE-000437,ACCT-0055,2026-08-15,low,11.6,55.1,resolved
CASE-000438,ACCT-0055,2026-08-20,medium,12.3,58.6,resolved
CASE-000439,ACCT-0055,2026-09-05,high,10.2,48.1,resolved
CASE-000440,ACCT-0055,2026-09-10,medium,10.9,51.6,resolved
CASE-000441,ACCT-0056,2026-06-12,low,3.9,19.75,resolved
CASE-000442,ACCT-0056,2026-06-17,medium,4.6,23.25,resolved
CASE-000443,ACCT-0056,2026-06-22,low,5.3,26.75,resolved
CASE-000444,ACCT-0056,2026-07-12,low,3.9,19.75,resolved
CASE-000445,ACCT-0056,2026-08-12,low,3.9,19.75,resolved
CASE-000446,ACCT-0056,2026-08-17,medium,4.6,23.25,resolved
CASE-000447,ACCT-0056,2026-08-22,low,5.3,26.75,resolved
CASE-000448,ACCT-0056,2026-09-12,low,3.9,19.75,resolved
CASE-000449,ACCT-0057,2026-07-19,high,7.6,36.4,resolved
CASE-000450,ACCT-0057,2026-07-24,medium,8.3,39.9,resolved
CASE-000451,ACCT-0057,2026-09-19,high,7.6,36.4,resolved
CASE-000452,ACCT-0057,2026-09-24,medium,8.3,39.9,resolved
CASE-000453,ACCT-0058,2026-06-26,low,1.3,8.05,resolved
CASE-000454,ACCT-0058,2026-07-26,low,1.3,8.05,resolved
CASE-000455,ACCT-0058,2026-07-06,medium,2.0,11.55,resolved
CASE-000456,ACCT-0058,2026-07-11,low,2.7,15.05,resolved
CASE-000457,ACCT-0058,2026-08-26,low,1.3,8.05,resolved
CASE-000458,ACCT-0058,2026-09-26,low,1.3,8.05,resolved
CASE-000459,ACCT-0058,2026-09-06,medium,2.0,11.55,resolved
CASE-000460,ACCT-0058,2026-09-11,low,2.7,15.05,resolved
CASE-000461,ACCT-0059,2026-06-08,low,5.0,24.7,resolved
CASE-000462,ACCT-0059,2026-06-13,medium,5.7,28.2,resolved
CASE-000463,ACCT-0059,2026-08-08,low,5.0,24.7,resolved
CASE-000464,ACCT-0059,2026-08-13,medium,5.7,28.2,resolved
CASE-000465,ACCT-0060,2026-06-15,high,8.7,41.35,resolved
CASE-000466,ACCT-0060,2026-06-20,medium,9.4,44.85,resolved
CASE-000467,ACCT-0060,2026-06-25,low,10.1,48.35,resolved
CASE-000468,ACCT-0060,2026-06-05,medium,10.8,51.85,resolved
CASE-000469,ACCT-0060,2026-06-10,low,11.5,55.35,resolved
CASE-000470,ACCT-0060,2026-07-15,high,8.7,41.35,resolved
CASE-000471,ACCT-0060,2026-07-20,medium,9.4,44.85,resolved
CASE-000472,ACCT-0060,2026-07-25,low,10.1,48.35,resolved
CASE-000473,ACCT-0060,2026-08-15,high,8.7,41.35,resolved
CASE-000474,ACCT-0060,2026-08-20,medium,9.4,44.85,resolved
CASE-000475,ACCT-0060,2026-08-25,low,10.1,48.35,resolved
CASE-000476,ACCT-0060,2026-08-05,medium,10.8,51.85,resolved
CASE-000477,ACCT-0060,2026-08-10,low,11.5,55.35,resolved
CASE-000478,ACCT-0060,2026-09-15,high,8.7,41.35,resolved
CASE-000479,ACCT-0060,2026-09-20,medium,9.4,44.85,resolved
CASE-000480,ACCT-0060,2026-09-25,low,10.1,48.35,resolved
CASE-000481,ACCT-0061,2026-07-22,low,2.4,13.0,resolved
CASE-000482,ACCT-0061,2026-07-02,medium,3.1,16.5,resolved
CASE-000483,ACCT-0061,2026-09-22,low,2.4,13.0,resolved
CASE-000484,ACCT-0061,2026-09-02,medium,3.1,16.5,resolved
CASE-000485,ACCT-0062,2026-06-04,low,6.1,29.65,resolved
CASE-000486,ACCT-0062,2026-07-04,low,6.1,29.65,resolved
CASE-000487,ACCT-0062,2026-07-09,medium,6.8,33.15,resolved
CASE-000488,ACCT-0062,2026-07-14,low,7.5,36.65,resolved
CASE-000489,ACCT-0062,2026-08-04,low,6.1,29.65,resolved
CASE-000490,ACCT-0062,2026-09-04,low,6.1,29.65,resolved
CASE-000491,ACCT-0062,2026-09-09,medium,6.8,33.15,resolved
CASE-000492,ACCT-0062,2026-09-14,low,7.5,36.65,resolved
CASE-000493,ACCT-0063,2026-06-11,high,9.8,46.3,resolved
CASE-000494,ACCT-0063,2026-06-16,medium,10.5,49.8,resolved
CASE-000495,ACCT-0063,2026-06-21,low,11.2,53.3,resolved
CASE-000496,ACCT-0063,2026-06-26,medium,11.9,56.8,resolved
CASE-000497,ACCT-0063,2026-07-11,high,9.8,46.3,resolved
CASE-000498,ACCT-0063,2026-07-16,medium,10.5,49.8,resolved
CASE-000499,ACCT-0063,2026-08-11,high,9.8,46.3,resolved
CASE-000500,ACCT-0063,2026-08-16,medium,10.5,49.8,resolved
CASE-000501,ACCT-0063,2026-08-21,low,11.2,53.3,resolved
CASE-000502,ACCT-0063,2026-08-26,medium,11.9,56.8,resolved
CASE-000503,ACCT-0063,2026-09-11,high,9.8,46.3,resolved
CASE-000504,ACCT-0063,2026-09-16,medium,10.5,49.8,resolved
CASE-000505,ACCT-0064,2026-06-18,low,3.5,17.95,resolved
CASE-000506,ACCT-0064,2026-06-23,medium,4.2,21.45,resolved
CASE-000507,ACCT-0064,2026-06-03,low,4.9,24.95,resolved
CASE-000508,ACCT-0064,2026-07-18,low,3.5,17.95,resolved
CASE-000509,ACCT-0064,2026-08-18,low,3.5,17.95,resolved
CASE-000510,ACCT-0064,2026-08-23,medium,4.2,21.45,resolved
CASE-000511,ACCT-0064,2026-08-03,low,4.9,24.95,resolved
CASE-000512,ACCT-0064,2026-09-18,low,3.5,17.95,resolved
CASE-000513,ACCT-0065,2026-07-25,low,7.2,34.6,resolved
CASE-000514,ACCT-0065,2026-07-05,medium,7.9,38.1,resolved
CASE-000515,ACCT-0065,2026-09-25,low,7.2,34.6,resolved
CASE-000516,ACCT-0065,2026-09-05,medium,7.9,,open
CASE-000517,ACCT-0066,2026-06-07,low,0.9,6.25,resolved
CASE-000518,ACCT-0066,2026-07-07,low,0.9,6.25,resolved
CASE-000519,ACCT-0066,2026-07-12,medium,1.6,9.75,resolved
CASE-000520,ACCT-0066,2026-07-17,low,2.3,,open
CASE-000521,ACCT-0066,2026-08-07,low,0.9,6.25,resolved
CASE-000522,ACCT-0066,2026-09-07,low,0.9,,open
CASE-000523,ACCT-0066,2026-09-12,medium,1.6,9.75,resolved
CASE-000524,ACCT-0066,2026-09-17,low,2.3,13.25,resolved
CASE-000525,ACCT-0067,2026-06-14,low,4.6,22.9,resolved
CASE-000526,ACCT-0067,2026-06-19,medium,5.3,26.4,resolved
CASE-000527,ACCT-0067,2026-08-14,low,4.6,,open
CASE-000528,ACCT-0067,2026-08-19,medium,5.3,26.4,resolved
CASE-000529,ACCT-0068,2026-06-21,high,8.3,39.55,resolved
CASE-000530,ACCT-0068,2026-06-26,medium,9.0,,open
CASE-000531,ACCT-0068,2026-06-06,low,9.7,46.55,resolved
CASE-000532,ACCT-0068,2026-06-11,medium,10.4,50.05,resolved
CASE-000533,ACCT-0068,2026-06-16,low,11.1,53.55,resolved
CASE-000534,ACCT-0068,2026-07-21,high,8.3,,open
CASE-000535,ACCT-0068,2026-07-26,medium,9.0,43.05,resolved
CASE-000536,ACCT-0068,2026-07-06,low,9.7,46.55,resolved
CASE-000537,ACCT-0068,2026-08-21,high,8.3,39.55,resolved
CASE-000538,ACCT-0068,2026-08-26,medium,9.0,43.05,resolved
CASE-000539,ACCT-0068,2026-08-06,low,9.7,46.55,resolved
CASE-000540,ACCT-0068,2026-08-11,medium,10.4,50.05,resolved
CASE-000541,ACCT-0068,2026-08-16,low,11.1,53.55,resolved
CASE-000542,ACCT-0068,2026-09-21,high,8.3,39.55,resolved
CASE-000543,ACCT-0068,2026-09-26,medium,9.0,43.05,resolved
CASE-000544,ACCT-0068,2026-09-06,low,9.7,46.55,resolved
CASE-000545,ACCT-0069,2026-07-03,low,2.0,11.2,resolved
CASE-000546,ACCT-0069,2026-07-08,medium,2.7,14.7,resolved
CASE-000547,ACCT-0069,2026-09-03,low,2.0,11.2,resolved
CASE-000548,ACCT-0069,2026-09-08,medium,2.7,14.7,resolved
CASE-000549,ACCT-0070,2026-06-10,low,5.7,27.85,resolved
CASE-000550,ACCT-0070,2026-07-10,low,5.7,27.85,resolved
CASE-000551,ACCT-0070,2026-07-15,medium,6.4,31.35,resolved
CASE-000552,ACCT-0070,2026-07-20,low,7.1,34.85,resolved
CASE-000553,ACCT-0070,2026-08-10,low,5.7,27.85,resolved
CASE-000554,ACCT-0070,2026-09-10,low,5.7,27.85,resolved
CASE-000555,ACCT-0070,2026-09-15,medium,6.4,31.35,resolved
CASE-000556,ACCT-0070,2026-09-20,low,7.1,34.85,resolved
CASE-000557,ACCT-0071,2026-06-17,critical,9.4,44.5,resolved
CASE-000558,ACCT-0071,2026-06-22,medium,10.1,48.0,resolved
CASE-000559,ACCT-0071,2026-06-02,low,10.8,51.5,resolved
CASE-000560,ACCT-0071,2026-06-07,medium,11.5,55.0,resolved
CASE-000561,ACCT-0071,2026-07-17,critical,9.4,44.5,resolved
CASE-000562,ACCT-0071,2026-07-22,medium,10.1,48.0,resolved
CASE-000563,ACCT-0071,2026-08-17,critical,9.4,44.5,resolved
CASE-000564,ACCT-0071,2026-08-22,medium,10.1,48.0,resolved
CASE-000565,ACCT-0071,2026-08-02,low,10.8,51.5,resolved
CASE-000566,ACCT-0071,2026-08-07,medium,11.5,55.0,resolved
CASE-000567,ACCT-0071,2026-09-17,critical,9.4,44.5,resolved
CASE-000568,ACCT-0071,2026-09-22,medium,10.1,48.0,resolved
CASE-000569,ACCT-0072,2026-06-24,low,3.1,16.15,resolved
CASE-000570,ACCT-0072,2026-06-04,medium,3.8,19.65,resolved
CASE-000571,ACCT-0072,2026-06-09,low,4.5,23.15,resolved
CASE-000572,ACCT-0072,2026-07-24,low,3.1,16.15,resolved
CASE-000573,ACCT-0072,2026-08-24,low,3.1,16.15,resolved
CASE-000574,ACCT-0072,2026-08-04,medium,3.8,19.65,resolved
CASE-000575,ACCT-0072,2026-08-09,low,4.5,23.15,resolved
CASE-000576,ACCT-0072,2026-09-24,low,3.1,16.15,resolved
CASE-000577,ACCT-0073,2026-07-06,low,6.8,32.8,resolved
CASE-000578,ACCT-0073,2026-07-11,medium,7.5,36.3,resolved
CASE-000579,ACCT-0073,2026-09-06,low,6.8,32.8,resolved
CASE-000580,ACCT-0073,2026-09-11,medium,7.5,36.3,resolved
CASE-000581,ACCT-0074,2026-06-13,low,0.5,4.45,resolved
CASE-000582,ACCT-0074,2026-07-13,low,0.5,4.45,resolved
CASE-000583,ACCT-0074,2026-07-18,medium,1.2,7.95,resolved
CASE-000584,ACCT-0074,2026-07-23,low,1.9,11.45,resolved
CASE-000585,ACCT-0074,2026-08-13,low,0.5,4.45,resolved
CASE-000586,ACCT-0074,2026-09-13,low,0.5,4.45,resolved
CASE-000587,ACCT-0074,2026-09-18,medium,1.2,7.95,resolved
CASE-000588,ACCT-0074,2026-09-23,low,1.9,11.45,resolved
CASE-000589,ACCT-0075,2026-06-20,low,4.2,21.1,resolved
CASE-000590,ACCT-0075,2026-06-25,medium,4.9,24.6,resolved
CASE-000591,ACCT-0075,2026-08-20,low,4.2,21.1,resolved
CASE-000592,ACCT-0075,2026-08-25,medium,4.9,24.6,resolved
CASE-000593,ACCT-0076,2026-06-02,critical,7.9,37.75,resolved
CASE-000594,ACCT-0076,2026-06-07,medium,8.6,41.25,resolved
CASE-000595,ACCT-0076,2026-06-12,low,9.3,44.75,resolved
CASE-000596,ACCT-0076,2026-06-17,medium,10.0,48.25,resolved
CASE-000597,ACCT-0076,2026-06-22,low,10.7,51.75,resolved
CASE-000598,ACCT-0076,2026-07-02,critical,7.9,37.75,resolved
CASE-000599,ACCT-0076,2026-07-07,medium,8.6,41.25,resolved
CASE-000600,ACCT-0076,2026-07-12,low,9.3,44.75,resolved
CASE-000601,ACCT-0076,2026-08-02,critical,7.9,37.75,resolved
CASE-000602,ACCT-0076,2026-08-07,medium,8.6,41.25,resolved
CASE-000603,ACCT-0076,2026-08-12,low,9.3,44.75,resolved
CASE-000604,ACCT-0076,2026-08-17,medium,10.0,48.25,resolved
CASE-000605,ACCT-0076,2026-08-22,low,10.7,51.75,resolved
CASE-000606,ACCT-0076,2026-09-02,critical,7.9,37.75,resolved
CASE-000607,ACCT-0076,2026-09-07,medium,8.6,41.25,resolved
CASE-000608,ACCT-0076,2026-09-12,low,9.3,44.75,resolved
CASE-000609,ACCT-0077,2026-07-09,low,1.6,9.4,resolved
CASE-000610,ACCT-0077,2026-07-14,medium,2.3,12.9,resolved
CASE-000611,ACCT-0077,2026-09-09,low,1.6,9.4,resolved
CASE-000612,ACCT-0077,2026-09-14,medium,2.3,12.9,resolved
CASE-000613,ACCT-0078,2026-06-16,low,5.3,26.05,resolved
CASE-000614,ACCT-0078,2026-07-16,low,5.3,26.05,resolved
CASE-000615,ACCT-0078,2026-07-21,medium,6.0,29.55,resolved
CASE-000616,ACCT-0078,2026-07-26,low,6.7,33.05,resolved
CASE-000617,ACCT-0078,2026-08-16,low,5.3,26.05,resolved
CASE-000618,ACCT-0078,2026-09-16,low,5.3,26.05,resolved
CASE-000619,ACCT-0078,2026-09-21,medium,6.0,29.55,resolved
CASE-000620,ACCT-0078,2026-09-26,low,6.7,33.05,resolved
CASE-000621,ACCT-0079,2026-06-23,high,9.0,42.7,resolved
CASE-000622,ACCT-0079,2026-06-03,medium,9.7,46.2,resolved
CASE-000623,ACCT-0079,2026-06-08,low,10.4,49.7,resolved
CASE-000624,ACCT-0079,2026-06-13,medium,11.1,53.2,resolved
CASE-000625,ACCT-0079,2026-07-23,high,9.0,42.7,resolved
CASE-000626,ACCT-0079,2026-07-03,medium,9.7,46.2,resolved
CASE-000627,ACCT-0079,2026-08-23,high,9.0,42.7,resolved
CASE-000628,ACCT-0079,2026-08-03,medium,9.7,46.2,resolved
CASE-000629,ACCT-0079,2026-08-08,low,10.4,49.7,resolved
CASE-000630,ACCT-0079,2026-08-13,medium,11.1,53.2,resolved
CASE-000631,ACCT-0079,2026-09-23,high,9.0,42.7,resolved
CASE-000632,ACCT-0079,2026-09-03,medium,9.7,46.2,resolved
CASE-000633,ACCT-0080,2026-06-05,low,2.7,14.35,resolved
CASE-000634,ACCT-0080,2026-06-10,medium,3.4,17.85,resolved
CASE-000635,ACCT-0080,2026-06-15,low,4.1,21.35,resolved
CASE-000636,ACCT-0080,2026-07-05,low,2.7,14.35,resolved
CASE-000637,ACCT-0080,2026-08-05,low,2.7,14.35,resolved
CASE-000638,ACCT-0080,2026-08-10,medium,3.4,17.85,resolved
CASE-000639,ACCT-0080,2026-08-15,low,4.1,21.35,resolved
CASE-000640,ACCT-0080,2026-09-05,low,2.7,14.35,resolved
CASE-000641,ACCT-0081,2026-07-12,low,6.4,31.0,resolved
CASE-000642,ACCT-0081,2026-07-17,medium,7.1,34.5,resolved
CASE-000643,ACCT-0081,2026-09-12,low,6.4,31.0,resolved
CASE-000644,ACCT-0081,2026-09-17,medium,7.1,34.5,resolved
CASE-000645,ACCT-0082,2026-06-19,high,10.1,47.65,resolved
CASE-000646,ACCT-0082,2026-06-24,medium,10.8,51.15,resolved
CASE-000647,ACCT-0082,2026-06-04,low,11.5,54.65,resolved
CASE-000648,ACCT-0082,2026-07-19,high,10.1,47.65,resolved
CASE-000649,ACCT-0082,2026-07-24,medium,10.8,51.15,resolved
CASE-000650,ACCT-0082,2026-07-04,low,11.5,54.65,resolved
CASE-000651,ACCT-0082,2026-07-09,medium,12.2,,open
CASE-000652,ACCT-0082,2026-07-14,low,12.9,61.65,resolved
CASE-000653,ACCT-0082,2026-08-19,high,10.1,47.65,resolved
CASE-000654,ACCT-0082,2026-08-24,medium,10.8,51.15,resolved
CASE-000655,ACCT-0082,2026-08-04,low,11.5,,open
CASE-000656,ACCT-0082,2026-09-19,high,10.1,47.65,resolved
CASE-000657,ACCT-0082,2026-09-24,medium,10.8,,open
CASE-000658,ACCT-0082,2026-09-04,low,11.5,54.65,resolved
CASE-000659,ACCT-0082,2026-09-09,medium,12.2,58.15,resolved
CASE-000660,ACCT-0082,2026-09-14,low,12.9,61.65,resolved
CASE-000661,ACCT-0083,2026-06-26,low,3.8,19.3,resolved
CASE-000662,ACCT-0083,2026-06-06,medium,4.5,22.8,resolved
CASE-000663,ACCT-0083,2026-08-26,low,3.8,19.3,resolved
CASE-000664,ACCT-0083,2026-08-06,medium,4.5,,open
CASE-000665,ACCT-0084,2026-06-08,high,7.5,35.95,resolved
CASE-000666,ACCT-0084,2026-06-13,medium,8.2,39.45,resolved
CASE-000667,ACCT-0084,2026-06-18,low,8.9,,open
CASE-000668,ACCT-0084,2026-07-08,high,7.5,35.95,resolved
CASE-000669,ACCT-0084,2026-08-08,high,7.5,,open
CASE-000670,ACCT-0084,2026-08-13,medium,8.2,39.45,resolved
CASE-000671,ACCT-0084,2026-08-18,low,8.9,42.95,resolved
CASE-000672,ACCT-0084,2026-09-08,high,7.5,35.95,resolved
CASE-000673,ACCT-0085,2026-07-15,low,1.2,,open
CASE-000674,ACCT-0085,2026-07-20,medium,1.9,11.1,resolved
CASE-000675,ACCT-0085,2026-09-15,low,1.2,7.6,resolved
CASE-000676,ACCT-0085,2026-09-20,medium,1.9,11.1,resolved
CASE-000677,ACCT-0086,2026-06-22,low,4.9,,open
CASE-000678,ACCT-0086,2026-07-22,low,4.9,24.25,resolved
CASE-000679,ACCT-0086,2026-07-02,medium,5.6,27.75,resolved
CASE-000680,ACCT-0086,2026-07-07,low,6.3,31.25,resolved
CASE-000681,ACCT-0086,2026-08-22,low,4.9,24.25,resolved
CASE-000682,ACCT-0086,2026-09-22,low,4.9,24.25,resolved
CASE-000683,ACCT-0086,2026-09-02,medium,5.6,27.75,resolved
CASE-000684,ACCT-0086,2026-09-07,low,6.3,31.25,resolved
CASE-000685,ACCT-0087,2026-06-04,high,8.6,40.9,resolved
CASE-000686,ACCT-0087,2026-06-09,medium,9.3,44.4,resolved
CASE-000687,ACCT-0087,2026-06-14,low,10.0,47.9,resolved
CASE-000688,ACCT-0087,2026-06-19,medium,10.7,51.4,resolved
CASE-000689,ACCT-0087,2026-07-04,high,8.6,40.9,resolved
CASE-000690,ACCT-0087,2026-07-09,medium,9.3,44.4,resolved
CASE-000691,ACCT-0087,2026-08-04,high,8.6,40.9,resolved
CASE-000692,ACCT-0087,2026-08-09,medium,9.3,44.4,resolved
CASE-000693,ACCT-0087,2026-08-14,low,10.0,47.9,resolved
CASE-000694,ACCT-0087,2026-08-19,medium,10.7,51.4,resolved
CASE-000695,ACCT-0087,2026-09-04,high,8.6,40.9,resolved
CASE-000696,ACCT-0087,2026-09-09,medium,9.3,44.4,resolved
CASE-000697,ACCT-0088,2026-06-11,low,2.3,12.55,resolved
CASE-000698,ACCT-0088,2026-06-16,medium,3.0,16.05,resolved
CASE-000699,ACCT-0088,2026-06-21,low,3.7,19.55,resolved
CASE-000700,ACCT-0088,2026-07-11,low,2.3,12.55,resolved
CASE-000701,ACCT-0088,2026-08-11,low,2.3,12.55,resolved
CASE-000702,ACCT-0088,2026-08-16,medium,3.0,16.05,resolved
CASE-000703,ACCT-0088,2026-08-21,low,3.7,19.55,resolved
CASE-000704,ACCT-0088,2026-09-11,low,2.3,12.55,resolved
CASE-000705,ACCT-0089,2026-07-18,low,6.0,29.2,resolved
CASE-000706,ACCT-0089,2026-07-23,medium,6.7,32.7,resolved
CASE-000707,ACCT-0089,2026-09-18,low,6.0,29.2,resolved
CASE-000708,ACCT-0089,2026-09-23,medium,6.7,32.7,resolved
CASE-000709,ACCT-0090,2026-06-25,high,9.7,45.85,resolved
CASE-000710,ACCT-0090,2026-06-05,medium,10.4,49.35,resolved
CASE-000711,ACCT-0090,2026-06-10,low,11.1,52.85,resolved
CASE-000712,ACCT-0090,2026-07-25,high,9.7,45.85,resolved
CASE-000713,ACCT-0090,2026-07-05,medium,10.4,49.35,resolved
CASE-000714,ACCT-0090,2026-07-10,low,11.1,52.85,resolved
CASE-000715,ACCT-0090,2026-07-15,medium,11.8,56.35,resolved
CASE-000716,ACCT-0090,2026-07-20,low,12.5,59.85,resolved
CASE-000717,ACCT-0090,2026-08-25,high,9.7,45.85,resolved
CASE-000718,ACCT-0090,2026-08-05,medium,10.4,49.35,resolved
CASE-000719,ACCT-0090,2026-08-10,low,11.1,52.85,resolved
CASE-000720,ACCT-0090,2026-09-25,high,9.7,45.85,resolved
CASE-000721,ACCT-0090,2026-09-05,medium,10.4,49.35,resolved
CASE-000722,ACCT-0090,2026-09-10,low,11.1,52.85,resolved
CASE-000723,ACCT-0090,2026-09-15,medium,11.8,56.35,resolved
CASE-000724,ACCT-0090,2026-09-20,low,12.5,59.85,resolved
CASE-000725,ACCT-0091,2026-06-07,low,3.4,17.5,resolved
CASE-000726,ACCT-0091,2026-06-12,medium,4.1,21.0,resolved
CASE-000727,ACCT-0091,2026-08-07,low,3.4,17.5,resolved
CASE-000728,ACCT-0091,2026-08-12,medium,4.1,21.0,resolved
CASE-000729,ACCT-0092,2026-06-14,low,7.1,34.15,resolved
CASE-000730,ACCT-0092,2026-06-19,medium,7.8,37.65,resolved
CASE-000731,ACCT-0092,2026-06-24,low,8.5,41.15,resolved
CASE-000732,ACCT-0092,2026-07-14,low,7.1,34.15,resolved
CASE-000733,ACCT-0092,2026-08-14,low,7.1,34.15,resolved
CASE-000734,ACCT-0092,2026-08-19,medium,7.8,37.65,resolved
CASE-000735,ACCT-0092,2026-08-24,low,8.5,41.15,resolved
CASE-000736,ACCT-0092,2026-09-14,low,7.1,34.15,resolved
CASE-000737,ACCT-0093,2026-07-21,low,0.8,5.8,resolved
CASE-000738,ACCT-0093,2026-07-26,medium,1.5,9.3,resolved
CASE-000739,ACCT-0093,2026-09-21,low,0.8,5.8,resolved
CASE-000740,ACCT-0093,2026-09-26,medium,1.5,9.3,resolved
CASE-000741,ACCT-0094,2026-06-03,low,4.5,22.45,resolved
CASE-000742,ACCT-0094,2026-07-03,low,4.5,22.45,resolved
CASE-000743,ACCT-0094,2026-07-08,medium,5.2,25.95,resolved
CASE-000744,ACCT-0094,2026-07-13,low,5.9,29.45,resolved
CASE-000745,ACCT-0094,2026-08-03,low,4.5,22.45,resolved
CASE-000746,ACCT-0094,2026-09-03,low,4.5,22.45,resolved
CASE-000747,ACCT-0094,2026-09-08,medium,5.2,25.95,resolved
CASE-000748,ACCT-0094,2026-09-13,low,5.9,29.45,resolved
CASE-000749,ACCT-0095,2026-06-10,high,8.2,39.1,resolved
CASE-000750,ACCT-0095,2026-06-15,medium,8.9,42.6,resolved
CASE-000751,ACCT-0095,2026-06-20,low,9.6,46.1,resolved
CASE-000752,ACCT-0095,2026-06-25,medium,10.3,49.6,resolved
CASE-000753,ACCT-0095,2026-07-10,high,8.2,39.1,resolved
CASE-000754,ACCT-0095,2026-07-15,medium,8.9,42.6,resolved
CASE-000755,ACCT-0095,2026-08-10,high,8.2,39.1,resolved
CASE-000756,ACCT-0095,2026-08-15,medium,8.9,42.6,resolved
CASE-000757,ACCT-0095,2026-08-20,low,9.6,46.1,resolved
CASE-000758,ACCT-0095,2026-08-25,medium,10.3,49.6,resolved
CASE-000759,ACCT-0095,2026-09-10,high,8.2,39.1,resolved
CASE-000760,ACCT-0095,2026-09-15,medium,8.9,42.6,resolved
CASE-000761,ACCT-0096,2026-06-17,low,1.9,10.75,resolved
CASE-000762,ACCT-0096,2026-06-22,medium,2.6,14.25,resolved
CASE-000763,ACCT-0096,2026-06-02,low,3.3,17.75,resolved
CASE-000764,ACCT-0096,2026-07-17,low,1.9,10.75,resolved
CASE-000765,ACCT-0096,2026-08-17,low,1.9,10.75,resolved
CASE-000766,ACCT-0096,2026-08-22,medium,2.6,14.25,resolved
CASE-000767,ACCT-0096,2026-08-02,low,3.3,17.75,resolved
CASE-000768,ACCT-0096,2026-09-17,low,1.9,10.75,resolved
CASE-000769,ACCT-0097,2026-07-24,low,5.6,27.4,resolved
CASE-000770,ACCT-0097,2026-07-04,medium,6.3,30.9,resolved
CASE-000771,ACCT-0097,2026-09-24,low,5.6,27.4,resolved
CASE-000772,ACCT-0097,2026-09-04,medium,6.3,30.9,resolved
CASE-000773,ACCT-0098,2026-06-06,high,9.3,44.05,resolved
CASE-000774,ACCT-0098,2026-06-11,medium,10.0,47.55,resolved
CASE-000775,ACCT-0098,2026-06-16,low,10.7,51.05,resolved
CASE-000776,ACCT-0098,2026-07-06,high,9.3,44.05,resolved
CASE-000777,ACCT-0098,2026-07-11,medium,10.0,47.55,resolved
CASE-000778,ACCT-0098,2026-07-16,low,10.7,51.05,resolved
CASE-000779,ACCT-0098,2026-07-21,medium,11.4,54.55,resolved
CASE-000780,ACCT-0098,2026-07-26,low,12.1,,open
CASE-000781,ACCT-0098,2026-08-06,high,9.3,44.05,resolved
CASE-000782,ACCT-0098,2026-08-11,medium,10.0,47.55,resolved
CASE-000783,ACCT-0098,2026-08-16,low,10.7,51.05,resolved
CASE-000784,ACCT-0098,2026-09-06,high,9.3,44.05,resolved
CASE-000785,ACCT-0098,2026-09-11,medium,10.0,47.55,resolved
CASE-000786,ACCT-0098,2026-09-16,low,10.7,,open
CASE-000787,ACCT-0098,2026-09-21,medium,11.4,54.55,resolved
CASE-000788,ACCT-0098,2026-09-26,low,12.1,58.05,resolved
CASE-000789,ACCT-0099,2026-06-13,low,3.0,15.7,resolved
CASE-000790,ACCT-0099,2026-06-18,medium,3.7,19.2,resolved
CASE-000791,ACCT-0099,2026-08-13,low,3.0,15.7,resolved
CASE-000792,ACCT-0099,2026-08-18,medium,3.7,19.2,resolved
CASE-000793,ACCT-0100,2026-06-20,low,6.7,32.35,resolved
CASE-000794,ACCT-0100,2026-06-25,medium,7.4,35.85,resolved
CASE-000795,ACCT-0100,2026-06-05,low,8.1,39.35,resolved
CASE-000796,ACCT-0100,2026-07-20,low,6.7,32.35,resolved
CASE-000797,ACCT-0100,2026-08-20,low,6.7,32.35,resolved
CASE-000798,ACCT-0100,2026-08-25,medium,7.4,,open
CASE-000799,ACCT-0100,2026-08-05,low,8.1,39.35,resolved
CASE-000800,ACCT-0100,2026-09-20,low,6.7,,open
CASE-000801,ACCT-0101,2026-07-02,low,0.4,4.0,resolved
CASE-000802,ACCT-0101,2026-07-07,medium,1.1,,open
CASE-000803,ACCT-0101,2026-09-02,low,0.4,4.0,resolved
CASE-000804,ACCT-0101,2026-09-07,medium,1.1,7.5,resolved
CASE-000805,ACCT-0102,2026-06-09,low,4.1,20.65,resolved
CASE-000806,ACCT-0102,2026-07-09,low,4.1,,open
CASE-000807,ACCT-0102,2026-07-14,medium,4.8,24.15,resolved
CASE-000808,ACCT-0102,2026-07-19,low,5.5,27.65,resolved
CASE-000809,ACCT-0102,2026-08-09,low,4.1,20.65,resolved
CASE-000810,ACCT-0102,2026-09-09,low,4.1,20.65,resolved
CASE-000811,ACCT-0102,2026-09-14,medium,4.8,24.15,resolved
CASE-000812,ACCT-0102,2026-09-19,low,5.5,27.65,resolved
CASE-000813,ACCT-0103,2026-06-16,high,7.8,,open
CASE-000814,ACCT-0103,2026-06-21,medium,8.5,40.8,resolved
CASE-000815,ACCT-0103,2026-08-16,high,7.8,37.3,resolved
CASE-000816,ACCT-0103,2026-08-21,medium,8.5,40.8,resolved
CASE-000817,ACCT-0104,2026-06-23,low,1.5,8.95,resolved
CASE-000818,ACCT-0104,2026-06-03,medium,2.2,12.45,resolved
CASE-000819,ACCT-0104,2026-06-08,low,2.9,15.95,resolved
CASE-000820,ACCT-0104,2026-07-23,low,1.5,8.95,resolved
CASE-000821,ACCT-0104,2026-08-23,low,1.5,8.95,resolved
CASE-000822,ACCT-0104,2026-08-03,medium,2.2,12.45,resolved
CASE-000823,ACCT-0104,2026-08-08,low,2.9,15.95,resolved
CASE-000824,ACCT-0104,2026-09-23,low,1.5,8.95,resolved
CASE-000825,ACCT-0105,2026-07-05,low,5.2,25.6,resolved
CASE-000826,ACCT-0105,2026-07-10,medium,5.9,29.1,resolved
CASE-000827,ACCT-0105,2026-09-05,low,5.2,25.6,resolved
CASE-000828,ACCT-0105,2026-09-10,medium,5.9,29.1,resolved
CASE-000829,ACCT-0106,2026-06-12,critical,8.9,42.25,resolved
CASE-000830,ACCT-0106,2026-06-17,medium,9.6,45.75,resolved
CASE-000831,ACCT-0106,2026-06-22,low,10.3,49.25,resolved
CASE-000832,ACCT-0106,2026-07-12,critical,8.9,42.25,resolved
CASE-000833,ACCT-0106,2026-07-17,medium,9.6,45.75,resolved
CASE-000834,ACCT-0106,2026-07-22,low,10.3,49.25,resolved
CASE-000835,ACCT-0106,2026-07-02,medium,11.0,52.75,resolved
CASE-000836,ACCT-0106,2026-07-07,low,11.7,56.25,resolved
CASE-000837,ACCT-0106,2026-08-12,critical,8.9,42.25,resolved
CASE-000838,ACCT-0106,2026-08-17,medium,9.6,45.75,resolved
CASE-000839,ACCT-0106,2026-08-22,low,10.3,49.25,resolved
CASE-000840,ACCT-0106,2026-09-12,critical,8.9,42.25,resolved
CASE-000841,ACCT-0106,2026-09-17,medium,9.6,45.75,resolved
CASE-000842,ACCT-0106,2026-09-22,low,10.3,49.25,resolved
CASE-000843,ACCT-0106,2026-09-02,medium,11.0,52.75,resolved
CASE-000844,ACCT-0106,2026-09-07,low,11.7,56.25,resolved
CASE-000845,ACCT-0107,2026-06-19,low,2.6,13.9,resolved
CASE-000846,ACCT-0107,2026-06-24,medium,3.3,17.4,resolved
CASE-000847,ACCT-0107,2026-08-19,low,2.6,13.9,resolved
CASE-000848,ACCT-0107,2026-08-24,medium,3.3,17.4,resolved
CASE-000849,ACCT-0108,2026-06-26,low,6.3,30.55,resolved
CASE-000850,ACCT-0108,2026-06-06,medium,7.0,34.05,resolved
CASE-000851,ACCT-0108,2026-06-11,low,7.7,37.55,resolved
CASE-000852,ACCT-0108,2026-07-26,low,6.3,30.55,resolved
CASE-000853,ACCT-0108,2026-08-26,low,6.3,30.55,resolved
CASE-000854,ACCT-0108,2026-08-06,medium,7.0,34.05,resolved
CASE-000855,ACCT-0108,2026-08-11,low,7.7,37.55,resolved
CASE-000856,ACCT-0108,2026-09-26,low,6.3,30.55,resolved
CASE-000857,ACCT-0109,2026-06-08,high,10.0,47.2,resolved
CASE-000858,ACCT-0109,2026-06-13,medium,10.7,50.7,resolved
CASE-000859,ACCT-0109,2026-07-08,high,10.0,47.2,resolved
CASE-000860,ACCT-0109,2026-07-13,medium,10.7,50.7,resolved
CASE-000861,ACCT-0109,2026-07-18,low,11.4,54.2,resolved
CASE-000862,ACCT-0109,2026-07-23,medium,12.1,57.7,resolved
CASE-000863,ACCT-0109,2026-08-08,high,10.0,47.2,resolved
CASE-000864,ACCT-0109,2026-08-13,medium,10.7,50.7,resolved
CASE-000865,ACCT-0109,2026-09-08,high,10.0,47.2,resolved
CASE-000866,ACCT-0109,2026-09-13,medium,10.7,50.7,resolved
CASE-000867,ACCT-0109,2026-09-18,low,11.4,54.2,resolved
CASE-000868,ACCT-0109,2026-09-23,medium,12.1,57.7,resolved
CASE-000869,ACCT-0110,2026-06-15,low,3.7,18.85,resolved
CASE-000870,ACCT-0110,2026-07-15,low,3.7,18.85,resolved
CASE-000871,ACCT-0110,2026-07-20,medium,4.4,22.35,resolved
CASE-000872,ACCT-0110,2026-07-25,low,5.1,25.85,resolved
CASE-000873,ACCT-0110,2026-08-15,low,3.7,18.85,resolved
CASE-000874,ACCT-0110,2026-09-15,low,3.7,18.85,resolved
CASE-000875,ACCT-0110,2026-09-20,medium,4.4,22.35,resolved
CASE-000876,ACCT-0110,2026-09-25,low,5.1,25.85,resolved
CASE-000877,ACCT-0111,2026-06-22,critical,7.4,35.5,resolved
CASE-000878,ACCT-0111,2026-06-02,medium,8.1,39.0,resolved
CASE-000879,ACCT-0111,2026-08-22,critical,7.4,35.5,resolved
CASE-000880,ACCT-0111,2026-08-02,medium,8.1,39.0,resolved
CASE-000881,ACCT-0112,2026-06-04,low,1.1,7.15,resolved
CASE-000882,ACCT-0112,2026-06-09,medium,1.8,10.65,resolved
CASE-000883,ACCT-0112,2026-06-14,low,2.5,14.15,resolved
CASE-000884,ACCT-0112,2026-07-04,low,1.1,7.15,resolved
CASE-000885,ACCT-0112,2026-08-04,low,1.1,7.15,resolved
CASE-000886,ACCT-0112,2026-08-09,medium,1.8,10.65,resolved
CASE-000887,ACCT-0112,2026-08-14,low,2.5,14.15,resolved
CASE-000888,ACCT-0112,2026-09-04,low,1.1,7.15,resolved
CASE-000889,ACCT-0113,2026-07-11,low,4.8,23.8,resolved
CASE-000890,ACCT-0113,2026-07-16,medium,5.5,27.3,resolved
CASE-000891,ACCT-0113,2026-09-11,low,4.8,23.8,resolved
CASE-000892,ACCT-0113,2026-09-16,medium,5.5,27.3,resolved
CASE-000893,ACCT-0114,2026-06-18,high,8.5,40.45,resolved
CASE-000894,ACCT-0114,2026-06-23,medium,9.2,43.95,resolved
CASE-000895,ACCT-0114,2026-06-03,low,9.9,47.45,resolved
CASE-000896,ACCT-0114,2026-07-18,high,8.5,40.45,resolved
CASE-000897,ACCT-0114,2026-07-23,medium,9.2,43.95,resolved
CASE-000898,ACCT-0114,2026-07-03,low,9.9,47.45,resolved
CASE-000899,ACCT-0114,2026-07-08,medium,10.6,50.95,resolved
CASE-000900,ACCT-0114,2026-07-13,low,11.3,54.45,resolved
CASE-000901,ACCT-0114,2026-08-18,high,8.5,40.45,resolved
CASE-000902,ACCT-0114,2026-08-23,medium,9.2,43.95,resolved
CASE-000903,ACCT-0114,2026-08-03,low,9.9,47.45,resolved
CASE-000904,ACCT-0114,2026-09-18,high,8.5,40.45,resolved
CASE-000905,ACCT-0114,2026-09-23,medium,9.2,43.95,resolved
CASE-000906,ACCT-0114,2026-09-03,low,9.9,47.45,resolved
CASE-000907,ACCT-0114,2026-09-08,medium,10.6,,open
CASE-000908,ACCT-0114,2026-09-13,low,11.3,54.45,resolved
CASE-000909,ACCT-0115,2026-06-25,low,2.2,12.1,resolved
CASE-000910,ACCT-0115,2026-06-05,medium,2.9,15.6,resolved
CASE-000911,ACCT-0115,2026-08-25,low,2.2,12.1,resolved
CASE-000912,ACCT-0115,2026-08-05,medium,2.9,15.6,resolved
CASE-000913,ACCT-0116,2026-06-07,low,5.9,28.75,resolved
CASE-000914,ACCT-0116,2026-06-12,medium,6.6,32.25,resolved
CASE-000915,ACCT-0116,2026-06-17,low,7.3,35.75,resolved
CASE-000916,ACCT-0116,2026-07-07,low,5.9,28.75,resolved
CASE-000917,ACCT-0116,2026-08-07,low,5.9,28.75,resolved
CASE-000918,ACCT-0116,2026-08-12,medium,6.6,32.25,resolved
CASE-000919,ACCT-0116,2026-08-17,low,7.3,,open
CASE-000920,ACCT-0116,2026-09-07,low,5.9,28.75,resolved
CASE-000921,ACCT-0117,2026-06-14,high,9.6,45.4,resolved
CASE-000922,ACCT-0117,2026-06-19,medium,10.3,48.9,resolved
CASE-000923,ACCT-0117,2026-07-14,high,9.6,45.4,resolved
CASE-000924,ACCT-0117,2026-07-19,medium,10.3,48.9,resolved
CASE-000925,ACCT-0117,2026-07-24,low,11.0,,open
CASE-000926,ACCT-0117,2026-07-04,medium,11.7,55.9,resolved
CASE-000927,ACCT-0117,2026-08-14,high,9.6,45.4,resolved
CASE-000928,ACCT-0117,2026-08-19,medium,10.3,,open
CASE-000929,ACCT-0117,2026-09-14,high,9.6,,open
CASE-000930,ACCT-0117,2026-09-19,medium,10.3,48.9,resolved
CASE-000931,ACCT-0117,2026-09-24,low,11.0,52.4,resolved
CASE-000932,ACCT-0117,2026-09-04,medium,11.7,55.9,resolved
CASE-000933,ACCT-0118,2026-06-21,low,3.3,17.05,resolved
CASE-000934,ACCT-0118,2026-07-21,low,3.3,17.05,resolved
CASE-000935,ACCT-0118,2026-07-26,medium,4.0,,open
CASE-000936,ACCT-0118,2026-07-06,low,4.7,24.05,resolved
CASE-000937,ACCT-0118,2026-08-21,low,3.3,,open
CASE-000938,ACCT-0118,2026-09-21,low,3.3,17.05,resolved
CASE-000939,ACCT-0118,2026-09-26,medium,4.0,20.55,resolved
CASE-000940,ACCT-0118,2026-09-06,low,4.7,24.05,resolved
CASE-000941,ACCT-0119,2026-06-03,low,7.0,33.7,resolved
CASE-000942,ACCT-0119,2026-06-08,medium,7.7,,open
CASE-000943,ACCT-0119,2026-08-03,low,7.0,33.7,resolved
CASE-000944,ACCT-0119,2026-08-08,medium,7.7,37.2,resolved
CASE-000945,ACCT-0120,2026-06-10,low,0.7,,open
CASE-000946,ACCT-0120,2026-06-15,medium,1.4,8.85,resolved
CASE-000947,ACCT-0120,2026-06-20,low,2.1,12.35,resolved
CASE-000948,ACCT-0120,2026-07-10,low,0.7,5.35,resolved
CASE-000949,ACCT-0120,2026-08-10,low,0.7,5.35,resolved
CASE-000950,ACCT-0120,2026-08-15,medium,1.4,8.85,resolved
CASE-000951,ACCT-0120,2026-08-20,low,2.1,12.35,resolved
CASE-000952,ACCT-0120,2026-09-10,low,0.7,5.35,resolved
CASE-000953,ACCT-0121,2026-07-17,low,4.4,22.0,resolved
CASE-000954,ACCT-0121,2026-07-22,medium,5.1,25.5,resolved
CASE-000955,ACCT-0121,2026-09-17,low,4.4,22.0,resolved
CASE-000956,ACCT-0121,2026-09-22,medium,5.1,25.5,resolved
CASE-000957,ACCT-0122,2026-06-24,high,8.1,38.65,resolved
CASE-000958,ACCT-0122,2026-06-04,medium,8.8,42.15,resolved
CASE-000959,ACCT-0122,2026-06-09,low,9.5,45.65,resolved
CASE-000960,ACCT-0122,2026-07-24,high,8.1,38.65,resolved
CASE-000961,ACCT-0122,2026-07-04,medium,8.8,42.15,resolved
CASE-000962,ACCT-0122,2026-07-09,low,9.5,45.65,resolved
CASE-000963,ACCT-0122,2026-07-14,medium,10.2,49.15,resolved
CASE-000964,ACCT-0122,2026-07-19,low,10.9,52.65,resolved
CASE-000965,ACCT-0122,2026-08-24,high,8.1,38.65,resolved
CASE-000966,ACCT-0122,2026-08-04,medium,8.8,42.15,resolved
CASE-000967,ACCT-0122,2026-08-09,low,9.5,45.65,resolved
CASE-000968,ACCT-0122,2026-09-24,high,8.1,38.65,resolved
CASE-000969,ACCT-0122,2026-09-04,medium,8.8,42.15,resolved
CASE-000970,ACCT-0122,2026-09-09,low,9.5,45.65,resolved
CASE-000971,ACCT-0122,2026-09-14,medium,10.2,49.15,resolved
CASE-000972,ACCT-0122,2026-09-19,low,10.9,52.65,resolved
CASE-000973,ACCT-0123,2026-06-06,low,1.8,10.3,resolved
CASE-000974,ACCT-0123,2026-06-11,medium,2.5,13.8,resolved
CASE-000975,ACCT-0123,2026-08-06,low,1.8,10.3,resolved
CASE-000976,ACCT-0123,2026-08-11,medium,2.5,13.8,resolved
CASE-000977,ACCT-0124,2026-06-13,low,5.5,26.95,resolved
CASE-000978,ACCT-0124,2026-06-18,medium,6.2,30.45,resolved
CASE-000979,ACCT-0124,2026-06-23,low,6.9,33.95,resolved
CASE-000980,ACCT-0124,2026-07-13,low,5.5,26.95,resolved
CASE-000981,ACCT-0124,2026-08-13,low,5.5,26.95,resolved
CASE-000982,ACCT-0124,2026-08-18,medium,6.2,30.45,resolved
CASE-000983,ACCT-0124,2026-08-23,low,6.9,33.95,resolved
CASE-000984,ACCT-0124,2026-09-13,low,5.5,26.95,resolved
CASE-000985,ACCT-0125,2026-06-20,high,9.2,43.6,resolved
CASE-000986,ACCT-0125,2026-06-25,medium,9.9,47.1,resolved
CASE-000987,ACCT-0125,2026-07-20,high,9.2,43.6,resolved
CASE-000988,ACCT-0125,2026-07-25,medium,9.9,47.1,resolved
CASE-000989,ACCT-0125,2026-07-05,low,10.6,50.6,resolved
CASE-000990,ACCT-0125,2026-07-10,medium,11.3,54.1,resolved
CASE-000991,ACCT-0125,2026-08-20,high,9.2,43.6,resolved
CASE-000992,ACCT-0125,2026-08-25,medium,9.9,47.1,resolved
CASE-000993,ACCT-0125,2026-09-20,high,9.2,43.6,resolved
CASE-000994,ACCT-0125,2026-09-25,medium,9.9,47.1,resolved
CASE-000995,ACCT-0125,2026-09-05,low,10.6,50.6,resolved
CASE-000996,ACCT-0125,2026-09-10,medium,11.3,54.1,resolved
CASE-000997,ACCT-0126,2026-06-02,low,2.9,15.25,resolved
CASE-000998,ACCT-0126,2026-07-02,low,2.9,15.25,resolved
CASE-000999,ACCT-0126,2026-07-07,medium,3.6,18.75,resolved
CASE-001000,ACCT-0126,2026-07-12,low,4.3,22.25,resolved
CASE-001001,ACCT-0126,2026-08-02,low,2.9,15.25,resolved
CASE-001002,ACCT-0126,2026-09-02,low,2.9,15.25,resolved
CASE-001003,ACCT-0126,2026-09-07,medium,3.6,18.75,resolved
CASE-001004,ACCT-0126,2026-09-12,low,4.3,22.25,resolved
CASE-001005,ACCT-0127,2026-06-09,low,6.6,31.9,resolved
CASE-001006,ACCT-0127,2026-06-14,medium,7.3,35.4,resolved
CASE-001007,ACCT-0127,2026-08-09,low,6.6,31.9,resolved
CASE-001008,ACCT-0127,2026-08-14,medium,7.3,35.4,resolved
CASE-001009,ACCT-0128,2026-06-16,high,10.3,48.55,resolved
CASE-001010,ACCT-0128,2026-06-21,medium,11.0,52.05,resolved
CASE-001011,ACCT-0128,2026-06-26,low,11.7,55.55,resolved
CASE-001012,ACCT-0128,2026-06-06,medium,12.4,59.05,resolved
CASE-001013,ACCT-0128,2026-06-11,low,13.1,62.55,resolved
CASE-001014,ACCT-0128,2026-07-16,high,10.3,48.55,resolved
CASE-001015,ACCT-0128,2026-07-21,medium,11.0,52.05,resolved
CASE-001016,ACCT-0128,2026-07-26,low,11.7,55.55,resolved
CASE-001017,ACCT-0128,2026-08-16,high,10.3,48.55,resolved
CASE-001018,ACCT-0128,2026-08-21,medium,11.0,52.05,resolved
CASE-001019,ACCT-0128,2026-08-26,low,11.7,55.55,resolved
CASE-001020,ACCT-0128,2026-08-06,medium,12.4,59.05,resolved
CASE-001021,ACCT-0128,2026-08-11,low,13.1,62.55,resolved
CASE-001022,ACCT-0128,2026-09-16,high,10.3,48.55,resolved
CASE-001023,ACCT-0128,2026-09-21,medium,11.0,52.05,resolved
CASE-001024,ACCT-0128,2026-09-26,low,11.7,55.55,resolved
CASE-001025,ACCT-0129,2026-07-23,low,4.0,20.2,resolved
CASE-001026,ACCT-0129,2026-07-03,medium,4.7,23.7,resolved
CASE-001027,ACCT-0129,2026-09-23,low,4.0,20.2,resolved
CASE-001028,ACCT-0129,2026-09-03,medium,4.7,23.7,resolved
CASE-001029,ACCT-0130,2026-06-05,high,7.7,36.85,resolved
CASE-001030,ACCT-0130,2026-07-05,high,7.7,36.85,resolved
CASE-001031,ACCT-0130,2026-07-10,medium,8.4,40.35,resolved
CASE-001032,ACCT-0130,2026-07-15,low,9.1,43.85,resolved
CASE-001033,ACCT-0130,2026-08-05,high,7.7,36.85,resolved
CASE-001034,ACCT-0130,2026-09-05,high,7.7,36.85,resolved
CASE-001035,ACCT-0130,2026-09-10,medium,8.4,40.35,resolved
CASE-001036,ACCT-0130,2026-09-15,low,9.1,43.85,resolved
CASE-001037,ACCT-0131,2026-06-12,low,1.4,8.5,resolved
CASE-001038,ACCT-0131,2026-06-17,medium,2.1,12.0,resolved
CASE-001039,ACCT-0131,2026-08-12,low,1.4,8.5,resolved
CASE-001040,ACCT-0131,2026-08-17,medium,2.1,12.0,resolved
CASE-001041,ACCT-0132,2026-06-19,low,5.1,25.15,resolved
CASE-001042,ACCT-0132,2026-06-24,medium,5.8,28.65,resolved
CASE-001043,ACCT-0132,2026-06-04,low,6.5,32.15,resolved
CASE-001044,ACCT-0132,2026-07-19,low,5.1,25.15,resolved
CASE-001045,ACCT-0132,2026-08-19,low,5.1,25.15,resolved
CASE-001046,ACCT-0132,2026-08-24,medium,5.8,28.65,resolved
CASE-001047,ACCT-0132,2026-08-04,low,6.5,32.15,resolved
CASE-001048,ACCT-0132,2026-09-19,low,5.1,25.15,resolved
CASE-001049,ACCT-0133,2026-06-26,high,8.8,41.8,resolved
CASE-001050,ACCT-0133,2026-06-06,medium,9.5,45.3,resolved
CASE-001051,ACCT-0133,2026-07-26,high,8.8,41.8,resolved
CASE-001052,ACCT-0133,2026-07-06,medium,9.5,45.3,resolved
CASE-001053,ACCT-0133,2026-07-11,low,10.2,48.8,resolved
CASE-001054,ACCT-0133,2026-07-16,medium,10.9,,open
CASE-001055,ACCT-0133,2026-08-26,high,8.8,41.8,resolved
CASE-001056,ACCT-0133,2026-08-06,medium,9.5,45.3,resolved
CASE-001057,ACCT-0133,2026-09-26,high,8.8,41.8,resolved
CASE-001058,ACCT-0133,2026-09-06,medium,9.5,,open
CASE-001059,ACCT-0133,2026-09-11,low,10.2,48.8,resolved
CASE-001060,ACCT-0133,2026-09-16,medium,10.9,52.3,resolved
CASE-001061,ACCT-0134,2026-06-08,low,2.5,13.45,resolved
CASE-001062,ACCT-0134,2026-07-08,low,2.5,13.45,resolved
CASE-001063,ACCT-0134,2026-07-13,medium,3.2,16.95,resolved
CASE-001064,ACCT-0134,2026-07-18,low,3.9,,open
CASE-001065,ACCT-0134,2026-08-08,low,2.5,13.45,resolved
CASE-001066,ACCT-0134,2026-09-08,low,2.5,,open
CASE-001067,ACCT-0134,2026-09-13,medium,3.2,16.95,resolved
CASE-001068,ACCT-0134,2026-09-18,low,3.9,20.45,resolved
CASE-001069,ACCT-0135,2026-06-15,low,6.2,30.1,resolved
CASE-001070,ACCT-0135,2026-06-20,medium,6.9,33.6,resolved
CASE-001071,ACCT-0135,2026-08-15,low,6.2,,open
CASE-001072,ACCT-0135,2026-08-20,medium,6.9,33.6,resolved
CASE-001073,ACCT-0136,2026-06-22,critical,9.9,46.75,resolved
CASE-001074,ACCT-0136,2026-06-02,medium,10.6,,open
CASE-001075,ACCT-0136,2026-06-07,low,11.3,53.75,resolved
CASE-001076,ACCT-0136,2026-06-12,medium,12.0,57.25,resolved
CASE-001077,ACCT-0136,2026-06-17,low,12.7,60.75,resolved
CASE-001078,ACCT-0136,2026-07-22,critical,9.9,,open
CASE-001079,ACCT-0136,2026-07-02,medium,10.6,50.25,resolved
CASE-001080,ACCT-0136,2026-07-07,low,11.3,53.75,resolved
CASE-001081,ACCT-0136,2026-08-22,critical,9.9,46.75,resolved
CASE-001082,ACCT-0136,2026-08-02,medium,10.6,50.25,resolved
CASE-001083,ACCT-0136,2026-08-07,low,11.3,53.75,resolved
CASE-001084,ACCT-0136,2026-08-12,medium,12.0,57.25,resolved
CASE-001085,ACCT-0136,2026-08-17,low,12.7,60.75,resolved
CASE-001086,ACCT-0136,2026-09-22,critical,9.9,46.75,resolved
CASE-001087,ACCT-0136,2026-09-02,medium,10.6,50.25,resolved
CASE-001088,ACCT-0136,2026-09-07,low,11.3,53.75,resolved
CASE-001089,ACCT-0137,2026-07-04,low,3.6,18.4,resolved
CASE-001090,ACCT-0137,2026-07-09,medium,4.3,21.9,resolved
CASE-001091,ACCT-0137,2026-09-04,low,3.6,18.4,resolved
CASE-001092,ACCT-0137,2026-09-09,medium,4.3,21.9,resolved
CASE-001093,ACCT-0138,2026-06-11,high,7.3,35.05,resolved
CASE-001094,ACCT-0138,2026-07-11,high,7.3,35.05,resolved
CASE-001095,ACCT-0138,2026-07-16,medium,8.0,38.55,resolved
CASE-001096,ACCT-0138,2026-07-21,low,8.7,42.05,resolved
CASE-001097,ACCT-0138,2026-08-11,high,7.3,35.05,resolved
CASE-001098,ACCT-0138,2026-09-11,high,7.3,35.05,resolved
CASE-001099,ACCT-0138,2026-09-16,medium,8.0,38.55,resolved
CASE-001100,ACCT-0138,2026-09-21,low,8.7,42.05,resolved
CASE-001101,ACCT-0139,2026-06-18,low,1.0,6.7,resolved
CASE-001102,ACCT-0139,2026-06-23,medium,1.7,10.2,resolved
CASE-001103,ACCT-0139,2026-08-18,low,1.0,6.7,resolved
CASE-001104,ACCT-0139,2026-08-23,medium,1.7,10.2,resolved
CASE-001105,ACCT-0140,2026-06-25,low,4.7,23.35,resolved
CASE-001106,ACCT-0140,2026-06-05,medium,5.4,26.85,resolved
CASE-001107,ACCT-0140,2026-06-10,low,6.1,30.35,resolved
CASE-001108,ACCT-0140,2026-07-25,low,4.7,23.35,resolved
CASE-001109,ACCT-0140,2026-08-25,low,4.7,23.35,resolved
CASE-001110,ACCT-0140,2026-08-05,medium,5.4,26.85,resolved
CASE-001111,ACCT-0140,2026-08-10,low,6.1,30.35,resolved
CASE-001112,ACCT-0140,2026-09-25,low,4.7,23.35,resolved
CASE-001113,ACCT-0141,2026-06-07,critical,8.4,40.0,resolved
CASE-001114,ACCT-0141,2026-06-12,medium,9.1,43.5,resolved
CASE-001115,ACCT-0141,2026-07-07,critical,8.4,40.0,resolved
CASE-001116,ACCT-0141,2026-07-12,medium,9.1,43.5,resolved
CASE-001117,ACCT-0141,2026-07-17,low,9.8,47.0,resolved
CASE-001118,ACCT-0141,2026-07-22,medium,10.5,50.5,resolved
CASE-001119,ACCT-0141,2026-08-07,critical,8.4,40.0,resolved
CASE-001120,ACCT-0141,2026-08-12,medium,9.1,43.5,resolved
CASE-001121,ACCT-0141,2026-09-07,critical,8.4,40.0,resolved
CASE-001122,ACCT-0141,2026-09-12,medium,9.1,43.5,resolved
CASE-001123,ACCT-0141,2026-09-17,low,9.8,47.0,resolved
CASE-001124,ACCT-0141,2026-09-22,medium,10.5,50.5,resolved
CASE-001125,ACCT-0142,2026-06-14,low,2.1,11.65,resolved
CASE-001126,ACCT-0142,2026-07-14,low,2.1,11.65,resolved
CASE-001127,ACCT-0142,2026-07-19,medium,2.8,15.15,resolved
CASE-001128,ACCT-0142,2026-07-24,low,3.5,18.65,resolved
CASE-001129,ACCT-0142,2026-08-14,low,2.1,11.65,resolved
CASE-001130,ACCT-0142,2026-09-14,low,2.1,11.65,resolved
CASE-001131,ACCT-0142,2026-09-19,medium,2.8,15.15,resolved
CASE-001132,ACCT-0142,2026-09-24,low,3.5,18.65,resolved
CASE-001133,ACCT-0143,2026-06-21,low,5.8,28.3,resolved
CASE-001134,ACCT-0143,2026-06-26,medium,6.5,31.8,resolved
CASE-001135,ACCT-0143,2026-08-21,low,5.8,28.3,resolved
CASE-001136,ACCT-0143,2026-08-26,medium,6.5,31.8,resolved
CASE-001137,ACCT-0144,2026-06-03,high,9.5,44.95,resolved
CASE-001138,ACCT-0144,2026-06-08,medium,10.2,48.45,resolved
CASE-001139,ACCT-0144,2026-06-13,low,10.9,51.95,resolved
CASE-001140,ACCT-0144,2026-06-18,medium,11.6,55.45,resolved
CASE-001141,ACCT-0144,2026-06-23,low,12.3,58.95,resolved
CASE-001142,ACCT-0144,2026-07-03,high,9.5,44.95,resolved
CASE-001143,ACCT-0144,2026-07-08,medium,10.2,48.45,resolved
CASE-001144,ACCT-0144,2026-07-13,low,10.9,51.95,resolved
CASE-001145,ACCT-0144,2026-08-03,high,9.5,44.95,resolved
CASE-001146,ACCT-0144,2026-08-08,medium,10.2,48.45,resolved
CASE-001147,ACCT-0144,2026-08-13,low,10.9,51.95,resolved
CASE-001148,ACCT-0144,2026-08-18,medium,11.6,55.45,resolved
CASE-001149,ACCT-0144,2026-08-23,low,12.3,58.95,resolved
CASE-001150,ACCT-0144,2026-09-03,high,9.5,44.95,resolved
CASE-001151,ACCT-0144,2026-09-08,medium,10.2,48.45,resolved
CASE-001152,ACCT-0144,2026-09-13,low,10.9,51.95,resolved
CASE-001153,ACCT-0145,2026-07-10,low,3.2,16.6,resolved
CASE-001154,ACCT-0145,2026-07-15,medium,3.9,20.1,resolved
CASE-001155,ACCT-0145,2026-09-10,low,3.2,16.6,resolved
CASE-001156,ACCT-0145,2026-09-15,medium,3.9,20.1,resolved
CASE-001157,ACCT-0146,2026-06-17,low,6.9,33.25,resolved
CASE-001158,ACCT-0146,2026-07-17,low,6.9,33.25,resolved
CASE-001159,ACCT-0146,2026-07-22,medium,7.6,36.75,resolved
CASE-001160,ACCT-0146,2026-07-02,low,8.3,40.25,resolved
CASE-001161,ACCT-0146,2026-08-17,low,6.9,33.25,resolved
CASE-001162,ACCT-0146,2026-09-17,low,6.9,33.25,resolved
CASE-001163,ACCT-0146,2026-09-22,medium,7.6,36.75,resolved
CASE-001164,ACCT-0146,2026-09-02,low,8.3,40.25,resolved
CASE-001165,ACCT-0147,2026-06-24,low,0.6,4.9,resolved
CASE-001166,ACCT-0147,2026-06-04,medium,1.3,8.4,resolved
CASE-001167,ACCT-0147,2026-08-24,low,0.6,4.9,resolved
CASE-001168,ACCT-0147,2026-08-04,medium,1.3,8.4,resolved
CASE-001169,ACCT-0148,2026-06-06,low,4.3,21.55,resolved
CASE-001170,ACCT-0148,2026-06-11,medium,5.0,25.05,resolved
CASE-001171,ACCT-0148,2026-06-16,low,5.7,28.55,resolved
CASE-001172,ACCT-0148,2026-07-06,low,4.3,21.55,resolved
CASE-001173,ACCT-0148,2026-08-06,low,4.3,21.55,resolved
CASE-001174,ACCT-0148,2026-08-11,medium,5.0,25.05,resolved
CASE-001175,ACCT-0148,2026-08-16,low,5.7,28.55,resolved
CASE-001176,ACCT-0148,2026-09-06,low,4.3,21.55,resolved
CASE-001177,ACCT-0149,2026-06-13,high,8.0,38.2,resolved
CASE-001178,ACCT-0149,2026-06-18,medium,8.7,41.7,resolved
CASE-001179,ACCT-0149,2026-07-13,high,8.0,38.2,resolved
CASE-001180,ACCT-0149,2026-07-18,medium,8.7,41.7,resolved
CASE-001181,ACCT-0149,2026-07-23,low,9.4,45.2,resolved
CASE-001182,ACCT-0149,2026-07-03,medium,10.1,48.7,resolved
CASE-001183,ACCT-0149,2026-08-13,high,8.0,38.2,resolved
CASE-001184,ACCT-0149,2026-08-18,medium,8.7,41.7,resolved
CASE-001185,ACCT-0149,2026-09-13,high,8.0,38.2,resolved
CASE-001186,ACCT-0149,2026-09-18,medium,8.7,41.7,resolved
CASE-001187,ACCT-0149,2026-09-23,low,9.4,,open
CASE-001188,ACCT-0149,2026-09-03,medium,10.1,48.7,resolved
CASE-001189,ACCT-0150,2026-06-20,low,1.7,9.85,resolved
CASE-001190,ACCT-0150,2026-07-20,low,1.7,9.85,resolved
CASE-001191,ACCT-0150,2026-07-25,medium,2.4,13.35,resolved
CASE-001192,ACCT-0150,2026-07-05,low,3.1,16.85,resolved
CASE-001193,ACCT-0150,2026-08-20,low,1.7,9.85,resolved
CASE-001194,ACCT-0150,2026-09-20,low,1.7,9.85,resolved
CASE-001195,ACCT-0150,2026-09-25,medium,2.4,,open
CASE-001196,ACCT-0150,2026-09-05,low,3.1,16.85,resolved
CASE-001197,ACCT-0151,2026-06-02,low,5.4,26.5,resolved
CASE-001198,ACCT-0151,2026-06-07,medium,6.1,30.0,resolved
CASE-001199,ACCT-0151,2026-08-02,low,5.4,26.5,resolved
CASE-001200,ACCT-0151,2026-08-07,medium,6.1,,open
CASE-001201,ACCT-0152,2026-06-09,high,9.1,43.15,resolved
CASE-001202,ACCT-0152,2026-06-14,medium,9.8,46.65,resolved
CASE-001203,ACCT-0152,2026-06-19,low,10.5,,open
CASE-001204,ACCT-0152,2026-06-24,medium,11.2,53.65,resolved
CASE-001205,ACCT-0152,2026-06-04,low,11.9,57.15,resolved
CASE-001206,ACCT-0152,2026-07-09,high,9.1,43.15,resolved
CASE-001207,ACCT-0152,2026-07-14,medium,9.8,,open
CASE-001208,ACCT-0152,2026-07-19,low,10.5,50.15,resolved
CASE-001209,ACCT-0152,2026-08-09,high,9.1,,open
CASE-001210,ACCT-0152,2026-08-14,medium,9.8,46.65,resolved
CASE-001211,ACCT-0152,2026-08-19,low,10.5,50.15,resolved
CASE-001212,ACCT-0152,2026-08-24,medium,11.2,53.65,resolved
CASE-001213,ACCT-0152,2026-08-04,low,11.9,57.15,resolved
CASE-001214,ACCT-0152,2026-09-09,high,9.1,43.15,resolved
CASE-001215,ACCT-0152,2026-09-14,medium,9.8,46.65,resolved
CASE-001216,ACCT-0152,2026-09-19,low,10.5,50.15,resolved
CASE-001217,ACCT-0153,2026-07-16,low,2.8,,open
CASE-001218,ACCT-0153,2026-07-21,medium,3.5,18.3,resolved
CASE-001219,ACCT-0153,2026-09-16,low,2.8,14.8,resolved
CASE-001220,ACCT-0153,2026-09-21,medium,3.5,18.3,resolved
CASE-001221,ACCT-0154,2026-06-23,low,6.5,,open
CASE-001222,ACCT-0154,2026-07-23,low,6.5,31.45,resolved
CASE-001223,ACCT-0154,2026-07-03,medium,7.2,34.95,resolved
CASE-001224,ACCT-0154,2026-07-08,low,7.9,38.45,resolved
CASE-001225,ACCT-0154,2026-08-23,low,6.5,31.45,resolved
CASE-001226,ACCT-0154,2026-09-23,low,6.5,31.45,resolved
CASE-001227,ACCT-0154,2026-09-03,medium,7.2,34.95,resolved
CASE-001228,ACCT-0154,2026-09-08,low,7.9,38.45,resolved
CASE-001229,ACCT-0155,2026-06-05,high,10.2,48.1,resolved
CASE-001230,ACCT-0155,2026-06-10,medium,10.9,51.6,resolved
CASE-001231,ACCT-0155,2026-06-15,low,11.6,55.1,resolved
CASE-001232,ACCT-0155,2026-06-20,medium,12.3,58.6,resolved
CASE-001233,ACCT-0155,2026-07-05,high,10.2,48.1,resolved
CASE-001234,ACCT-0155,2026-07-10,medium,10.9,51.6,resolved
CASE-001235,ACCT-0155,2026-08-05,high,10.2,48.1,resolved
CASE-001236,ACCT-0155,2026-08-10,medium,10.9,51.6,resolved
CASE-001237,ACCT-0155,2026-08-15,low,11.6,55.1,resolved
CASE-001238,ACCT-0155,2026-08-20,medium,12.3,58.6,resolved
CASE-001239,ACCT-0155,2026-09-05,high,10.2,48.1,resolved
CASE-001240,ACCT-0155,2026-09-10,medium,10.9,51.6,resolved
CASE-001241,ACCT-0156,2026-06-12,low,3.9,19.75,resolved
CASE-001242,ACCT-0156,2026-06-17,medium,4.6,23.25,resolved
CASE-001243,ACCT-0156,2026-06-22,low,5.3,26.75,resolved
CASE-001244,ACCT-0156,2026-07-12,low,3.9,19.75,resolved
CASE-001245,ACCT-0156,2026-08-12,low,3.9,19.75,resolved
CASE-001246,ACCT-0156,2026-08-17,medium,4.6,23.25,resolved
CASE-001247,ACCT-0156,2026-08-22,low,5.3,26.75,resolved
CASE-001248,ACCT-0156,2026-09-12,low,3.9,19.75,resolved
CASE-001249,ACCT-0157,2026-07-19,high,7.6,36.4,resolved
CASE-001250,ACCT-0157,2026-07-24,medium,8.3,39.9,resolved
CASE-001251,ACCT-0157,2026-09-19,high,7.6,36.4,resolved
CASE-001252,ACCT-0157,2026-09-24,medium,8.3,39.9,resolved
CASE-001253,ACCT-0158,2026-06-26,low,1.3,8.05,resolved
CASE-001254,ACCT-0158,2026-07-26,low,1.3,8.05,resolved
CASE-001255,ACCT-0158,2026-07-06,medium,2.0,11.55,resolved
CASE-001256,ACCT-0158,2026-07-11,low,2.7,15.05,resolved
CASE-001257,ACCT-0158,2026-08-26,low,1.3,8.05,resolved
CASE-001258,ACCT-0158,2026-09-26,low,1.3,8.05,resolved
CASE-001259,ACCT-0158,2026-09-06,medium,2.0,11.55,resolved
CASE-001260,ACCT-0158,2026-09-11,low,2.7,15.05,resolved
CASE-001261,ACCT-0159,2026-06-08,low,5.0,24.7,resolved
CASE-001262,ACCT-0159,2026-06-13,medium,5.7,28.2,resolved
CASE-001263,ACCT-0159,2026-08-08,low,5.0,24.7,resolved
CASE-001264,ACCT-0159,2026-08-13,medium,5.7,28.2,resolved
CASE-001265,ACCT-0160,2026-06-15,high,8.7,41.35,resolved
CASE-001266,ACCT-0160,2026-06-20,medium,9.4,44.85,resolved
CASE-001267,ACCT-0160,2026-06-25,low,10.1,48.35,resolved
CASE-001268,ACCT-0160,2026-06-05,medium,10.8,51.85,resolved
CASE-001269,ACCT-0160,2026-06-10,low,11.5,55.35,resolved
CASE-001270,ACCT-0160,2026-07-15,high,8.7,41.35,resolved
CASE-001271,ACCT-0160,2026-07-20,medium,9.4,44.85,resolved
CASE-001272,ACCT-0160,2026-07-25,low,10.1,48.35,resolved
CASE-001273,ACCT-0160,2026-08-15,high,8.7,41.35,resolved
CASE-001274,ACCT-0160,2026-08-20,medium,9.4,44.85,resolved
CASE-001275,ACCT-0160,2026-08-25,low,10.1,48.35,resolved
CASE-001276,ACCT-0160,2026-08-05,medium,10.8,51.85,resolved
CASE-001277,ACCT-0160,2026-08-10,low,11.5,55.35,resolved
CASE-001278,ACCT-0160,2026-09-15,high,8.7,41.35,resolved
CASE-001279,ACCT-0160,2026-09-20,medium,9.4,44.85,resolved
CASE-001280,ACCT-0160,2026-09-25,low,10.1,48.35,resolved
CASE-001281,ACCT-0161,2026-07-22,low,2.4,13.0,resolved
CASE-001282,ACCT-0161,2026-07-02,medium,3.1,16.5,resolved
CASE-001283,ACCT-0161,2026-09-22,low,2.4,13.0,resolved
CASE-001284,ACCT-0161,2026-09-02,medium,3.1,16.5,resolved
CASE-001285,ACCT-0162,2026-06-04,low,6.1,29.65,resolved
CASE-001286,ACCT-0162,2026-07-04,low,6.1,29.65,resolved
CASE-001287,ACCT-0162,2026-07-09,medium,6.8,33.15,resolved
CASE-001288,ACCT-0162,2026-07-14,low,7.5,36.65,resolved
CASE-001289,ACCT-0162,2026-08-04,low,6.1,29.65,resolved
CASE-001290,ACCT-0162,2026-09-04,low,6.1,29.65,resolved
CASE-001291,ACCT-0162,2026-09-09,medium,6.8,33.15,resolved
CASE-001292,ACCT-0162,2026-09-14,low,7.5,36.65,resolved
CASE-001293,ACCT-0163,2026-06-11,high,9.8,46.3,resolved
CASE-001294,ACCT-0163,2026-06-16,medium,10.5,49.8,resolved
CASE-001295,ACCT-0163,2026-06-21,low,11.2,53.3,resolved
CASE-001296,ACCT-0163,2026-06-26,medium,11.9,56.8,resolved
CASE-001297,ACCT-0163,2026-07-11,high,9.8,46.3,resolved
CASE-001298,ACCT-0163,2026-07-16,medium,10.5,49.8,resolved
CASE-001299,ACCT-0163,2026-08-11,high,9.8,46.3,resolved
CASE-001300,ACCT-0163,2026-08-16,medium,10.5,49.8,resolved
CASE-001301,ACCT-0163,2026-08-21,low,11.2,53.3,resolved
CASE-001302,ACCT-0163,2026-08-26,medium,11.9,56.8,resolved
CASE-001303,ACCT-0163,2026-09-11,high,9.8,46.3,resolved
CASE-001304,ACCT-0163,2026-09-16,medium,10.5,49.8,resolved
CASE-001305,ACCT-0164,2026-06-18,low,3.5,17.95,resolved
CASE-001306,ACCT-0164,2026-06-23,medium,4.2,21.45,resolved
CASE-001307,ACCT-0164,2026-06-03,low,4.9,24.95,resolved
CASE-001308,ACCT-0164,2026-07-18,low,3.5,17.95,resolved
CASE-001309,ACCT-0164,2026-08-18,low,3.5,17.95,resolved
CASE-001310,ACCT-0164,2026-08-23,medium,4.2,21.45,resolved
CASE-001311,ACCT-0164,2026-08-03,low,4.9,24.95,resolved
CASE-001312,ACCT-0164,2026-09-18,low,3.5,17.95,resolved
CASE-001313,ACCT-0165,2026-07-25,low,7.2,34.6,resolved
CASE-001314,ACCT-0165,2026-07-05,medium,7.9,38.1,resolved
CASE-001315,ACCT-0165,2026-09-25,low,7.2,34.6,resolved
CASE-001316,ACCT-0165,2026-09-05,medium,7.9,38.1,resolved
CASE-001317,ACCT-0166,2026-06-07,low,0.9,6.25,resolved
CASE-001318,ACCT-0166,2026-07-07,low,0.9,6.25,resolved
CASE-001319,ACCT-0166,2026-07-12,medium,1.6,9.75,resolved
CASE-001320,ACCT-0166,2026-07-17,low,2.3,13.25,resolved
CASE-001321,ACCT-0166,2026-08-07,low,0.9,6.25,resolved
CASE-001322,ACCT-0166,2026-09-07,low,0.9,6.25,resolved
CASE-001323,ACCT-0166,2026-09-12,medium,1.6,9.75,resolved
CASE-001324,ACCT-0166,2026-09-17,low,2.3,,open
CASE-001325,ACCT-0167,2026-06-14,low,4.6,22.9,resolved
CASE-001326,ACCT-0167,2026-06-19,medium,5.3,26.4,resolved
CASE-001327,ACCT-0167,2026-08-14,low,4.6,22.9,resolved
CASE-001328,ACCT-0167,2026-08-19,medium,5.3,26.4,resolved
CASE-001329,ACCT-0168,2026-06-21,high,8.3,39.55,resolved
CASE-001330,ACCT-0168,2026-06-26,medium,9.0,43.05,resolved
CASE-001331,ACCT-0168,2026-06-06,low,9.7,46.55,resolved
CASE-001332,ACCT-0168,2026-06-11,medium,10.4,,open
CASE-001333,ACCT-0168,2026-06-16,low,11.1,53.55,resolved
CASE-001334,ACCT-0168,2026-07-21,high,8.3,39.55,resolved
CASE-001335,ACCT-0168,2026-07-26,medium,9.0,43.05,resolved
CASE-001336,ACCT-0168,2026-07-06,low,9.7,,open
CASE-001337,ACCT-0168,2026-08-21,high,8.3,39.55,resolved
CASE-001338,ACCT-0168,2026-08-26,medium,9.0,,open
CASE-001339,ACCT-0168,2026-08-06,low,9.7,46.55,resolved
CASE-001340,ACCT-0168,2026-08-11,medium,10.4,50.05,resolved
CASE-001341,ACCT-0168,2026-08-16,low,11.1,53.55,resolved
CASE-001342,ACCT-0168,2026-09-21,high,8.3,,open
CASE-001343,ACCT-0168,2026-09-26,medium,9.0,43.05,resolved
CASE-001344,ACCT-0168,2026-09-06,low,9.7,46.55,resolved
CASE-001345,ACCT-0169,2026-07-03,low,2.0,11.2,resolved
CASE-001346,ACCT-0169,2026-07-08,medium,2.7,,open
CASE-001347,ACCT-0169,2026-09-03,low,2.0,11.2,resolved
CASE-001348,ACCT-0169,2026-09-08,medium,2.7,14.7,resolved
CASE-001349,ACCT-0170,2026-06-10,low,5.7,27.85,resolved
CASE-001350,ACCT-0170,2026-07-10,low,5.7,,open
CASE-001351,ACCT-0170,2026-07-15,medium,6.4,31.35,resolved
CASE-001352,ACCT-0170,2026-07-20,low,7.1,34.85,resolved
CASE-001353,ACCT-0170,2026-08-10,low,5.7,27.85,resolved
CASE-001354,ACCT-0170,2026-09-10,low,5.7,27.85,resolved
CASE-001355,ACCT-0170,2026-09-15,medium,6.4,31.35,resolved
CASE-001356,ACCT-0170,2026-09-20,low,7.1,34.85,resolved
CASE-001357,ACCT-0171,2026-06-17,critical,9.4,,open
CASE-001358,ACCT-0171,2026-06-22,medium,10.1,48.0,resolved
CASE-001359,ACCT-0171,2026-06-02,low,10.8,51.5,resolved
CASE-001360,ACCT-0171,2026-06-07,medium,11.5,55.0,resolved
CASE-001361,ACCT-0171,2026-07-17,critical,9.4,44.5,resolved
CASE-001362,ACCT-0171,2026-07-22,medium,10.1,48.0,resolved
CASE-001363,ACCT-0171,2026-08-17,critical,9.4,44.5,resolved
CASE-001364,ACCT-0171,2026-08-22,medium,10.1,48.0,resolved
CASE-001365,ACCT-0171,2026-08-02,low,10.8,51.5,resolved
CASE-001366,ACCT-0171,2026-08-07,medium,11.5,55.0,resolved
CASE-001367,ACCT-0171,2026-09-17,critical,9.4,44.5,resolved
CASE-001368,ACCT-0171,2026-09-22,medium,10.1,48.0,resolved
CASE-001369,ACCT-0172,2026-06-24,low,3.1,16.15,resolved
CASE-001370,ACCT-0172,2026-06-04,medium,3.8,19.65,resolved
CASE-001371,ACCT-0172,2026-06-09,low,4.5,23.15,resolved
CASE-001372,ACCT-0172,2026-07-24,low,3.1,16.15,resolved
CASE-001373,ACCT-0172,2026-08-24,low,3.1,16.15,resolved
CASE-001374,ACCT-0172,2026-08-04,medium,3.8,19.65,resolved
CASE-001375,ACCT-0172,2026-08-09,low,4.5,23.15,resolved
CASE-001376,ACCT-0172,2026-09-24,low,3.1,16.15,resolved
CASE-001377,ACCT-0173,2026-07-06,low,6.8,32.8,resolved
CASE-001378,ACCT-0173,2026-07-11,medium,7.5,36.3,resolved
CASE-001379,ACCT-0173,2026-09-06,low,6.8,32.8,resolved
CASE-001380,ACCT-0173,2026-09-11,medium,7.5,36.3,resolved
CASE-001381,ACCT-0174,2026-06-13,low,0.5,4.45,resolved
CASE-001382,ACCT-0174,2026-07-13,low,0.5,4.45,resolved
CASE-001383,ACCT-0174,2026-07-18,medium,1.2,7.95,resolved
CASE-001384,ACCT-0174,2026-07-23,low,1.9,11.45,resolved
CASE-001385,ACCT-0174,2026-08-13,low,0.5,4.45,resolved
CASE-001386,ACCT-0174,2026-09-13,low,0.5,4.45,resolved
CASE-001387,ACCT-0174,2026-09-18,medium,1.2,7.95,resolved
CASE-001388,ACCT-0174,2026-09-23,low,1.9,11.45,resolved
CASE-001389,ACCT-0175,2026-06-20,low,4.2,21.1,resolved
CASE-001390,ACCT-0175,2026-06-25,medium,4.9,24.6,resolved
CASE-001391,ACCT-0175,2026-08-20,low,4.2,21.1,resolved
CASE-001392,ACCT-0175,2026-08-25,medium,4.9,24.6,resolved
CASE-001393,ACCT-0176,2026-06-02,critical,7.9,37.75,resolved
CASE-001394,ACCT-0176,2026-06-07,medium,8.6,41.25,resolved
CASE-001395,ACCT-0176,2026-06-12,low,9.3,44.75,resolved
CASE-001396,ACCT-0176,2026-06-17,medium,10.0,48.25,resolved
CASE-001397,ACCT-0176,2026-06-22,low,10.7,51.75,resolved
CASE-001398,ACCT-0176,2026-07-02,critical,7.9,37.75,resolved
CASE-001399,ACCT-0176,2026-07-07,medium,8.6,41.25,resolved
CASE-001400,ACCT-0176,2026-07-12,low,9.3,44.75,resolved
CASE-001401,ACCT-0176,2026-08-02,critical,7.9,37.75,resolved
CASE-001402,ACCT-0176,2026-08-07,medium,8.6,41.25,resolved
CASE-001403,ACCT-0176,2026-08-12,low,9.3,44.75,resolved
CASE-001404,ACCT-0176,2026-08-17,medium,10.0,48.25,resolved
CASE-001405,ACCT-0176,2026-08-22,low,10.7,51.75,resolved
CASE-001406,ACCT-0176,2026-09-02,critical,7.9,37.75,resolved
CASE-001407,ACCT-0176,2026-09-07,medium,8.6,41.25,resolved
CASE-001408,ACCT-0176,2026-09-12,low,9.3,44.75,resolved
CASE-001409,ACCT-0177,2026-07-09,low,1.6,9.4,resolved
CASE-001410,ACCT-0177,2026-07-14,medium,2.3,12.9,resolved
CASE-001411,ACCT-0177,2026-09-09,low,1.6,9.4,resolved
CASE-001412,ACCT-0177,2026-09-14,medium,2.3,12.9,resolved
CASE-001413,ACCT-0178,2026-06-16,low,5.3,26.05,resolved
CASE-001414,ACCT-0178,2026-07-16,low,5.3,26.05,resolved
CASE-001415,ACCT-0178,2026-07-21,medium,6.0,29.55,resolved
CASE-001416,ACCT-0178,2026-07-26,low,6.7,33.05,resolved
CASE-001417,ACCT-0178,2026-08-16,low,5.3,26.05,resolved
CASE-001418,ACCT-0178,2026-09-16,low,5.3,26.05,resolved
CASE-001419,ACCT-0178,2026-09-21,medium,6.0,29.55,resolved
CASE-001420,ACCT-0178,2026-09-26,low,6.7,33.05,resolved
CASE-001421,ACCT-0179,2026-06-23,high,9.0,42.7,resolved
CASE-001422,ACCT-0179,2026-06-03,medium,9.7,46.2,resolved
CASE-001423,ACCT-0179,2026-06-08,low,10.4,49.7,resolved
CASE-001424,ACCT-0179,2026-06-13,medium,11.1,53.2,resolved
CASE-001425,ACCT-0179,2026-07-23,high,9.0,42.7,resolved
CASE-001426,ACCT-0179,2026-07-03,medium,9.7,46.2,resolved
CASE-001427,ACCT-0179,2026-08-23,high,9.0,42.7,resolved
CASE-001428,ACCT-0179,2026-08-03,medium,9.7,46.2,resolved
CASE-001429,ACCT-0179,2026-08-08,low,10.4,49.7,resolved
CASE-001430,ACCT-0179,2026-08-13,medium,11.1,53.2,resolved
CASE-001431,ACCT-0179,2026-09-23,high,9.0,42.7,resolved
CASE-001432,ACCT-0179,2026-09-03,medium,9.7,46.2,resolved
CASE-001433,ACCT-0180,2026-06-05,low,2.7,14.35,resolved
CASE-001434,ACCT-0180,2026-06-10,medium,3.4,17.85,resolved
CASE-001435,ACCT-0180,2026-06-15,low,4.1,21.35,resolved
CASE-001436,ACCT-0180,2026-07-05,low,2.7,14.35,resolved
CASE-001437,ACCT-0180,2026-08-05,low,2.7,14.35,resolved
CASE-001438,ACCT-0180,2026-08-10,medium,3.4,17.85,resolved
CASE-001439,ACCT-0180,2026-08-15,low,4.1,21.35,resolved
CASE-001440,ACCT-0180,2026-09-05,low,2.7,14.35,resolved
CASE-001441,ACCT-0181,2026-07-12,low,6.4,31.0,resolved
CASE-001442,ACCT-0181,2026-07-17,medium,7.1,34.5,resolved
CASE-001443,ACCT-0181,2026-09-12,low,6.4,31.0,resolved
CASE-001444,ACCT-0181,2026-09-17,medium,7.1,34.5,resolved
CASE-001445,ACCT-0182,2026-06-19,high,10.1,47.65,resolved
CASE-001446,ACCT-0182,2026-06-24,medium,10.8,51.15,resolved
CASE-001447,ACCT-0182,2026-06-04,low,11.5,54.65,resolved
CASE-001448,ACCT-0182,2026-07-19,high,10.1,47.65,resolved
CASE-001449,ACCT-0182,2026-07-24,medium,10.8,51.15,resolved
CASE-001450,ACCT-0182,2026-07-04,low,11.5,54.65,resolved
CASE-001451,ACCT-0182,2026-07-09,medium,12.2,58.15,resolved
CASE-001452,ACCT-0182,2026-07-14,low,12.9,61.65,resolved
CASE-001453,ACCT-0182,2026-08-19,high,10.1,47.65,resolved
CASE-001454,ACCT-0182,2026-08-24,medium,10.8,51.15,resolved
CASE-001455,ACCT-0182,2026-08-04,low,11.5,54.65,resolved
CASE-001456,ACCT-0182,2026-09-19,high,10.1,47.65,resolved
CASE-001457,ACCT-0182,2026-09-24,medium,10.8,51.15,resolved
CASE-001458,ACCT-0182,2026-09-04,low,11.5,54.65,resolved
CASE-001459,ACCT-0182,2026-09-09,medium,12.2,,open
CASE-001460,ACCT-0182,2026-09-14,low,12.9,61.65,resolved
CASE-001461,ACCT-0183,2026-06-26,low,3.8,19.3,resolved
CASE-001462,ACCT-0183,2026-06-06,medium,4.5,22.8,resolved
CASE-001463,ACCT-0183,2026-08-26,low,3.8,19.3,resolved
CASE-001464,ACCT-0183,2026-08-06,medium,4.5,22.8,resolved
CASE-001465,ACCT-0184,2026-06-08,high,7.5,35.95,resolved
CASE-001466,ACCT-0184,2026-06-13,medium,8.2,39.45,resolved
CASE-001467,ACCT-0184,2026-06-18,low,8.9,42.95,resolved
CASE-001468,ACCT-0184,2026-07-08,high,7.5,35.95,resolved
CASE-001469,ACCT-0184,2026-08-08,high,7.5,35.95,resolved
CASE-001470,ACCT-0184,2026-08-13,medium,8.2,39.45,resolved
CASE-001471,ACCT-0184,2026-08-18,low,8.9,,open
CASE-001472,ACCT-0184,2026-09-08,high,7.5,35.95,resolved
CASE-001473,ACCT-0185,2026-07-15,low,1.2,7.6,resolved
CASE-001474,ACCT-0185,2026-07-20,medium,1.9,11.1,resolved
CASE-001475,ACCT-0185,2026-09-15,low,1.2,,open
CASE-001476,ACCT-0185,2026-09-20,medium,1.9,11.1,resolved
CASE-001477,ACCT-0186,2026-06-22,low,4.9,24.25,resolved
CASE-001478,ACCT-0186,2026-07-22,low,4.9,24.25,resolved
CASE-001479,ACCT-0186,2026-07-02,medium,5.6,,open
CASE-001480,ACCT-0186,2026-07-07,low,6.3,31.25,resolved
CASE-001481,ACCT-0186,2026-08-22,low,4.9,,open
CASE-001482,ACCT-0186,2026-09-22,low,4.9,24.25,resolved
CASE-001483,ACCT-0186,2026-09-02,medium,5.6,27.75,resolved
CASE-001484,ACCT-0186,2026-09-07,low,6.3,31.25,resolved
CASE-001485,ACCT-0187,2026-06-04,high,8.6,40.9,resolved
CASE-001486,ACCT-0187,2026-06-09,medium,9.3,,open
CASE-001487,ACCT-0187,2026-06-14,low,10.0,47.9,resolved
CASE-001488,ACCT-0187,2026-06-19,medium,10.7,51.4,resolved
CASE-001489,ACCT-0187,2026-07-04,high,8.6,,open
CASE-001490,ACCT-0187,2026-07-09,medium,9.3,44.4,resolved
CASE-001491,ACCT-0187,2026-08-04,high,8.6,40.9,resolved
CASE-001492,ACCT-0187,2026-08-09,medium,9.3,44.4,resolved
CASE-001493,ACCT-0187,2026-08-14,low,10.0,47.9,resolved
CASE-001494,ACCT-0187,2026-08-19,medium,10.7,51.4,resolved
CASE-001495,ACCT-0187,2026-09-04,high,8.6,40.9,resolved
CASE-001496,ACCT-0187,2026-09-09,medium,9.3,44.4,resolved
CASE-001497,ACCT-0188,2026-06-11,low,2.3,,open
CASE-001498,ACCT-0188,2026-06-16,medium,3.0,16.05,resolved
CASE-001499,ACCT-0188,2026-06-21,low,3.7,19.55,resolved
CASE-001500,ACCT-0188,2026-07-11,low,2.3,12.55,resolved
CASE-001501,ACCT-0188,2026-08-11,low,2.3,12.55,resolved
CASE-001502,ACCT-0188,2026-08-16,medium,3.0,16.05,resolved
CASE-001503,ACCT-0188,2026-08-21,low,3.7,19.55,resolved
CASE-001504,ACCT-0188,2026-09-11,low,2.3,12.55,resolved
CASE-001505,ACCT-0189,2026-07-18,low,6.0,29.2,resolved
CASE-001506,ACCT-0189,2026-07-23,medium,6.7,32.7,resolved
CASE-001507,ACCT-0189,2026-09-18,low,6.0,29.2,resolved
CASE-001508,ACCT-0189,2026-09-23,medium,6.7,32.7,resolved
CASE-001509,ACCT-0190,2026-06-25,high,9.7,45.85,resolved
CASE-001510,ACCT-0190,2026-06-05,medium,10.4,49.35,resolved
CASE-001511,ACCT-0190,2026-06-10,low,11.1,52.85,resolved
CASE-001512,ACCT-0190,2026-07-25,high,9.7,45.85,resolved
CASE-001513,ACCT-0190,2026-07-05,medium,10.4,49.35,resolved
CASE-001514,ACCT-0190,2026-07-10,low,11.1,52.85,resolved
CASE-001515,ACCT-0190,2026-07-15,medium,11.8,56.35,resolved
CASE-001516,ACCT-0190,2026-07-20,low,12.5,59.85,resolved
CASE-001517,ACCT-0190,2026-08-25,high,9.7,45.85,resolved
CASE-001518,ACCT-0190,2026-08-05,medium,10.4,49.35,resolved
CASE-001519,ACCT-0190,2026-08-10,low,11.1,52.85,resolved
CASE-001520,ACCT-0190,2026-09-25,high,9.7,45.85,resolved
CASE-001521,ACCT-0190,2026-09-05,medium,10.4,49.35,resolved
CASE-001522,ACCT-0190,2026-09-10,low,11.1,52.85,resolved
CASE-001523,ACCT-0190,2026-09-15,medium,11.8,56.35,resolved
CASE-001524,ACCT-0190,2026-09-20,low,12.5,59.85,resolved
CASE-001525,ACCT-0191,2026-06-07,low,3.4,17.5,resolved
CASE-001526,ACCT-0191,2026-06-12,medium,4.1,21.0,resolved
CASE-001527,ACCT-0191,2026-08-07,low,3.4,17.5,resolved
CASE-001528,ACCT-0191,2026-08-12,medium,4.1,21.0,resolved
CASE-001529,ACCT-0192,2026-06-14,low,7.1,34.15,resolved
CASE-001530,ACCT-0192,2026-06-19,medium,7.8,37.65,resolved
CASE-001531,ACCT-0192,2026-06-24,low,8.5,41.15,resolved
CASE-001532,ACCT-0192,2026-07-14,low,7.1,34.15,resolved
CASE-001533,ACCT-0192,2026-08-14,low,7.1,34.15,resolved
CASE-001534,ACCT-0192,2026-08-19,medium,7.8,37.65,resolved
CASE-001535,ACCT-0192,2026-08-24,low,8.5,41.15,resolved
CASE-001536,ACCT-0192,2026-09-14,low,7.1,34.15,resolved
CASE-001537,ACCT-0193,2026-07-21,low,0.8,5.8,resolved
CASE-001538,ACCT-0193,2026-07-26,medium,1.5,9.3,resolved
CASE-001539,ACCT-0193,2026-09-21,low,0.8,5.8,resolved
CASE-001540,ACCT-0193,2026-09-26,medium,1.5,9.3,resolved
CASE-001541,ACCT-0194,2026-06-03,low,4.5,22.45,resolved
CASE-001542,ACCT-0194,2026-07-03,low,4.5,22.45,resolved
CASE-001543,ACCT-0194,2026-07-08,medium,5.2,25.95,resolved
CASE-001544,ACCT-0194,2026-07-13,low,5.9,29.45,resolved
CASE-001545,ACCT-0194,2026-08-03,low,4.5,22.45,resolved
CASE-001546,ACCT-0194,2026-09-03,low,4.5,22.45,resolved
CASE-001547,ACCT-0194,2026-09-08,medium,5.2,25.95,resolved
CASE-001548,ACCT-0194,2026-09-13,low,5.9,29.45,resolved
CASE-001549,ACCT-0195,2026-06-10,high,8.2,39.1,resolved
CASE-001550,ACCT-0195,2026-06-15,medium,8.9,42.6,resolved
CASE-001551,ACCT-0195,2026-06-20,low,9.6,46.1,resolved
CASE-001552,ACCT-0195,2026-06-25,medium,10.3,49.6,resolved
CASE-001553,ACCT-0195,2026-07-10,high,8.2,39.1,resolved
CASE-001554,ACCT-0195,2026-07-15,medium,8.9,42.6,resolved
CASE-001555,ACCT-0195,2026-08-10,high,8.2,39.1,resolved
CASE-001556,ACCT-0195,2026-08-15,medium,8.9,42.6,resolved
CASE-001557,ACCT-0195,2026-08-20,low,9.6,46.1,resolved
CASE-001558,ACCT-0195,2026-08-25,medium,10.3,49.6,resolved
CASE-001559,ACCT-0195,2026-09-10,high,8.2,39.1,resolved
CASE-001560,ACCT-0195,2026-09-15,medium,8.9,42.6,resolved
CASE-001561,ACCT-0196,2026-06-17,low,1.9,10.75,resolved
CASE-001562,ACCT-0196,2026-06-22,medium,2.6,14.25,resolved
CASE-001563,ACCT-0196,2026-06-02,low,3.3,17.75,resolved
CASE-001564,ACCT-0196,2026-07-17,low,1.9,10.75,resolved
CASE-001565,ACCT-0196,2026-08-17,low,1.9,10.75,resolved
CASE-001566,ACCT-0196,2026-08-22,medium,2.6,14.25,resolved
CASE-001567,ACCT-0196,2026-08-02,low,3.3,17.75,resolved
CASE-001568,ACCT-0196,2026-09-17,low,1.9,10.75,resolved
CASE-001569,ACCT-0197,2026-07-24,low,5.6,27.4,resolved
CASE-001570,ACCT-0197,2026-07-04,medium,6.3,30.9,resolved
CASE-001571,ACCT-0197,2026-09-24,low,5.6,27.4,resolved
CASE-001572,ACCT-0197,2026-09-04,medium,6.3,30.9,resolved
CASE-001573,ACCT-0198,2026-06-06,high,9.3,44.05,resolved
CASE-001574,ACCT-0198,2026-06-11,medium,10.0,47.55,resolved
CASE-001575,ACCT-0198,2026-06-16,low,10.7,51.05,resolved
CASE-001576,ACCT-0198,2026-07-06,high,9.3,44.05,resolved
CASE-001577,ACCT-0198,2026-07-11,medium,10.0,47.55,resolved
CASE-001578,ACCT-0198,2026-07-16,low,10.7,51.05,resolved
CASE-001579,ACCT-0198,2026-07-21,medium,11.4,54.55,resolved
CASE-001580,ACCT-0198,2026-07-26,low,12.1,58.05,resolved
CASE-001581,ACCT-0198,2026-08-06,high,9.3,44.05,resolved
CASE-001582,ACCT-0198,2026-08-11,medium,10.0,47.55,resolved
CASE-001583,ACCT-0198,2026-08-16,low,10.7,51.05,resolved
CASE-001584,ACCT-0198,2026-09-06,high,9.3,44.05,resolved
CASE-001585,ACCT-0198,2026-09-11,medium,10.0,47.55,resolved
CASE-001586,ACCT-0198,2026-09-16,low,10.7,51.05,resolved
CASE-001587,ACCT-0198,2026-09-21,medium,11.4,54.55,resolved
CASE-001588,ACCT-0198,2026-09-26,low,12.1,,open
CASE-001589,ACCT-0199,2026-06-13,low,3.0,15.7,resolved
CASE-001590,ACCT-0199,2026-06-18,medium,3.7,19.2,resolved
CASE-001591,ACCT-0199,2026-08-13,low,3.0,15.7,resolved
CASE-001592,ACCT-0199,2026-08-18,medium,3.7,19.2,resolved
CASE-001593,ACCT-0200,2026-06-20,low,6.7,32.35,resolved
CASE-001594,ACCT-0200,2026-06-25,medium,7.4,35.85,resolved
CASE-001595,ACCT-0200,2026-06-05,low,8.1,39.35,resolved
CASE-001596,ACCT-0200,2026-07-20,low,6.7,32.35,resolved
CASE-001597,ACCT-0200,2026-08-20,low,6.7,32.35,resolved
CASE-001598,ACCT-0200,2026-08-25,medium,7.4,35.85,resolved
CASE-001599,ACCT-0200,2026-08-05,low,8.1,39.35,resolved
CASE-001600,ACCT-0200,2026-09-20,low,6.7,32.35,resolved
CASE-001601,ACCT-0201,2026-07-02,low,0.4,4.0,resolved
CASE-001602,ACCT-0201,2026-07-07,medium,1.1,7.5,resolved
CASE-001603,ACCT-0201,2026-09-02,low,0.4,4.0,resolved
CASE-001604,ACCT-0201,2026-09-07,medium,1.1,,open
CASE-001605,ACCT-0202,2026-06-09,low,4.1,20.65,resolved
CASE-001606,ACCT-0202,2026-07-09,low,4.1,20.65,resolved
CASE-001607,ACCT-0202,2026-07-14,medium,4.8,24.15,resolved
CASE-001608,ACCT-0202,2026-07-19,low,5.5,,open
CASE-001609,ACCT-0202,2026-08-09,low,4.1,20.65,resolved
CASE-001610,ACCT-0202,2026-09-09,low,4.1,,open
CASE-001611,ACCT-0202,2026-09-14,medium,4.8,24.15,resolved
CASE-001612,ACCT-0202,2026-09-19,low,5.5,27.65,resolved
CASE-001613,ACCT-0203,2026-06-16,high,7.8,37.3,resolved
CASE-001614,ACCT-0203,2026-06-21,medium,8.5,40.8,resolved
CASE-001615,ACCT-0203,2026-08-16,high,7.8,,open
CASE-001616,ACCT-0203,2026-08-21,medium,8.5,40.8,resolved
CASE-001617,ACCT-0204,2026-06-23,low,1.5,8.95,resolved
CASE-001618,ACCT-0204,2026-06-03,medium,2.2,,open
CASE-001619,ACCT-0204,2026-06-08,low,2.9,15.95,resolved
CASE-001620,ACCT-0204,2026-07-23,low,1.5,,open
CASE-001621,ACCT-0204,2026-08-23,low,1.5,8.95,resolved
CASE-001622,ACCT-0204,2026-08-03,medium,2.2,12.45,resolved
CASE-001623,ACCT-0204,2026-08-08,low,2.9,15.95,resolved
CASE-001624,ACCT-0204,2026-09-23,low,1.5,8.95,resolved
CASE-001625,ACCT-0205,2026-07-05,low,5.2,25.6,resolved
CASE-001626,ACCT-0205,2026-07-10,medium,5.9,29.1,resolved
CASE-001627,ACCT-0205,2026-09-05,low,5.2,25.6,resolved
CASE-001628,ACCT-0205,2026-09-10,medium,5.9,29.1,resolved
CASE-001629,ACCT-0206,2026-06-12,critical,8.9,42.25,resolved
CASE-001630,ACCT-0206,2026-06-17,medium,9.6,45.75,resolved
CASE-001631,ACCT-0206,2026-06-22,low,10.3,49.25,resolved
CASE-001632,ACCT-0206,2026-07-12,critical,8.9,42.25,resolved
CASE-001633,ACCT-0206,2026-07-17,medium,9.6,45.75,resolved
CASE-001634,ACCT-0206,2026-07-22,low,10.3,49.25,resolved
CASE-001635,ACCT-0206,2026-07-02,medium,11.0,52.75,resolved
CASE-001636,ACCT-0206,2026-07-07,low,11.7,56.25,resolved
CASE-001637,ACCT-0206,2026-08-12,critical,8.9,42.25,resolved
CASE-001638,ACCT-0206,2026-08-17,medium,9.6,45.75,resolved
CASE-001639,ACCT-0206,2026-08-22,low,10.3,49.25,resolved
CASE-001640,ACCT-0206,2026-09-12,critical,8.9,42.25,resolved
CASE-001641,ACCT-0206,2026-09-17,medium,9.6,45.75,resolved
CASE-001642,ACCT-0206,2026-09-22,low,10.3,49.25,resolved
CASE-001643,ACCT-0206,2026-09-02,medium,11.0,52.75,resolved
CASE-001644,ACCT-0206,2026-09-07,low,11.7,56.25,resolved
CASE-001645,ACCT-0207,2026-06-19,low,2.6,13.9,resolved
CASE-001646,ACCT-0207,2026-06-24,medium,3.3,17.4,resolved
CASE-001647,ACCT-0207,2026-08-19,low,2.6,13.9,resolved
CASE-001648,ACCT-0207,2026-08-24,medium,3.3,17.4,resolved
CASE-001649,ACCT-0208,2026-06-26,low,6.3,30.55,resolved
CASE-001650,ACCT-0208,2026-06-06,medium,7.0,34.05,resolved
CASE-001651,ACCT-0208,2026-06-11,low,7.7,37.55,resolved
CASE-001652,ACCT-0208,2026-07-26,low,6.3,30.55,resolved
CASE-001653,ACCT-0208,2026-08-26,low,6.3,30.55,resolved
CASE-001654,ACCT-0208,2026-08-06,medium,7.0,34.05,resolved
CASE-001655,ACCT-0208,2026-08-11,low,7.7,37.55,resolved
CASE-001656,ACCT-0208,2026-09-26,low,6.3,30.55,resolved
CASE-001657,ACCT-0209,2026-06-08,high,10.0,47.2,resolved
CASE-001658,ACCT-0209,2026-06-13,medium,10.7,50.7,resolved
CASE-001659,ACCT-0209,2026-07-08,high,10.0,47.2,resolved
CASE-001660,ACCT-0209,2026-07-13,medium,10.7,50.7,resolved
CASE-001661,ACCT-0209,2026-07-18,low,11.4,54.2,resolved
CASE-001662,ACCT-0209,2026-07-23,medium,12.1,57.7,resolved
CASE-001663,ACCT-0209,2026-08-08,high,10.0,47.2,resolved
CASE-001664,ACCT-0209,2026-08-13,medium,10.7,50.7,resolved
CASE-001665,ACCT-0209,2026-09-08,high,10.0,47.2,resolved
CASE-001666,ACCT-0209,2026-09-13,medium,10.7,50.7,resolved
CASE-001667,ACCT-0209,2026-09-18,low,11.4,54.2,resolved
CASE-001668,ACCT-0209,2026-09-23,medium,12.1,57.7,resolved
CASE-001669,ACCT-0210,2026-06-15,low,3.7,18.85,resolved
CASE-001670,ACCT-0210,2026-07-15,low,3.7,18.85,resolved
CASE-001671,ACCT-0210,2026-07-20,medium,4.4,22.35,resolved
CASE-001672,ACCT-0210,2026-07-25,low,5.1,25.85,resolved
CASE-001673,ACCT-0210,2026-08-15,low,3.7,18.85,resolved
CASE-001674,ACCT-0210,2026-09-15,low,3.7,18.85,resolved
CASE-001675,ACCT-0210,2026-09-20,medium,4.4,22.35,resolved
CASE-001676,ACCT-0210,2026-09-25,low,5.1,25.85,resolved
CASE-001677,ACCT-0211,2026-06-22,critical,7.4,35.5,resolved
CASE-001678,ACCT-0211,2026-06-02,medium,8.1,39.0,resolved
CASE-001679,ACCT-0211,2026-08-22,critical,7.4,35.5,resolved
CASE-001680,ACCT-0211,2026-08-02,medium,8.1,39.0,resolved
CASE-001681,ACCT-0212,2026-06-04,low,1.1,7.15,resolved
CASE-001682,ACCT-0212,2026-06-09,medium,1.8,10.65,resolved
CASE-001683,ACCT-0212,2026-06-14,low,2.5,14.15,resolved
CASE-001684,ACCT-0212,2026-07-04,low,1.1,7.15,resolved
CASE-001685,ACCT-0212,2026-08-04,low,1.1,7.15,resolved
CASE-001686,ACCT-0212,2026-08-09,medium,1.8,10.65,resolved
CASE-001687,ACCT-0212,2026-08-14,low,2.5,14.15,resolved
CASE-001688,ACCT-0212,2026-09-04,low,1.1,7.15,resolved
CASE-001689,ACCT-0213,2026-07-11,low,4.8,23.8,resolved
CASE-001690,ACCT-0213,2026-07-16,medium,5.5,27.3,resolved
CASE-001691,ACCT-0213,2026-09-11,low,4.8,23.8,resolved
CASE-001692,ACCT-0213,2026-09-16,medium,5.5,27.3,resolved
CASE-001693,ACCT-0214,2026-06-18,high,8.5,40.45,resolved
CASE-001694,ACCT-0214,2026-06-23,medium,9.2,43.95,resolved
CASE-001695,ACCT-0214,2026-06-03,low,9.9,47.45,resolved
CASE-001696,ACCT-0214,2026-07-18,high,8.5,40.45,resolved
CASE-001697,ACCT-0214,2026-07-23,medium,9.2,43.95,resolved
CASE-001698,ACCT-0214,2026-07-03,low,9.9,47.45,resolved
CASE-001699,ACCT-0214,2026-07-08,medium,10.6,50.95,resolved
CASE-001700,ACCT-0214,2026-07-13,low,11.3,54.45,resolved
CASE-001701,ACCT-0214,2026-08-18,high,8.5,40.45,resolved
CASE-001702,ACCT-0214,2026-08-23,medium,9.2,43.95,resolved
CASE-001703,ACCT-0214,2026-08-03,low,9.9,47.45,resolved
CASE-001704,ACCT-0214,2026-09-18,high,8.5,40.45,resolved
CASE-001705,ACCT-0214,2026-09-23,medium,9.2,43.95,resolved
CASE-001706,ACCT-0214,2026-09-03,low,9.9,47.45,resolved
CASE-001707,ACCT-0214,2026-09-08,medium,10.6,50.95,resolved
CASE-001708,ACCT-0214,2026-09-13,low,11.3,54.45,resolved
CASE-001709,ACCT-0215,2026-06-25,low,2.2,12.1,resolved
CASE-001710,ACCT-0215,2026-06-05,medium,2.9,15.6,resolved
CASE-001711,ACCT-0215,2026-08-25,low,2.2,12.1,resolved
CASE-001712,ACCT-0215,2026-08-05,medium,2.9,15.6,resolved
CASE-001713,ACCT-0216,2026-06-07,low,5.9,28.75,resolved
CASE-001714,ACCT-0216,2026-06-12,medium,6.6,32.25,resolved
CASE-001715,ACCT-0216,2026-06-17,low,7.3,35.75,resolved
CASE-001716,ACCT-0216,2026-07-07,low,5.9,28.75,resolved
CASE-001717,ACCT-0216,2026-08-07,low,5.9,28.75,resolved
CASE-001718,ACCT-0216,2026-08-12,medium,6.6,32.25,resolved
CASE-001719,ACCT-0216,2026-08-17,low,7.3,35.75,resolved
CASE-001720,ACCT-0216,2026-09-07,low,5.9,28.75,resolved
CASE-001721,ACCT-0217,2026-06-14,high,9.6,45.4,resolved
CASE-001722,ACCT-0217,2026-06-19,medium,10.3,48.9,resolved
CASE-001723,ACCT-0217,2026-07-14,high,9.6,45.4,resolved
CASE-001724,ACCT-0217,2026-07-19,medium,10.3,48.9,resolved
CASE-001725,ACCT-0217,2026-07-24,low,11.0,52.4,resolved
CASE-001726,ACCT-0217,2026-07-04,medium,11.7,55.9,resolved
CASE-001727,ACCT-0217,2026-08-14,high,9.6,45.4,resolved
CASE-001728,ACCT-0217,2026-08-19,medium,10.3,48.9,resolved
CASE-001729,ACCT-0217,2026-09-14,high,9.6,45.4,resolved
CASE-001730,ACCT-0217,2026-09-19,medium,10.3,48.9,resolved
CASE-001731,ACCT-0217,2026-09-24,low,11.0,,open
CASE-001732,ACCT-0217,2026-09-04,medium,11.7,55.9,resolved
CASE-001733,ACCT-0218,2026-06-21,low,3.3,17.05,resolved
CASE-001734,ACCT-0218,2026-07-21,low,3.3,17.05,resolved
CASE-001735,ACCT-0218,2026-07-26,medium,4.0,20.55,resolved
CASE-001736,ACCT-0218,2026-07-06,low,4.7,24.05,resolved
CASE-001737,ACCT-0218,2026-08-21,low,3.3,17.05,resolved
CASE-001738,ACCT-0218,2026-09-21,low,3.3,17.05,resolved
CASE-001739,ACCT-0218,2026-09-26,medium,4.0,,open
CASE-001740,ACCT-0218,2026-09-06,low,4.7,24.05,resolved
CASE-001741,ACCT-0219,2026-06-03,low,7.0,33.7,resolved
CASE-001742,ACCT-0219,2026-06-08,medium,7.7,37.2,resolved
CASE-001743,ACCT-0219,2026-08-03,low,7.0,33.7,resolved
CASE-001744,ACCT-0219,2026-08-08,medium,7.7,,open
CASE-001745,ACCT-0220,2026-06-10,low,0.7,5.35,resolved
CASE-001746,ACCT-0220,2026-06-15,medium,1.4,8.85,resolved
CASE-001747,ACCT-0220,2026-06-20,low,2.1,,open
CASE-001748,ACCT-0220,2026-07-10,low,0.7,5.35,resolved
CASE-001749,ACCT-0220,2026-08-10,low,0.7,,open
CASE-001750,ACCT-0220,2026-08-15,medium,1.4,8.85,resolved
CASE-001751,ACCT-0220,2026-08-20,low,2.1,12.35,resolved
CASE-001752,ACCT-0220,2026-09-10,low,0.7,5.35,resolved
CASE-001753,ACCT-0221,2026-07-17,low,4.4,,open
CASE-001754,ACCT-0221,2026-07-22,medium,5.1,25.5,resolved
CASE-001755,ACCT-0221,2026-09-17,low,4.4,22.0,resolved
CASE-001756,ACCT-0221,2026-09-22,medium,5.1,25.5,resolved
CASE-001757,ACCT-0222,2026-06-24,high,8.1,,open
CASE-001758,ACCT-0222,2026-06-04,medium,8.8,42.15,resolved
CASE-001759,ACCT-0222,2026-06-09,low,9.5,45.65,resolved
CASE-001760,ACCT-0222,2026-07-24,high,8.1,38.65,resolved
CASE-001761,ACCT-0222,2026-07-04,medium,8.8,42.15,resolved
CASE-001762,ACCT-0222,2026-07-09,low,9.5,45.65,resolved
CASE-001763,ACCT-0222,2026-07-14,medium,10.2,49.15,resolved
CASE-001764,ACCT-0222,2026-07-19,low,10.9,52.65,resolved
CASE-001765,ACCT-0222,2026-08-24,high,8.1,38.65,resolved
CASE-001766,ACCT-0222,2026-08-04,medium,8.8,42.15,resolved
CASE-001767,ACCT-0222,2026-08-09,low,9.5,45.65,resolved
CASE-001768,ACCT-0222,2026-09-24,high,8.1,38.65,resolved
CASE-001769,ACCT-0222,2026-09-04,medium,8.8,42.15,resolved
CASE-001770,ACCT-0222,2026-09-09,low,9.5,45.65,resolved
CASE-001771,ACCT-0222,2026-09-14,medium,10.2,49.15,resolved
CASE-001772,ACCT-0222,2026-09-19,low,10.9,52.65,resolved
CASE-001773,ACCT-0223,2026-06-06,low,1.8,10.3,resolved
CASE-001774,ACCT-0223,2026-06-11,medium,2.5,13.8,resolved
CASE-001775,ACCT-0223,2026-08-06,low,1.8,10.3,resolved
CASE-001776,ACCT-0223,2026-08-11,medium,2.5,13.8,resolved
CASE-001777,ACCT-0224,2026-06-13,low,5.5,26.95,resolved
CASE-001778,ACCT-0224,2026-06-18,medium,6.2,30.45,resolved
CASE-001779,ACCT-0224,2026-06-23,low,6.9,33.95,resolved
CASE-001780,ACCT-0224,2026-07-13,low,5.5,26.95,resolved
CASE-001781,ACCT-0224,2026-08-13,low,5.5,26.95,resolved
CASE-001782,ACCT-0224,2026-08-18,medium,6.2,30.45,resolved
CASE-001783,ACCT-0224,2026-08-23,low,6.9,33.95,resolved
CASE-001784,ACCT-0224,2026-09-13,low,5.5,26.95,resolved
CASE-001785,ACCT-0225,2026-06-20,high,9.2,43.6,resolved
CASE-001786,ACCT-0225,2026-06-25,medium,9.9,47.1,resolved
CASE-001787,ACCT-0225,2026-07-20,high,9.2,43.6,resolved
CASE-001788,ACCT-0225,2026-07-25,medium,9.9,47.1,resolved
CASE-001789,ACCT-0225,2026-07-05,low,10.6,50.6,resolved
CASE-001790,ACCT-0225,2026-07-10,medium,11.3,54.1,resolved
CASE-001791,ACCT-0225,2026-08-20,high,9.2,43.6,resolved
CASE-001792,ACCT-0225,2026-08-25,medium,9.9,47.1,resolved
CASE-001793,ACCT-0225,2026-09-20,high,9.2,43.6,resolved
CASE-001794,ACCT-0225,2026-09-25,medium,9.9,47.1,resolved
CASE-001795,ACCT-0225,2026-09-05,low,10.6,50.6,resolved
CASE-001796,ACCT-0225,2026-09-10,medium,11.3,54.1,resolved
CASE-001797,ACCT-0226,2026-06-02,low,2.9,15.25,resolved
CASE-001798,ACCT-0226,2026-07-02,low,2.9,15.25,resolved
CASE-001799,ACCT-0226,2026-07-07,medium,3.6,18.75,resolved
CASE-001800,ACCT-0226,2026-07-12,low,4.3,22.25,resolved
CASE-001801,ACCT-0226,2026-08-02,low,2.9,15.25,resolved
CASE-001802,ACCT-0226,2026-09-02,low,2.9,15.25,resolved
CASE-001803,ACCT-0226,2026-09-07,medium,3.6,18.75,resolved
CASE-001804,ACCT-0226,2026-09-12,low,4.3,22.25,resolved
CASE-001805,ACCT-0227,2026-06-09,low,6.6,31.9,resolved
CASE-001806,ACCT-0227,2026-06-14,medium,7.3,35.4,resolved
CASE-001807,ACCT-0227,2026-08-09,low,6.6,31.9,resolved
CASE-001808,ACCT-0227,2026-08-14,medium,7.3,35.4,resolved
CASE-001809,ACCT-0228,2026-06-16,high,10.3,48.55,resolved
CASE-001810,ACCT-0228,2026-06-21,medium,11.0,52.05,resolved
CASE-001811,ACCT-0228,2026-06-26,low,11.7,55.55,resolved
CASE-001812,ACCT-0228,2026-06-06,medium,12.4,59.05,resolved
CASE-001813,ACCT-0228,2026-06-11,low,13.1,62.55,resolved
CASE-001814,ACCT-0228,2026-07-16,high,10.3,48.55,resolved
CASE-001815,ACCT-0228,2026-07-21,medium,11.0,52.05,resolved
CASE-001816,ACCT-0228,2026-07-26,low,11.7,55.55,resolved
CASE-001817,ACCT-0228,2026-08-16,high,10.3,48.55,resolved
CASE-001818,ACCT-0228,2026-08-21,medium,11.0,52.05,resolved
CASE-001819,ACCT-0228,2026-08-26,low,11.7,55.55,resolved
CASE-001820,ACCT-0228,2026-08-06,medium,12.4,59.05,resolved
CASE-001821,ACCT-0228,2026-08-11,low,13.1,62.55,resolved
CASE-001822,ACCT-0228,2026-09-16,high,10.3,48.55,resolved
CASE-001823,ACCT-0228,2026-09-21,medium,11.0,52.05,resolved
CASE-001824,ACCT-0228,2026-09-26,low,11.7,55.55,resolved
CASE-001825,ACCT-0229,2026-07-23,low,4.0,20.2,resolved
CASE-001826,ACCT-0229,2026-07-03,medium,4.7,23.7,resolved
CASE-001827,ACCT-0229,2026-09-23,low,4.0,20.2,resolved
CASE-001828,ACCT-0229,2026-09-03,medium,4.7,23.7,resolved
CASE-001829,ACCT-0230,2026-06-05,high,7.7,36.85,resolved
CASE-001830,ACCT-0230,2026-07-05,high,7.7,36.85,resolved
CASE-001831,ACCT-0230,2026-07-10,medium,8.4,40.35,resolved
CASE-001832,ACCT-0230,2026-07-15,low,9.1,43.85,resolved
CASE-001833,ACCT-0230,2026-08-05,high,7.7,36.85,resolved
CASE-001834,ACCT-0230,2026-09-05,high,7.7,36.85,resolved
CASE-001835,ACCT-0230,2026-09-10,medium,8.4,40.35,resolved
CASE-001836,ACCT-0230,2026-09-15,low,9.1,43.85,resolved
CASE-001837,ACCT-0231,2026-06-12,low,1.4,8.5,resolved
CASE-001838,ACCT-0231,2026-06-17,medium,2.1,12.0,resolved
CASE-001839,ACCT-0231,2026-08-12,low,1.4,8.5,resolved
CASE-001840,ACCT-0231,2026-08-17,medium,2.1,12.0,resolved
CASE-001841,ACCT-0232,2026-06-19,low,5.1,25.15,resolved
CASE-001842,ACCT-0232,2026-06-24,medium,5.8,28.65,resolved
CASE-001843,ACCT-0232,2026-06-04,low,6.5,32.15,resolved
CASE-001844,ACCT-0232,2026-07-19,low,5.1,25.15,resolved
CASE-001845,ACCT-0232,2026-08-19,low,5.1,25.15,resolved
CASE-001846,ACCT-0232,2026-08-24,medium,5.8,28.65,resolved
CASE-001847,ACCT-0232,2026-08-04,low,6.5,32.15,resolved
CASE-001848,ACCT-0232,2026-09-19,low,5.1,25.15,resolved
CASE-001849,ACCT-0233,2026-06-26,high,8.8,41.8,resolved
CASE-001850,ACCT-0233,2026-06-06,medium,9.5,45.3,resolved
CASE-001851,ACCT-0233,2026-07-26,high,8.8,41.8,resolved
CASE-001852,ACCT-0233,2026-07-06,medium,9.5,45.3,resolved
CASE-001853,ACCT-0233,2026-07-11,low,10.2,48.8,resolved
CASE-001854,ACCT-0233,2026-07-16,medium,10.9,52.3,resolved
CASE-001855,ACCT-0233,2026-08-26,high,8.8,41.8,resolved
CASE-001856,ACCT-0233,2026-08-06,medium,9.5,45.3,resolved
CASE-001857,ACCT-0233,2026-09-26,high,8.8,41.8,resolved
CASE-001858,ACCT-0233,2026-09-06,medium,9.5,45.3,resolved
CASE-001859,ACCT-0233,2026-09-11,low,10.2,48.8,resolved
CASE-001860,ACCT-0233,2026-09-16,medium,10.9,,open
CASE-001861,ACCT-0234,2026-06-08,low,2.5,13.45,resolved
CASE-001862,ACCT-0234,2026-07-08,low,2.5,13.45,resolved
CASE-001863,ACCT-0234,2026-07-13,medium,3.2,16.95,resolved
CASE-001864,ACCT-0234,2026-07-18,low,3.9,20.45,resolved
CASE-001865,ACCT-0234,2026-08-08,low,2.5,13.45,resolved
CASE-001866,ACCT-0234,2026-09-08,low,2.5,13.45,resolved
CASE-001867,ACCT-0234,2026-09-13,medium,3.2,16.95,resolved
CASE-001868,ACCT-0234,2026-09-18,low,3.9,,open
CASE-001869,ACCT-0235,2026-06-15,low,6.2,30.1,resolved
CASE-001870,ACCT-0235,2026-06-20,medium,6.9,33.6,resolved
CASE-001871,ACCT-0235,2026-08-15,low,6.2,30.1,resolved
CASE-001872,ACCT-0235,2026-08-20,medium,6.9,33.6,resolved
CASE-001873,ACCT-0236,2026-06-22,critical,9.9,46.75,resolved
CASE-001874,ACCT-0236,2026-06-02,medium,10.6,50.25,resolved
CASE-001875,ACCT-0236,2026-06-07,low,11.3,53.75,resolved
CASE-001876,ACCT-0236,2026-06-12,medium,12.0,,open
CASE-001877,ACCT-0236,2026-06-17,low,12.7,60.75,resolved
CASE-001878,ACCT-0236,2026-07-22,critical,9.9,46.75,resolved
CASE-001879,ACCT-0236,2026-07-02,medium,10.6,50.25,resolved
CASE-001880,ACCT-0236,2026-07-07,low,11.3,,open
CASE-001881,ACCT-0236,2026-08-22,critical,9.9,46.75,resolved
CASE-001882,ACCT-0236,2026-08-02,medium,10.6,,open
CASE-001883,ACCT-0236,2026-08-07,low,11.3,53.75,resolved
CASE-001884,ACCT-0236,2026-08-12,medium,12.0,57.25,resolved
CASE-001885,ACCT-0236,2026-08-17,low,12.7,60.75,resolved
CASE-001886,ACCT-0236,2026-09-22,critical,9.9,,open
CASE-001887,ACCT-0236,2026-09-02,medium,10.6,50.25,resolved
CASE-001888,ACCT-0236,2026-09-07,low,11.3,53.75,resolved
CASE-001889,ACCT-0237,2026-07-04,low,3.6,18.4,resolved
CASE-001890,ACCT-0237,2026-07-09,medium,4.3,,open
CASE-001891,ACCT-0237,2026-09-04,low,3.6,18.4,resolved
CASE-001892,ACCT-0237,2026-09-09,medium,4.3,21.9,resolved
CASE-001893,ACCT-0238,2026-06-11,high,7.3,35.05,resolved
CASE-001894,ACCT-0238,2026-07-11,high,7.3,,open
CASE-001895,ACCT-0238,2026-07-16,medium,8.0,38.55,resolved
CASE-001896,ACCT-0238,2026-07-21,low,8.7,42.05,resolved
CASE-001897,ACCT-0238,2026-08-11,high,7.3,35.05,resolved
CASE-001898,ACCT-0238,2026-09-11,high,7.3,35.05,resolved
CASE-001899,ACCT-0238,2026-09-16,medium,8.0,38.55,resolved
CASE-001900,ACCT-0238,2026-09-21,low,8.7,42.05,resolved
CASE-001901,ACCT-0239,2026-06-18,low,1.0,,open
CASE-001902,ACCT-0239,2026-06-23,medium,1.7,10.2,resolved
CASE-001903,ACCT-0239,2026-08-18,low,1.0,6.7,resolved
CASE-001904,ACCT-0239,2026-08-23,medium,1.7,10.2,resolved
CASE-001905,ACCT-0240,2026-06-25,low,4.7,23.35,resolved
CASE-001906,ACCT-0240,2026-06-05,medium,5.4,26.85,resolved
CASE-001907,ACCT-0240,2026-06-10,low,6.1,30.35,resolved
CASE-001908,ACCT-0240,2026-07-25,low,4.7,23.35,resolved
CASE-001909,ACCT-0240,2026-08-25,low,4.7,23.35,resolved
CASE-001910,ACCT-0240,2026-08-05,medium,5.4,26.85,resolved
CASE-001911,ACCT-0240,2026-08-10,low,6.1,30.35,resolved
CASE-001912,ACCT-0240,2026-09-25,low,4.7,23.35,resolved
