record_id,apply_date,target,org_info,i_income_monthly,i_income_shadow,i_debt_ratio,i_debt_shadow,i_loan_to_income,i_lti_shadow,i_credit_age_months,i_recent_delinquencies,i_bank_balance_avg,i_optional_social_score,i_sparse_device_signal,i_low_iv_random,i_org_weak_signal,i_drifting_utilization,i_noise_hash,i_stable_capacity,i_constant_channel
APP-202501-01-001,2025-01-01,1,Aster,,,,,,,,,,,,0,0,0.32717,110,1.6605,1
APP-202501-01-002,2025-01-08,0,Aster,2802.47,2802.76,0.17502,0.17752,0.05,0.04008,19,1,1411.3,,,47,17,0.25687,207,2.14881,1
APP-202501-01-003,2025-01-15,0,Aster,2895.1,2891.32,0.20771,0.20698,0.20405,0.19904,30,2,1258.99,,,94,34,0.30887,304,2.29304,1
APP-202501-01-004,2025-01-22,0,Aster,3070.71,3117.87,0.22107,0.21772,0.1736,0.18598,41,3,1467.77,,157,141,51,0.30753,401,2.39826,1
APP-202501-01-005,2025-01-02,0,Aster,3156.09,3181.02,0.19308,0.19334,0.34636,0.34762,52,4,-1,,176,188,68,0.32466,498,2.60829,1
APP-202501-01-006,2025-01-09,0,Aster,3302.64,3321.94,0.28868,0.28695,0.63203,0.63705,63,0,1326.9,,-1,24,85,0.35395,595,2.47397,1
APP-202501-01-007,2025-01-16,0,Aster,3339.72,3383.76,0.29863,0.29188,0.45678,0.4569,74,1,1411.31,,-1,71,1,0.35015,692,2.32031,1
APP-202501-01-008,2025-01-23,0,Aster,3606.3,3644.54,0.28607,0.2797,0.05,0.04756,85,2,1343.04,,-1,118,18,0.36151,789,2.65279,1
APP-202501-01-009,2025-01-03,0,Aster,3692.34,3745.55,0.31363,0.31222,0.1109,0.11746,96,3,-999,,252,165,35,0.38535,886,2.64983,1
APP-202501-01-010,2025-01-10,0,Aster,3568.89,3619.06,0.37822,0.37438,0.18616,0.19743,107,4,1567.39,,271,1,52,0.40442,983,2.23807,1
APP-202501-01-011,2025-01-17,1,Aster,3995.98,4047.14,0.59563,0.57863,0.67156,0.66493,-1,2,1428.49,,-999,48,69,0.36613,83,1.71154,1
APP-202501-01-012,2025-01-24,0,Aster,3986.66,4054.94,0.35626,0.35316,0.28045,0.27134,129,1,1744.25,,-999,95,86,0.41767,180,2.44371,1
APP-202501-01-013,2025-01-04,0,Aster,4077.2,4150.54,0.4131,0.41312,0.57153,0.57142,140,2,-1111,,-999,142,2,0.43095,277,2.4157,1
APP-202501-01-014,2025-01-11,0,Aster,4300.14,4352.16,0.3772,0.36708,0.62363,0.62745,151,3,2097.61,589,347,189,19,0.23631,374,2.79394,1
APP-202501-01-015,2025-01-18,0,Aster,4188.71,4220.65,0.42779,0.42632,0.31618,0.31994,162,4,1620.76,602,366,25,36,0.30195,471,2.37715,1
APP-202501-01-016,2025-01-25,0,Aster,4254.44,4311.24,0.44957,0.44767,0.25716,0.25079,173,0,1596.86,615,-1111,72,53,0.29765,568,2.35183,1
APP-202501-01-017,2025-01-05,0,Aster,4476.36,4532.96,-1,0.45497,0.28426,0.29612,184,1,,628,-1111,119,70,0.28815,665,2.46708,1
APP-202501-01-018,2025-01-12,0,Aster,4525.04,4591.98,0.19675,0.1942,0.19787,0.18658,15,2,2318.29,641,-1111,166,87,0.31182,762,3.74524,1
APP-202501-01-019,2025-01-19,0,Aster,4608.72,4682.44,0.19806,0.19309,0.35369,0.35006,26,3,1868.32,654,442,2,3,0.36735,859,3.70554,1
APP-202501-01-020,2025-01-26,0,Aster,4938.9,4996.65,0.19112,0.19468,0.17086,0.1691,37,4,2468.64,667,461,49,20,0.32736,956,3.94028,1
APP-202501-01-021,2025-01-06,1,Aster,-1,4997.14,0.44865,-1,0.57121,0.5631,-999,2,-1,-1,,96,37,0.36136,56,2.76851,1
APP-202501-01-022,2025-01-13,0,Aster,5276.93,5334.24,0.28766,0.28223,0.27141,0.27695,59,1,2512.19,-1,,143,54,0.35652,153,3.66932,1
APP-202501-01-023,2025-01-20,0,Aster,5376.41,5425.2,0.26879,0.26629,0.05,0.02892,70,2,2176.9,-1,,190,71,0.36431,250,4.06374,1
APP-202501-01-024,2025-01-27,0,Aster,5602.25,5656.4,0.27892,0.27026,0.13724,0.14769,81,3,2749.69,-1,537,26,88,0.38727,347,3.97773,1
APP-202501-01-025,2025-01-07,0,Aster,5316.76,5381.65,0.32208,0.32081,0.34678,0.35177,92,4,-999,-1,556,73,4,0.38232,444,3.6719,1
APP-202501-01-026,2025-01-14,0,Aster,5425.19,-1,0.3597,0.35192,0.2827,0.27415,103,0,2356.46,-1,-1,120,21,0.41613,541,3.39707,1
APP-202501-01-027,2025-01-21,0,Aster,5801.41,5857.42,0.36535,0.36411,0.44449,0.45618,114,1,2505.28,-1,-1,167,38,0.26912,638,3.70716,1
APP-202501-01-028,2025-01-01,0,Aster,5917.73,5996.44,0.36783,0.36397,0.28825,0.29514,125,2,2841.61,-1,-1,3,55,0.27276,735,3.66926,1
APP-202501-01-029,2025-01-08,0,Aster,5906.77,6014.32,0.36486,0.35973,0.226,0.23856,136,3,-1111,-1,152,50,72,0.34078,832,3.70904,1
APP-202501-01-030,2025-01-15,0,Aster,2757.89,2796.14,0.421,0.42049,0.16528,0.17116,147,4,806.43,-1,171,97,89,0.2711,929,1.73244,1
APP-202501-01-031,2025-01-22,1,Aster,2895.17,2922.05,0.65404,0.64552,0.4265,0.42631,-1111,2,763.0,-1,-999,144,5,0.33107,29,1.02008,1
APP-202501-01-032,2025-01-02,0,Aster,2868.09,2891.6,0.4231,0.42366,0.49694,0.49418,169,1,1013.83,-1,-999,191,22,0.34739,126,1.65088,1
APP-202501-01-033,2025-01-09,0,Aster,3187.75,3198.33,-999,0.45338,0.59818,0.59667,180,2,,-1,-999,27,39,0.33864,223,1.66533,1
APP-202501-01-034,2025-01-16,0,Aster,3241.66,3324.51,0.42021,0.42291,0.48717,0.50338,11,3,1567.5,539,247,74,56,0.37074,320,1.92202,1
APP-202501-01-035,2025-01-23,0,Aster,3253.99,3255.11,0.18935,0.19337,0.41832,0.42096,22,4,1832.91,552,266,121,73,0.36429,417,2.72532,1
APP-202501-01-036,2025-01-03,0,Aster,3366.59,3400.51,0.21461,0.21489,0.28875,0.28939,33,0,1430.14,565,-1111,168,90,0.37452,514,2.71764,1
APP-202501-01-037,2025-01-10,0,Aster,3534.08,3592.73,0.22812,0.22687,0.36669,0.36087,44,1,-1,578,-1111,4,6,0.39693,611,2.6937,1
APP-202501-01-038,2025-01-17,0,Aster,3764.9,3790.65,0.24569,0.24712,0.14099,0.1206,55,2,1758.94,591,-1111,51,23,0.42183,708,2.91474,1
APP-202501-01-039,2025-01-24,0,Aster,3746.06,3800.6,0.2674,0.26592,0.21716,0.21676,66,3,1665.23,604,342,98,40,0.39047,805,2.63585,1
APP-202501-01-040,2025-01-04,0,Aster,4109.26,4172.69,0.27505,0.26853,0.26798,0.25811,77,4,2033.67,617,361,145,57,0.2716,902,2.94156,1
APP-202501-01-041,2025-01-11,1,Aster,-999,4061.02,0.48425,-999,-1,0.49938,,2,-999,-999,,192,74,0.2941,2,2.0672,1
APP-202501-01-042,2025-01-18,0,Aster,4220.67,4299.76,0.36246,0.36013,0.75224,0.76344,99,1,1827.66,-999,,28,91,0.30577,99,2.67259,1
APP-202501-01-043,2025-01-25,0,Aster,4077.85,4115.19,0.33552,0.33373,0.12573,0.12943,110,2,1242.77,-999,,75,7,0.30463,196,2.65276,1
APP-202501-01-044,2025-01-05,0,Aster,4418.66,4492.84,0.33185,0.33922,0.24589,0.25657,121,3,1596.3,-999,437,122,24,0.34801,293,2.9256,1
APP-202501-01-045,2025-01-12,0,Aster,4478.29,4558.84,0.32332,0.3213,0.20648,0.19467,132,4,-1111,-999,456,169,41,0.33075,390,3.1287,1
APP-202501-01-046,2025-01-19,0,Aster,4378.52,4477.71,0.40874,0.40355,0.46136,0.45533,143,0,1845.8,-999,-1,5,58,0.33015,487,2.61289,1
APP-202501-01-047,2025-01-26,0,Aster,4401.95,4450.46,0.38882,0.39253,0.4757,0.49326,154,1,1683.03,-999,-1,52,75,0.36342,584,2.71326,1
APP-202501-01-048,2025-01-06,0,Aster,4662.03,4728.26,0.45638,0.44952,0.4009,0.40516,165,2,2181.84,-999,-1,99,92,0.37407,681,2.576,1
APP-202501-01-049,2025-01-13,0,Aster,4900.61,4979.39,-1111,0.49633,0.65584,-1,176,3,,-999,532,146,8,0.39022,778,2.426,1
APP-202501-01-050,2025-01-20,0,Aster,4928.51,4990.16,0.42273,0.41445,0.16521,0.16898,187,4,2496.28,-999,551,193,25,0.39003,875,2.96358,1
APP-202501-01-051,2025-01-27,1,Aster,4984.88,-999,0.6806,0.67411,0.51196,0.52506,-1,-1,1265.2,-999,-999,29,42,0.45464,972,1.55083,1
APP-202501-01-052,2025-01-07,0,Aster,5267.55,5323.83,0.16386,0.16436,0.15998,0.15891,29,1,2590.82,-999,-999,76,59,0.42638,72,4.30694,1
APP-202501-01-053,2025-01-14,0,Aster,5285.62,5365.99,0.15593,0.15742,0.20088,0.21676,40,2,-1,-999,-999,123,76,0.3033,169,4.46945,1
APP-202501-01-054,2025-01-21,0,Aster,5620.0,5708.83,0.27987,0.27529,0.4516,0.45225,51,3,2285.22,489,147,170,93,0.26654,266,4.06764,1
APP-202501-01-055,2025-01-01,0,Aster,5489.94,5562.01,0.23576,0.23662,0.15035,0.14825,62,4,2578.38,502,166,6,9,0.33153,363,4.30162,1
APP-202501-01-056,2025-01-08,0,Aster,5809.88,5883.39,0.23717,0.23625,0.32855,0.32785,73,0,2758.56,515,-1111,53,26,0.28828,460,4.47876,1
APP-202501-01-057,2025-01-15,0,Aster,5764.43,5823.04,0.29152,0.28922,0.34092,0.33889,84,1,-999,528,-1111,100,43,0.30581,557,3.97728,1
APP-202501-01-058,2025-01-22,0,Aster,5992.57,6053.93,0.3148,0.31431,0.30197,0.3152,95,2,2733.51,541,-1111,147,60,0.34469,654,4.08069,1
APP-202501-01-059,2025-01-02,0,Aster,2625.87,2660.35,0.3237,0.3188,0.21623,0.22664,106,3,937.08,554,242,194,77,0.32872,751,1.797,1
APP-202501-01-060,2025-01-09,0,Aster,2699.48,2741.09,0.31642,0.3141,0.42319,0.41647,117,4,1117.28,567,261,30,94,0.34834,848,1.75896,1
APP-202501-01-061,2025-01-16,1,Aster,-1111,3004.97,0.56442,-1111,0.66583,0.68145,-999,2,-1111,-1111,,77,10,0.39567,945,1.22418,1
APP-202501-01-062,2025-01-23,0,Aster,3005.97,3019.11,0.31661,0.30283,0.37534,0.38015,139,1,1303.72,-1111,,124,27,0.39141,45,2.14776,1
APP-202501-01-063,2025-01-03,0,Aster,3083.07,3090.0,0.39754,0.38647,0.66167,0.66502,150,2,1217.39,-1111,,171,44,0.38057,142,1.83303,1
APP-202501-01-064,2025-01-10,0,Aster,3374.76,3414.76,0.37322,0.37496,0.05034,0.05744,161,3,1361.13,-1111,337,7,61,0.38652,239,2.09536,1
APP-202501-01-065,2025-01-17,0,Aster,3377.44,3391.92,,0.39186,0.13752,0.13933,172,4,,-1111,356,54,78,0.41996,336,2.10009,1
APP-202501-01-066,2025-01-24,0,Aster,3622.31,3654.4,0.45495,0.44934,0.37879,0.38117,183,0,1351.95,-1111,-1,101,95,0.26918,433,1.9644,1
APP-202501-01-067,2025-01-04,0,Aster,3522.59,3600.68,0.46392,0.4587,0.43906,0.43532,14,1,1440.8,-1111,-1,148,11,0.30262,530,1.85681,1
APP-202501-01-068,2025-01-11,0,Aster,3755.12,3831.54,0.45557,0.45037,0.22799,0.23167,25,2,1508.69,-1111,-1,195,28,0.25453,627,2.11923,1
APP-202501-01-069,2025-01-18,0,Aster,3974.03,4039.41,0.18622,0.18771,0.50131,0.50323,36,3,-1,-1111,432,31,45,0.32437,724,3.21969,1
APP-202501-01-070,2025-01-25,0,Aster,3951.29,3988.84,0.15239,0.15177,0.30994,0.31633,47,4,2426.57,-1111,451,78,62,0.34422,821,3.40411,1
APP-202501-01-071,2025-01-05,1,Aster,4166.42,4226.31,0.41477,0.41076,0.44131,0.45707,-1111,2,2001.69,-1111,-999,125,79,0.36832,918,2.35268,1
APP-202501-01-072,2025-01-12,0,Aster,4322.7,4394.37,0.23417,0.23549,0.21187,0.20709,69,1,1837.62,-1111,-999,172,96,0.35128,18,3.16348,1
APP-202501-01-073,2025-01-19,0,Aster,4454.88,4494.37,0.20786,0.20567,0.31499,0.31616,80,2,-999,-1111,-999,8,12,0.34198,115,3.51971,1
APP-202501-01-074,2025-01-26,0,Aster,4532.37,4569.07,0.22617,0.22495,0.16819,0.18061,91,3,2121.32,439,527,55,29,0.36159,212,3.62568,1
APP-202501-01-075,2025-01-06,0,Aster,4720.86,4754.48,0.26377,0.26379,0.43365,0.4418,102,4,2137.41,452,546,102,46,0.39142,309,3.32083,1
APP-202501-01-076,2025-01-13,0,Aster,4974.06,-1111,0.26928,0.26795,0.29281,0.29632,113,0,2089.2,465,-1111,149,63,0.3957,406,3.6468,1
APP-202501-01-077,2025-01-20,0,Aster,4853.69,4941.06,0.28296,0.28023,0.29108,0.29824,124,1,-1111,478,-1111,196,80,0.39948,503,3.50172,1
APP-202501-01-078,2025-01-27,0,Aster,4962.41,4996.76,0.33398,0.3275,0.35232,0.35886,135,2,2245.18,491,-1111,32,97,0.39912,600,3.37294,1
APP-202501-01-079,2025-01-07,0,Aster,4864.43,4958.25,0.36818,0.36383,0.33545,0.33495,146,3,2447.46,504,142,79,13,0.26701,697,3.05813,1
APP-202501-01-080,2025-01-14,0,Aster,5047.29,5093.79,0.39665,0.39687,0.35287,0.35957,157,4,2021.23,517,161,126,30,0.27621,794,3.02307,1
APP-202502-01-001,2025-02-01,1,Aster,,2783.21,-1,,-999,0.31782,,2,,,,0,0,0.27901,111,1.643,1
APP-202502-01-002,2025-02-08,0,Aster,2720.94,2762.74,0.22231,0.21724,0.16682,0.16956,19,1,1318.68,,,47,17,0.30904,208,2.12653,1
APP-202502-01-003,2025-02-15,0,Aster,3111.18,3146.92,0.19095,0.1867,0.18842,0.20221,30,2,1787.33,,,94,34,0.33063,305,2.54812,1
APP-202502-01-004,2025-02-22,0,Aster,2920.46,2915.57,0.2407,0.23173,0.15765,0.1721,41,3,1351.54,,157,141,51,0.35005,402,2.27886,1
APP-202502-01-005,2025-02-02,0,Aster,3202.24,3198.79,0.26989,0.26912,0.34228,0.33194,52,4,-1,,176,188,68,0.32343,499,2.33443,1
APP-202502-01-006,2025-02-09,0,Aster,3291.25,3346.3,0.29768,0.29891,0.41268,0.40945,63,0,1319.56,,-1,24,85,0.35281,596,2.3257,1
APP-202502-01-007,2025-02-16,0,Aster,3376.39,3395.5,0.25986,0.25857,0.31047,0.30209,74,1,1390.49,,-1,71,1,0.34805,693,2.59912,1
APP-202502-01-008,2025-02-23,0,Aster,3586.28,3667.49,0.34097,0.33354,0.16585,0.16296,85,2,1381.47,,-1,118,18,0.40228,790,2.38987,1
APP-202502-01-009,2025-02-03,0,Aster,3822.33,3887.61,0.34036,0.34072,0.17962,0.18811,96,3,-999,,252,165,35,0.38329,887,2.59803,1
APP-202502-01-010,2025-02-10,0,Aster,3888.79,3943.48,0.31791,0.31549,0.28275,0.28407,107,4,1847.7,,271,1,52,0.39982,984,2.68416,1
APP-202502-01-011,2025-02-17,0,Aster,3890.79,3924.88,0.42298,0.42046,0.38611,0.39041,-1,0,1492.25,,-999,48,69,0.42214,84,2.24361,1
APP-202502-01-012,2025-02-24,1,Aster,4099.6,4161.71,0.63652,0.62499,0.75517,0.76755,129,3,1480.25,,-999,95,86,0.40146,181,1.49333,1
APP-202502-01-013,2025-02-04,0,Aster,4086.81,4103.18,0.38615,0.37347,0.46997,0.47833,140,2,-1111,,-999,142,2,0.44401,278,2.58621,1
APP-202502-01-014,2025-02-11,0,Aster,4220.37,4279.54,0.41546,0.41296,0.40676,0.421,151,3,1703.3,589,347,189,19,0.30111,375,2.34302,1
APP-202502-01-015,2025-02-18,0,Aster,4448.39,4488.1,0.45109,0.44907,0.49895,0.50953,162,4,1652.8,602,366,25,36,0.30612,472,2.44481,1
APP-202502-01-016,2025-02-25,0,Aster,4370.62,4428.67,0.41323,0.40827,0.28973,0.29912,173,0,1545.36,615,-1111,72,53,0.31123,569,2.60939,1
APP-202502-01-017,2025-02-05,0,Aster,4636.47,4707.47,-999,0.41269,0.30054,-999,184,1,,628,-1111,119,70,0.38381,666,2.67945,1
APP-202502-01-018,2025-02-12,0,Aster,4725.45,4806.99,0.1977,0.1933,0.27671,0.27488,15,2,2356.16,641,-1111,166,87,0.36822,763,3.8476,1
APP-202502-01-019,2025-02-19,0,Aster,4828.63,4899.62,0.2177,0.21,0.32718,0.3276,26,3,2061.17,654,442,2,3,0.33617,860,3.72124,1
APP-202502-01-020,2025-02-26,0,Aster,4939.96,4991.56,0.20029,0.19064,0.14722,0.14165,37,4,2292.32,667,461,49,20,0.3676,957,3.94078,1
APP-202502-01-021,2025-02-06,0,Aster,-1,,0.22366,-1,0.52845,0.52696,-999,-999,-1,-1,,96,37,0.40724,57,3.94694,1
APP-202502-01-022,2025-02-13,0,Aster,4915.37,4980.14,0.25815,0.25567,0.05,0.05002,59,1,2263.28,-1,,143,54,0.39119,154,3.59903,1
APP-202502-01-023,2025-02-20,1,Aster,5211.05,5290.41,0.464,0.46395,0.34676,0.33737,70,4,1789.11,-1,,190,71,0.4051,251,2.69511,1
APP-202502-01-024,2025-02-27,0,Aster,5440.33,5483.58,0.23768,0.22551,0.28058,0.28302,81,3,2626.25,-1,537,26,88,0.40971,348,4.07526,1
APP-202502-01-025,2025-02-07,0,Aster,5638.84,5740.52,0.29892,0.29423,0.41274,0.42027,92,4,-999,-1,556,73,4,0.43948,445,3.98277,1
APP-202502-01-026,2025-02-14,0,Aster,5492.28,5583.77,0.30883,0.30879,0.37386,0.38151,103,0,2327.51,-1,-1,120,21,0.44549,542,3.60643,1
APP-202502-01-027,2025-02-21,0,Aster,5772.12,5812.47,0.36287,0.35903,0.4483,0.45873,114,1,2927.69,-1,-1,167,38,0.28697,639,3.61461,1
APP-202502-01-028,2025-02-01,0,Aster,5711.25,5759.7,0.35053,0.34894,0.58344,0.5798,125,2,2837.36,-1,-1,3,55,0.26943,736,3.71107,1
APP-202502-01-029,2025-02-08,0,Aster,6084.45,6133.21,0.35723,0.34783,0.18124,0.17448,136,3,-1111,-1,152,50,72,0.31441,833,3.9434,1
APP-202502-01-030,2025-02-15,0,Aster,2543.23,2571.35,0.38466,0.38407,0.28765,0.295,147,4,1201.59,-1,171,97,89,0.35578,930,1.59701,1
APP-202502-01-031,2025-02-22,0,Aster,2931.57,2980.53,0.40972,0.4145,0.43447,0.42596,-1111,0,1235.84,-1,-999,144,5,0.36001,30,1.74209,1
APP-202502-01-032,2025-02-02,0,Aster,2867.11,2934.92,0.39472,0.39761,0.39287,0.40121,169,1,1150.46,-1,-999,191,22,0.35947,127,1.66047,1
APP-202502-01-033,2025-02-09,0,Aster,2799.43,2833.23,-1111,0.43819,0.43323,0.4411,180,2,,-1,-999,27,39,0.3599,224,1.60776,1
APP-202502-01-034,2025-02-16,1,Aster,3226.89,3291.51,0.68025,0.67581,0.72639,0.72848,11,5,787.27,539,247,74,56,0.38674,321,1.14378,1
APP-202502-01-035,2025-02-23,0,Aster,3273.89,3311.64,0.2395,0.24096,0.25073,0.26028,22,4,1527.68,552,266,121,73,0.43329,418,2.59686,1
APP-202502-01-036,2025-02-03,0,Aster,3397.68,3422.87,0.24087,0.24004,0.05,0.03689,33,0,1584.47,565,-1111,168,90,0.40245,515,2.65437,1
APP-202502-01-037,2025-02-10,0,Aster,3494.1,3543.66,0.21836,0.2179,0.25248,0.25172,44,1,-1,578,-1111,4,6,0.41733,612,2.84377,1
APP-202502-01-038,2025-02-17,0,Aster,3741.6,3760.63,0.24902,0.24765,0.31159,0.31481,55,2,1711.06,591,-1111,51,23,0.43435,709,2.74908,1
APP-202502-01-039,2025-02-24,0,Aster,3720.53,3740.18,0.22745,0.23209,0.29291,0.30753,66,3,1776.99,604,342,98,40,0.46691,806,2.72241,1
APP-202502-01-040,2025-02-04,0,Aster,3733.05,3771.99,0.29797,0.28733,0.37895,0.38428,77,4,1327.45,617,361,145,57,0.3021,903,2.62279,1
APP-202502-01-041,2025-02-11,0,Aster,-999,4002.04,0.29275,-999,-1111,0.3387,,0,-999,-999,,192,74,0.31991,3,2.70242,1
APP-202502-01-042,2025-02-18,0,Aster,4027.67,4061.01,0.28254,0.28326,0.31755,0.31225,99,1,1545.99,-999,,28,91,0.30105,100,2.96309,1
APP-202502-01-043,2025-02-25,0,Aster,4233.94,4294.6,0.35768,0.3607,0.44004,0.4375,110,2,1788.6,-999,,75,7,0.30528,197,2.85336,1
APP-202502-01-044,2025-02-05,0,Aster,4135.65,4168.26,0.36753,0.36229,0.3489,0.33468,121,3,2204.87,-999,437,122,24,0.3558,294,2.59958,1
APP-202502-01-045,2025-02-12,1,Aster,4437.26,4473.59,0.55623,0.55415,0.42091,0.41138,132,6,-1111,-999,456,169,41,0.34619,391,2.03192,1
APP-202502-01-046,2025-02-19,0,Aster,4753.48,-1,0.34094,0.33995,0.33159,0.34797,143,0,2015.37,-999,-1,5,58,0.37589,488,3.05694,1
APP-202502-01-047,2025-02-26,0,Aster,4651.52,4688.54,0.39086,0.38491,0.57244,0.57125,154,1,2169.96,-999,-1,52,75,0.3854,585,2.80411,1
APP-202502-01-048,2025-02-06,0,Aster,5074.08,5149.84,0.44742,0.44025,0.32308,0.32663,165,2,2098.69,-999,-1,99,92,0.41332,682,2.84855,1
APP-202502-01-049,2025-02-13,0,Aster,4756.73,4814.87,,0.41181,0.50294,0.50192,176,3,,-999,532,146,8,0.41414,779,2.67195,1
APP-202502-01-050,2025-02-20,0,Aster,4993.31,5039.26,0.48553,0.48752,0.41256,0.42964,187,4,1760.06,-999,551,193,25,0.45001,876,2.6343,1
APP-202502-01-051,2025-02-27,0,Aster,5120.61,5179.84,0.46122,0.45972,0.67019,0.67326,-1,0,1766.76,-999,-999,29,42,0.47789,973,2.81266,1
APP-202502-01-052,2025-02-07,0,Aster,5224.79,5301.31,0.20551,0.20273,0.1997,0.21437,29,1,2623.79,-999,-999,76,59,0.46462,73,4.16388,1
APP-202502-01-053,2025-02-14,0,Aster,5424.33,5512.35,0.21043,0.20593,0.12205,0.1328,40,2,-1,-999,-999,123,76,0.2889,170,4.2804,1
APP-202502-01-054,2025-02-21,0,Aster,5629.04,5676.61,0.22256,0.21497,0.46224,0.45365,51,3,2907.29,489,147,170,93,0.35604,267,4.25605,1
APP-202502-01-055,2025-02-01,0,Aster,5879.07,5938.67,0.23324,0.22375,0.34529,0.34711,62,4,2788.93,502,166,6,9,0.30516,364,4.47503,1
APP-202502-01-056,2025-02-08,1,Aster,5691.72,5726.69,0.47399,0.4677,0.56708,0.5707,73,2,1746.26,515,-1111,53,26,0.35677,461,3.1752,1
APP-202502-01-057,2025-02-15,0,Aster,5810.9,5890.92,0.26151,0.25813,0.15074,0.15664,84,1,-999,528,-1111,100,43,0.3524,558,4.38023,1
APP-202502-01-058,2025-02-22,0,Aster,5902.6,5989.43,0.27859,0.27799,0.15027,0.14838,95,2,2274.31,541,-1111,147,60,0.36716,655,4.25478,1
APP-202502-01-059,2025-02-02,0,Aster,2734.98,2754.94,0.30343,0.29883,0.14042,0.1555,106,3,1633.93,554,242,194,77,0.32926,752,1.84505,1
APP-202502-01-060,2025-02-09,0,Aster,2803.64,2842.89,0.34507,0.35021,0.60333,0.61918,117,4,1176.2,567,261,30,94,0.40296,849,1.86689,1
APP-202502-01-061,2025-02-16,0,Aster,-1111,2812.57,0.32888,-1111,0.17208,0.18525,-999,0,-1111,-1111,,77,10,0.41426,946,1.92944,1
APP-202502-01-062,2025-02-23,0,Aster,3101.51,3165.03,0.37332,0.36818,0.32779,0.33052,139,1,1210.96,-1111,,124,27,0.43279,46,1.87196,1
APP-202502-01-063,2025-02-03,0,Aster,3408.12,3471.74,0.38958,0.38756,0.63644,0.64854,150,2,1639.43,-1111,,171,44,0.40784,143,2.03674,1
APP-202502-01-064,2025-02-10,0,Aster,3232.21,3321.25,0.41764,0.41485,0.39122,0.40493,161,3,1012.99,-1111,337,7,61,0.42927,240,1.96143,1
APP-202502-01-065,2025-02-17,0,Aster,3256.22,3304.06,-1,0.46109,0.29195,-1111,172,4,,-1111,356,54,78,0.43965,337,1.77829,1
APP-202502-01-066,2025-02-24,0,Aster,3647.97,3731.04,0.39702,0.39401,0.35576,0.36587,183,0,1333.69,-1111,-1,101,95,0.27738,434,2.15585,1
APP-202502-01-067,2025-02-04,1,Aster,3483.7,3540.42,0.69493,0.69305,0.67505,0.67247,14,3,1012.04,-1111,-1,148,11,0.31446,531,1.00902,1
APP-202502-01-068,2025-02-11,0,Aster,3585.15,3603.68,0.50699,0.50366,0.36582,0.36541,25,2,1434.38,-1111,-1,195,28,0.3391,628,1.69323,1
APP-202502-01-069,2025-02-18,0,Aster,4048.45,4083.9,0.16084,0.15682,0.53274,0.53031,36,3,-1,-1111,432,31,45,0.36161,725,3.4788,1
APP-202502-01-070,2025-02-25,0,Aster,4260.08,4311.85,0.17882,0.17605,0.33383,0.31581,47,4,1933.48,-1111,451,78,62,0.36866,822,3.40503,1
APP-202502-01-071,2025-02-05,0,Aster,4095.79,-999,0.24463,0.23841,0.05,0.04284,-1111,-1111,1395.83,-1111,-999,125,79,0.3357,919,3.08005,1
APP-202502-01-072,2025-02-12,0,Aster,4167.65,4210.07,0.22346,0.22334,0.16046,0.16835,69,1,2036.76,-1111,-999,172,96,0.38302,19,3.23632,1
APP-202502-01-073,2025-02-19,0,Aster,4195.31,4242.09,0.22336,0.22163,0.45118,0.45296,80,2,-999,-1111,-999,8,12,0.36411,116,3.2879,1
APP-202502-01-074,2025-02-26,0,Aster,4433.58,4491.16,0.24471,0.24309,0.30558,0.31788,91,3,2330.07,439,527,55,29,0.38869,213,3.27965,1
APP-202502-01-075,2025-02-06,0,Aster,4498.78,4542.36,0.28285,0.27478,0.15332,0.14241,102,4,2034.75,452,546,102,46,0.3944,310,3.14759,1
APP-202502-01-076,2025-02-13,0,Aster,4733.76,4784.26,0.32042,0.31938,0.31703,0.32317,113,0,2153.4,465,-1111,149,63,0.41494,407,3.09156,1
APP-202502-01-077,2025-02-20,0,Aster,4674.93,4746.62,0.33704,0.33505,0.5261,0.53276,124,1,-1111,478,-1111,196,80,0.40559,504,3.15347,1
APP-202502-01-078,2025-02-27,1,Aster,4918.94,5000.33,0.5162,0.51804,0.63825,0.64895,135,4,1923.61,491,-1111,32,97,0.44975,601,2.33978,1
APP-202502-01-079,2025-02-07,0,Aster,5039.42,5144.07,0.37109,0.37149,0.45038,0.44942,146,3,2641.55,504,142,79,13,0.30322,698,3.16177,1
APP-202502-01-080,2025-02-14,0,Aster,5025.2,5106.13,0.39523,0.39428,0.2726,0.27498,157,4,2160.7,517,161,126,30,0.29839,795,3.09977,1
APP-202503-01-001,2025-03-01,1,Aster,,2830.87,-999,,,0.41007,,2,,,,0,0,0.35521,112,1.69778,1
APP-202503-01-002,2025-03-08,0,Aster,2817.06,2875.95,0.20177,0.19548,0.05,0.05718,19,1,1503.55,,,47,17,0.37265,209,2.25091,1
APP-202503-01-003,2025-03-15,0,Aster,2753.95,2821.61,0.23146,0.23275,0.25723,0.25327,30,2,1536.93,,,94,34,0.28844,306,2.15397,1
APP-202503-01-004,2025-03-22,0,Aster,3118.87,3147.13,0.18759,0.18795,0.36925,0.37809,41,3,1787.28,,157,141,51,0.38057,403,2.47181,1
APP-202503-01-005,2025-03-02,0,Aster,3069.91,3112.44,0.27278,0.27087,0.44136,0.46495,52,4,-1,,176,188,68,0.34603,500,2.15302,1
APP-202503-01-006,2025-03-09,0,Aster,3239.4,3258.71,0.23907,0.23637,0.30628,0.30337,63,0,1796.56,,-1,24,85,0.40647,597,2.59884,1
APP-202503-01-007,2025-03-16,0,Aster,3256.97,3338.53,0.30599,0.29972,0.40023,0.39314,74,1,1348.83,,-1,71,1,0.38485,694,2.20533,1
APP-202503-01-008,2025-03-23,0,Aster,3462.16,3492.32,0.31104,0.30138,0.39099,0.39682,85,2,1941.49,,-1,118,18,0.38635,791,2.52605,1
APP-202503-01-009,2025-03-03,0,Aster,3579.95,3618.72,0.29735,0.28968,0.23505,0.24571,96,3,-999,,252,165,35,0.42866,888,2.50141,1
APP-202503-01-010,2025-03-10,1,Aster,3824.61,3898.85,0.53445,0.52522,0.71448,0.7195,107,6,1574.54,,271,1,52,0.43511,985,1.70392,1
APP-202503-01-011,2025-03-17,0,Aster,4026.74,4116.0,0.36237,0.36358,0.39275,0.39652,-1,0,1459.82,,-999,48,69,0.4282,85,2.60591,1
APP-202503-01-012,2025-03-24,0,Aster,4020.85,4077.53,0.36647,0.36231,0.34831,0.36369,129,1,1934.87,,-999,95,86,0.4384,182,2.56231,1
APP-202503-01-013,2025-03-04,0,Aster,4070.71,4147.92,0.42806,0.41915,0.39605,0.40176,140,2,-1111,,-999,142,2,0.48361,279,2.15815,1
APP-202503-01-014,2025-03-11,0,Aster,4196.07,4241.83,0.37142,0.36815,0.64428,0.64378,151,3,1892.75,589,347,189,19,0.32374,376,2.63002,1
APP-202503-01-015,2025-03-18,0,Aster,4275.38,4347.72,0.43606,0.43752,0.45928,0.47589,162,4,1796.03,602,366,25,36,0.35563,473,2.38328,1
APP-202503-01-016,2025-03-25,0,Aster,4441.79,-1111,0.47899,0.48338,0.37778,0.37721,173,0,1688.45,615,-1111,72,53,0.32608,570,2.19243,1
APP-202503-01-017,2025-03-05,0,Aster,4837.09,4894.06,-1111,0.47783,0.57797,0.57724,184,1,,628,-1111,119,70,0.33384,667,2.44541,1
APP-202503-01-018,2025-03-12,0,Aster,4866.69,4924.76,0.16365,0.15786,0.28115,0.27818,15,2,2484.14,641,-1111,166,87,0.39397,764,4.13259,1
APP-202503-01-019,2025-03-19,1,Aster,4667.31,4722.04,0.4091,0.40089,0.44935,0.43709,26,5,2082.78,654,442,2,3,0.34821,861,2.76917,1
APP-202503-01-020,2025-03-26,0,Aster,4733.75,4778.86,0.22032,0.21658,0.25209,0.25672,37,4,2270.43,667,461,49,20,0.37992,958,3.62,1
APP-202503-01-021,2025-03-06,0,Aster,-1,4977.65,0.23887,-1,0.11262,0.10088,-999,0,-1,-1,,96,37,0.39222,58,3.57583,1
APP-202503-01-022,2025-03-13,0,Aster,4970.8,5081.53,0.23428,0.23501,0.26898,0.28528,59,1,2435.54,-1,,143,54,0.40171,155,3.72299,1
APP-202503-01-023,2025-03-20,0,Aster,5062.79,5142.01,0.29365,0.29865,0.05,0.03314,70,2,2141.16,-1,,190,71,0.45115,252,3.46349,1
APP-202503-01-024,2025-03-27,0,Aster,5461.15,5514.74,0.30276,0.30012,0.23472,0.22675,81,3,2756.35,-1,537,26,88,0.44997,349,3.78558,1
APP-202503-01-025,2025-03-07,0,Aster,5452.5,5475.81,0.30537,0.30604,0.23517,0.23506,92,4,-999,-1,556,73,4,0.46258,446,3.71032,1
APP-202503-01-026,2025-03-14,0,Aster,5561.89,5641.91,0.34082,0.34196,0.25459,0.24451,103,0,2375.01,-1,-1,120,21,0.46933,543,3.699,1
APP-202503-01-027,2025-03-21,0,Aster,5902.51,5960.12,0.32715,0.32684,0.45526,0.45662,114,1,2505.64,-1,-1,167,38,0.30729,640,3.88772,1
APP-202503-01-028,2025-03-01,1,Aster,5835.91,5864.45,0.53524,0.52717,0.59134,0.58941,125,4,2263.52,-1,-1,3,55,0.36266,737,2.72837,1
APP-202503-01-029,2025-03-08,0,Aster,5998.43,6085.81,0.34357,0.34061,0.19456,0.20632,136,3,-1111,-1,152,50,72,0.35315,834,4.01162,1
APP-202503-01-030,2025-03-15,0,Aster,2647.56,2702.7,0.35529,0.34398,0.2425,0.24254,147,4,1268.87,-1,171,97,89,0.34821,931,1.68265,1
APP-202503-01-031,2025-03-22,0,Aster,2713.39,2729.54,0.41371,0.40943,0.255,0.25284,-1111,0,902.62,-1,-999,144,5,0.38448,31,1.62241,1
APP-202503-01-032,2025-03-02,0,Aster,2950.18,2988.9,0.38691,0.38461,0.38536,0.38469,169,1,1272.35,-1,-999,191,22,0.3766,128,1.7237,1
APP-202503-01-033,2025-03-09,0,Aster,2970.33,3016.56,,0.42255,0.35058,,180,2,,-1,-999,27,39,0.42053,225,1.79797,1
APP-202503-01-034,2025-03-16,0,Aster,3086.01,3154.87,0.455,0.45327,0.515,0.51989,11,3,1308.56,539,247,74,56,0.42985,322,1.63179,1
APP-202503-01-035,2025-03-23,0,Aster,3250.28,3334.49,0.19198,0.1881,0.4892,0.49823,22,4,1521.97,552,266,121,73,0.46557,419,2.62471,1
APP-202503-01-036,2025-03-03,0,Aster,3488.65,3565.34,0.1922,0.19029,0.29742,0.29511,33,0,1482.99,565,-1111,168,90,0.44108,516,2.80007,1
APP-202503-01-037,2025-03-10,1,Aster,3457.88,3515.99,0.42014,0.41866,0.47485,0.4735,44,3,-1,578,-1111,4,6,0.46671,613,1.89982,1
APP-202503-01-038,2025-03-17,0,Aster,3749.07,3804.29,0.23334,0.22802,0.14118,0.16092,55,2,1593.59,591,-1111,51,23,0.50249,710,2.96895,1
APP-202503-01-039,2025-03-24,0,Aster,3897.2,3920.98,0.22991,0.22929,0.26177,0.25269,66,3,1780.28,604,342,98,40,0.48814,807,3.04206,1
APP-202503-01-040,2025-03-04,0,Aster,3902.98,3936.34,0.26658,0.25637,0.28403,0.28941,77,4,2115.35,617,361,145,57,0.35199,904,2.90559,1
APP-202503-01-041,2025-03-11,0,Aster,-999,,0.32497,-999,-1,0.37866,,,-999,-999,,192,74,0.31158,4,2.74698,1
APP-202503-01-042,2025-03-18,0,Aster,4107.07,4145.13,0.31789,0.31923,0.56306,0.56113,99,1,1891.43,-999,,28,91,0.38335,101,2.74993,1
APP-202503-01-043,2025-03-25,0,Aster,4398.39,4442.7,0.29198,0.28571,0.16486,0.15381,110,2,2109.56,-999,,75,7,0.37085,198,3.07181,1
APP-202503-01-044,2025-03-05,0,Aster,4424.03,4467.47,0.31883,0.31645,0.05,0.02495,121,3,1804.49,-999,437,122,24,0.34861,295,3.11418,1
APP-202503-01-045,2025-03-12,0,Aster,4367.55,4453.2,0.35357,0.35059,0.33359,0.32919,132,4,-1111,-999,456,169,41,0.35093,392,2.93238,1
APP-202503-01-046,2025-03-19,1,Aster,4459.36,4530.4,0.62925,0.62976,0.29385,0.28466,143,2,1380.89,-999,-1,5,58,0.41446,489,1.71495,1
APP-202503-01-047,2025-03-26,0,Aster,4897.29,4940.15,0.36724,0.35738,0.41262,0.40244,154,1,2038.44,-999,-1,52,75,0.38284,586,3.08656,1
APP-202503-01-048,2025-03-06,0,Aster,4572.65,4568.03,0.3666,0.35793,0.29031,0.30739,165,2,2065.79,-999,-1,99,92,0.40243,683,2.85409,1
APP-202503-01-049,2025-03-13,0,Aster,4989.25,5033.1,-1,0.43545,0.81055,0.81113,176,3,,-999,532,146,8,0.42907,780,2.7997,1
APP-202503-01-050,2025-03-20,0,Aster,4860.76,4905.84,0.47385,0.46438,0.26703,0.25911,187,4,1776.69,-999,551,193,25,0.4397,877,2.54787,1
APP-202503-01-051,2025-03-27,0,Aster,4936.74,5020.33,0.46053,0.45825,0.39794,0.3866,-1,0,2064.73,-999,-999,29,42,0.44377,974,2.61572,1
APP-202503-01-052,2025-03-07,0,Aster,5330.83,5430.81,0.19668,0.19327,0.16248,0.16989,29,1,2754.2,-999,-999,76,59,0.44779,74,4.30981,1
APP-202503-01-053,2025-03-14,0,Aster,5273.84,5366.52,0.20805,0.21083,0.1744,0.16846,40,2,-1,-999,-999,123,76,0.27669,171,4.22341,1
APP-202503-01-054,2025-03-21,0,Aster,5279.45,5364.92,0.23659,0.23793,0.41095,0.41672,51,3,2336.08,489,147,170,93,0.3499,268,4.01815,1
APP-202503-01-055,2025-03-01,1,Aster,5562.2,5647.01,0.42303,0.42337,0.48773,0.4879,62,6,2091.98,502,166,6,9,0.34039,365,3.26175,1
APP-202503-01-056,2025-03-08,0,Aster,5691.27,5743.21,0.2539,0.25424,0.38884,0.39375,73,0,2179.06,515,-1111,53,26,0.34795,462,4.20085,1
APP-202503-01-057,2025-03-15,0,Aster,6025.19,6061.34,0.2576,0.25603,0.05,0.05285,84,1,-999,528,-1111,100,43,0.33591,559,4.49498,1
APP-202503-01-058,2025-03-22,0,Aster,5831.04,5880.0,0.27699,0.28328,0.16568,0.17822,95,2,3078.54,541,-1111,147,60,0.43116,656,4.24678,1
APP-202503-01-059,2025-03-02,0,Aster,2646.68,2660.06,0.27225,0.27057,0.21923,0.23353,106,3,1068.2,554,242,194,77,0.39888,753,1.92274,1
APP-202503-01-060,2025-03-09,0,Aster,2916.73,2949.6,0.35751,0.35616,0.23221,0.25062,117,4,1423.52,567,261,30,94,0.42553,850,1.96535,1
APP-202503-01-061,2025-03-16,0,Aster,-1111,3165.88,0.33215,-1111,0.26865,0.26016,-999,0,-1111,-1111,,77,10,0.4205,947,2.15474,1
APP-202503-01-062,2025-03-23,0,Aster,2980.97,2991.77,0.34585,0.35049,0.49982,0.49548,139,1,804.39,-1111,,124,27,0.442,47,2.00004,1
APP-202503-01-063,2025-03-03,0,Aster,3242.29,3286.94,0.39531,0.38426,0.46277,0.46889,150,2,1665.9,-1111,,171,44,0.43999,144,1.9432,1
APP-202503-01-064,2025-03-10,1,Aster,3414.61,3447.47,0.59084,0.58941,0.63697,0.62311,161,5,1137.25,-1111,337,7,61,0.48495,241,1.36023,1
APP-202503-01-065,2025-03-17,0,Aster,3375.29,3372.27,-999,0.43851,0.21338,0.21923,172,4,,-1111,356,54,78,0.4739,338,1.93752,1
APP-202503-01-066,2025-03-24,0,Aster,3497.58,-1,0.45626,0.45058,0.32285,0.33919,183,0,1027.14,-1111,-1,101,95,0.28791,435,1.82261,1
APP-202503-01-067,2025-03-04,0,Aster,3590.27,3644.14,0.46557,0.46692,0.39519,0.39966,14,1,1091.01,-1111,-1,148,11,0.35076,532,1.9742,1
APP-202503-01-068,2025-03-11,0,Aster,3820.41,3822.35,0.48734,0.47933,0.37619,0.37562,25,2,1598.67,-1111,-1,195,28,0.33227,629,2.00917,1
APP-202503-01-069,2025-03-18,0,Aster,3871.58,3952.01,0.21869,0.21437,0.44743,0.46204,36,3,-1,-1111,432,31,45,0.36013,726,3.0327,1
APP-202503-01-070,2025-03-25,0,Aster,4025.4,4079.33,0.17274,0.17066,0.35996,0.35896,47,4,2114.13,-1111,451,78,62,0.36816,823,3.31695,1
APP-202503-01-071,2025-03-05,0,Aster,3986.71,4024.42,0.22639,0.21946,0.31553,0.3047,-1111,0,1781.77,-1111,-999,125,79,0.39183,920,3.07746,1
APP-202503-01-072,2025-03-12,0,Aster,4281.29,4342.96,0.21841,0.21896,0.08358,0.08188,69,1,2194.87,-1111,-999,172,96,0.37923,20,3.52546,1
APP-202503-01-073,2025-03-19,1,Aster,4399.89,4468.04,0.49411,0.48684,0.67113,0.65706,80,4,-999,-1111,-999,8,12,0.39623,117,2.26372,1
APP-202503-01-074,2025-03-26,0,Aster,4300.27,4352.65,0.30669,0.3107,0.37833,0.37517,91,3,1781.6,439,527,55,29,0.42435,214,3.05805,1
APP-202503-01-075,2025-03-06,0,Aster,4543.68,4550.09,0.26995,0.26548,0.25667,0.26314,102,4,2143.55,452,546,102,46,0.41818,311,3.37909,1
APP-202503-01-076,2025-03-13,0,Aster,4736.07,4777.66,0.29728,0.29422,0.30883,0.29962,113,0,2118.67,465,-1111,149,63,0.46025,408,3.42235,1
APP-202503-01-077,2025-03-20,0,Aster,4854.06,4899.27,0.34232,0.33928,0.51702,0.52998,124,1,-1111,478,-1111,196,80,0.47219,505,3.17653,1
APP-202503-01-078,2025-03-27,0,Aster,4729.5,4792.01,0.36488,0.35597,0.43595,0.4345,135,2,2234.36,491,-1111,32,97,0.48565,602,2.95751,1
APP-202503-01-079,2025-03-07,0,Aster,5187.08,5244.93,0.36822,0.36488,0.29116,0.29121,146,3,1975.43,504,142,79,13,0.34565,699,3.29011,1
APP-202503-01-080,2025-03-14,0,Aster,5070.97,5117.54,0.38744,0.38479,0.29158,0.29031,157,4,2243.91,517,161,126,30,0.37035,796,3.07056,1
APP-202504-01-001,2025-04-01,1,Aster,2737.36,2779.17,0.393,0.38812,0.51194,0.51086,8,2,916.75,420,100,0,0,0.36059,113,1.50854,1
APP-202504-01-002,2025-04-08,0,Aster,2769.48,2851.53,0.19991,0.19987,0.10425,0.08773,19,1,1645.54,433,119,47,17,0.32822,210,2.07584,1
APP-202504-01-003,2025-04-15,0,Aster,3036.59,3081.71,0.19437,0.19306,0.22918,0.22862,30,2,1120.76,446,138,94,34,0.36416,307,2.46788,1
APP-202504-01-004,2025-04-22,0,Aster,2820.23,2850.64,0.25883,0.2609,0.34593,0.36219,41,3,1823.15,459,157,141,51,0.40165,404,1.95606,1
APP-202504-01-005,2025-04-02,0,Aster,3036.02,3073.82,0.24978,0.24805,0.15434,0.16224,52,4,1424.43,472,176,188,68,0.40378,501,2.18584,1
APP-202504-01-006,2025-04-09,0,Aster,3083.83,3135.9,0.26272,0.25942,0.39246,0.40999,63,0,1536.19,485,195,24,85,0.44103,598,2.24243,1
APP-202504-01-007,2025-04-16,0,Aster,3191.18,3190.22,0.27921,0.27376,0.40209,0.41623,74,1,1274.76,498,214,71,1,0.47855,695,2.47503,1
APP-202504-01-008,2025-04-23,0,Aster,3569.73,3603.87,0.32665,0.33086,0.28808,0.2775,85,2,1330.87,511,233,118,18,0.4509,792,2.41127,1
APP-202504-01-009,2025-04-03,0,Aster,3600.16,3637.52,0.30931,0.30666,0.44065,0.45032,96,3,1690.67,524,252,165,35,0.45786,889,2.48508,1
APP-202504-01-010,2025-04-10,0,Aster,3727.44,3732.27,0.32067,0.3166,0.22723,0.21588,107,4,1287.86,537,271,1,52,0.47817,986,2.48968,1
APP-202504-01-011,2025-04-17,1,Aster,3805.79,3846.51,0.58459,0.57982,0.63928,0.63718,118,2,1055.78,550,290,48,69,0.47022,86,1.56181,1
APP-202504-01-012,2025-04-24,0,Aster,3923.59,3958.51,0.35977,0.36286,0.17642,0.18206,129,1,1849.26,563,309,95,86,0.46365,183,2.55268,1
APP-202504-01-013,2025-04-04,0,Aster,4082.24,4118.94,0.44172,0.44168,0.51755,0.51659,140,2,1609.01,576,328,142,2,0.4519,280,2.20896,1
APP-202504-01-014,2025-04-11,0,Aster,3915.75,3969.96,0.42031,0.42056,0.501,0.51536,151,3,1597.94,589,347,189,19,0.32159,377,2.28036,1
APP-202504-01-015,2025-04-18,0,Aster,4449.1,4481.29,0.41816,0.42072,0.28948,0.31876,162,4,1702.61,602,366,25,36,0.33651,474,2.66583,1
APP-202504-01-016,2025-04-25,0,Aster,4434.35,4493.62,0.4838,0.47954,0.36801,0.36957,173,0,1694.0,615,385,72,53,0.37006,571,2.28726,1
APP-202504-01-017,2025-04-05,0,Aster,4574.69,4646.18,0.46959,0.4606,0.44824,0.462,184,1,1920.14,628,404,119,70,0.45816,668,2.4657,1
APP-202504-01-018,2025-04-12,0,Aster,4656.86,4691.92,0.16545,0.16328,0.1506,0.14684,15,2,2766.47,641,423,166,87,0.3944,765,3.99231,1
APP-202504-01-019,2025-04-19,0,Aster,5110.81,5158.43,0.19038,0.18559,0.50001,0.4949,26,3,2499.31,654,442,2,3,0.38971,862,4.32495,1
APP-202504-01-020,2025-04-26,0,Aster,4939.24,5007.92,0.22916,0.22438,0.38426,0.40186,37,4,2243.22,667,461,49,20,0.43267,959,3.89523,1
APP-202504-01-021,2025-04-06,1,Aster,5192.77,5255.84,0.50416,0.49804,0.69592,0.7118,48,2,1969.91,680,480,96,37,0.42706,59,2.59936,1
APP-202504-01-022,2025-04-13,0,Aster,5186.96,5256.98,0.23054,0.23358,0.256,0.24603,59,1,2641.11,693,499,143,54,0.44503,156,4.00555,1
APP-202504-01-023,2025-04-20,0,Aster,5215.33,5298.37,0.28045,0.27871,0.1127,0.11963,70,2,2478.86,706,518,190,71,0.46187,253,3.83705,1
APP-202504-01-024,2025-04-27,0,Aster,5499.9,5572.15,0.30408,0.30187,0.56625,0.56884,81,3,2493.63,719,537,26,88,0.49158,350,3.95272,1
APP-202504-01-025,2025-04-07,0,Aster,5264.77,5337.45,0.24089,0.23245,0.29699,0.29624,92,4,2380.31,422,556,73,4,0.48078,447,4.045,1
APP-202504-01-026,2025-04-14,0,Aster,5660.29,5703.41,0.30533,0.2953,0.57121,0.56464,103,0,2602.1,435,575,120,21,0.5402,544,4.03484,1
APP-202504-01-027,2025-04-21,0,Aster,5889.54,5966.85,0.36693,0.3643,0.16659,0.15809,114,1,2061.56,448,114,167,38,0.35101,641,3.65637,1
APP-202504-01-028,2025-04-01,0,Aster,5823.29,5889.72,0.38077,0.37938,0.49539,0.49139,125,2,1969.55,461,133,3,55,0.37676,738,3.67989,1
APP-202504-01-029,2025-04-08,0,Aster,6168.8,6242.66,0.42083,0.41769,0.26052,0.25759,136,3,2124.57,474,152,50,72,0.41405,835,3.50605,1
APP-202504-01-030,2025-04-15,0,Aster,2455.83,2520.97,0.38266,0.37852,0.37962,0.37627,147,4,1025.76,487,171,97,89,0.39247,932,1.56388,1
APP-202504-01-031,2025-04-22,1,Aster,2980.66,2986.13,0.62558,0.62154,0.55968,0.54795,158,2,1159.2,500,190,144,5,0.40808,32,1.00813,1
APP-202504-01-032,2025-04-02,0,Aster,2996.01,3041.95,0.42127,0.42455,0.21296,0.21456,169,1,1175.85,513,209,191,22,0.43427,129,1.57781,1
APP-202504-01-033,2025-04-09,0,Aster,2921.02,2970.73,0.46264,0.45696,0.60233,0.61097,180,2,1152.85,526,228,27,39,0.4244,226,1.53686,1
APP-202504-01-034,2025-04-16,0,Aster,3052.17,3080.54,0.45882,0.45571,0.46036,0.44872,11,3,1485.77,539,247,74,56,0.431,323,1.53852,1
APP-202504-01-035,2025-04-23,0,Aster,3284.73,3331.33,0.17478,0.17395,0.31838,0.32585,22,4,1436.18,552,266,121,73,0.46207,420,2.74088,1
APP-202504-01-036,2025-04-03,0,Aster,3363.67,3404.74,0.1975,0.19153,0.28179,0.28955,33,0,1707.66,565,285,168,90,0.45217,517,2.73473,1
APP-202504-01-037,2025-04-10,0,Aster,3654.77,3708.65,0.22884,0.22626,0.32254,0.319,44,1,1731.98,578,304,4,6,0.44665,614,2.80566,1
APP-202504-01-038,2025-04-17,0,Aster,3647.02,3664.07,0.23096,0.23969,0.14476,0.14069,55,2,1842.96,591,323,51,23,0.50777,711,2.75148,1
APP-202504-01-039,2025-04-24,0,Aster,3635.77,3679.8,0.23865,0.23595,0.31609,0.31491,66,3,1692.18,604,342,98,40,0.51261,808,2.81836,1
APP-202504-01-040,2025-04-04,0,Aster,3705.26,3755.07,0.30932,0.30566,0.33452,0.34988,77,4,1978.1,617,361,145,57,0.3747,905,2.64287,1
APP-202505-01-001,2025-05-01,0,Aster,2453.07,2467.67,0.18757,0.18997,0.21825,0.2096,8,0,1171.7,420,100,0,0,0.39706,114,2.03448,1
APP-202505-01-002,2025-05-08,0,Aster,2945.18,2958.02,0.22037,0.21668,0.05,0.0486,19,1,1512.39,433,119,47,17,0.37696,211,2.31013,1
APP-202505-01-003,2025-05-15,0,Aster,2748.8,2797.83,0.16641,0.16402,0.12003,0.10109,30,2,1502.17,446,138,94,34,0.42865,308,2.31207,1
APP-202505-01-004,2025-05-22,0,Aster,3399.56,3442.53,0.25035,0.25042,0.2811,0.27914,41,3,1273.69,459,157,141,51,0.44148,405,2.46533,1
APP-202505-01-005,2025-05-02,0,Aster,2997.32,3072.23,0.20377,0.20003,0.35601,0.37146,52,4,1202.58,472,176,188,68,0.38253,502,2.36203,1
APP-202505-01-006,2025-05-09,0,Aster,3234.82,3272.17,0.28343,0.28576,0.46206,0.46232,63,0,1150.12,485,195,24,85,0.40421,599,2.27867,1
APP-202505-01-007,2025-05-16,0,Aster,3487.85,3550.95,0.29596,0.28047,0.3285,0.3333,74,1,1742.29,498,214,71,1,0.40748,696,2.59741,1
APP-202505-01-008,2025-05-23,1,Aster,3684.98,3771.51,0.54181,0.54253,0.68518,0.67851,85,4,1443.86,511,233,118,18,0.4648,793,1.6787,1
APP-202505-01-009,2025-05-03,0,Aster,3557.4,3654.48,0.31698,0.3148,0.08034,0.10365,96,3,1553.99,524,252,165,35,0.48486,890,2.3499,1
APP-202505-01-010,2025-05-10,0,Aster,3874.49,3937.22,0.35731,0.35579,0.30378,0.30116,107,4,1675.19,537,271,1,52,0.47742,987,2.54771,1
APP-202505-01-011,2025-05-17,0,Aster,3830.13,3841.08,0.34267,0.33481,0.49179,0.50729,118,0,2113.98,550,290,48,69,0.50166,87,2.53578,1
APP-202505-01-012,2025-05-24,0,Aster,3806.8,3799.23,0.39484,0.39452,0.38564,0.36887,129,1,1834.0,563,309,95,86,0.51556,184,2.32095,1
APP-202505-01-013,2025-05-04,0,Aster,4041.31,4113.88,0.34201,0.33163,0.71185,0.7153,140,2,1905.51,576,328,142,2,0.51884,281,2.72051,1
APP-202505-01-014,2025-05-11,0,Aster,4151.64,4187.2,0.40551,0.3997,0.68824,0.68506,151,3,1686.65,589,347,189,19,0.34739,378,2.40427,1
APP-202505-01-015,2025-05-18,0,Aster,4380.53,4422.17,0.43126,0.42658,0.29327,0.28864,162,4,1883.16,602,366,25,36,0.38117,475,2.5631,1
APP-202505-01-016,2025-05-25,0,Aster,4460.41,4495.66,0.46776,0.46438,0.26636,0.26106,173,0,1980.06,615,385,72,53,0.39794,572,2.38455,1
APP-202505-01-017,2025-05-05,0,Aster,4258.12,4277.94,0.44067,0.4402,0.23466,0.24375,184,1,1947.02,628,404,119,70,0.39216,669,2.35998,1
APP-202505-01-018,2025-05-12,0,Aster,5052.16,5111.09,0.17759,0.17245,0.16572,0.17752,15,2,2440.85,641,423,166,87,0.43498,766,4.25268,1
APP-202505-01-019,2025-05-19,0,Aster,4918.43,4918.69,0.16131,0.15115,0.25384,0.26277,26,3,2146.03,654,442,2,3,0.4315,863,4.30652,1
APP-202505-01-020,2025-05-26,0,Aster,4787.95,4902.48,0.25068,0.24416,0.27508,0.26233,37,4,2337.76,667,461,49,20,0.45203,960,3.4882,1
APP-202505-01-021,2025-05-06,0,Aster,5089.0,5161.79,0.19931,0.20457,0.46766,0.47037,48,0,2487.5,680,480,96,37,0.44864,60,4.0428,1
APP-202505-01-022,2025-05-13,0,Aster,5223.83,5285.03,0.25499,0.24939,0.16893,0.16521,59,1,2838.29,693,499,143,54,0.46623,157,3.797,1
APP-202505-01-023,2025-05-20,0,Aster,5342.54,5427.89,0.2521,0.24669,0.21411,0.20319,70,2,2500.74,706,518,190,71,0.50166,254,4.04246,1
APP-202505-01-024,2025-05-27,0,Aster,5535.69,5608.79,0.29842,0.30111,0.0771,0.07564,81,3,2622.43,719,537,26,88,0.49211,351,3.95588,1
APP-202505-01-025,2025-05-07,0,Aster,5541.91,5633.17,0.2794,0.27156,0.45095,0.4485,92,4,2413.81,422,556,73,4,0.48963,448,4.08563,1
APP-202505-01-026,2025-05-14,0,Aster,5582.11,5645.49,0.31373,0.30895,0.38257,0.37654,103,0,2686.35,435,575,120,21,0.54808,545,3.76243,1
APP-202505-01-027,2025-05-21,0,Aster,5627.47,5694.55,0.34383,0.34915,0.34797,0.35964,114,1,2104.26,448,114,167,38,0.35514,642,3.62364,1
APP-202505-01-028,2025-05-01,0,Aster,5975.35,6045.22,0.34779,0.34212,0.41008,0.41955,125,2,2783.4,461,133,3,55,0.35846,739,3.87033,1
APP-202505-01-029,2025-05-08,0,Aster,5959.76,6057.81,0.37752,0.36885,0.30721,0.32094,136,3,3048.02,474,152,50,72,0.39434,836,3.6674,1
APP-202505-01-030,2025-05-15,0,Aster,2729.9,2776.69,0.3808,0.3784,0.30473,0.29728,147,4,1327.29,487,171,97,89,0.40377,933,1.77362,1
APP-202505-01-031,2025-05-22,0,Aster,2781.62,2823.7,0.38304,0.38034,0.32571,0.32426,158,0,1375.71,500,190,144,5,0.41951,33,1.66367,1
APP-202505-01-032,2025-05-02,0,Aster,2941.77,2988.09,0.42265,0.42186,0.3904,0.39356,169,1,1322.59,513,209,191,22,0.42557,130,1.70785,1
APP-202505-01-033,2025-05-09,0,Aster,3081.87,3121.2,0.48017,0.47018,0.63032,0.63729,180,2,1160.71,526,228,27,39,0.44194,227,1.62632,1
APP-202505-01-034,2025-05-16,0,Aster,3088.54,3112.74,0.46632,0.46099,0.58108,0.58579,11,3,1574.16,539,247,74,56,0.43428,324,1.66707,1
APP-202505-01-035,2025-05-23,0,Aster,3128.6,3150.21,0.16179,0.16106,0.20324,0.19548,22,4,1580.09,552,266,121,73,0.46143,421,2.54211,1
APP-202505-01-036,2025-05-03,0,Aster,3348.29,3403.23,0.18399,0.17654,0.05863,0.06818,33,0,1624.69,565,285,168,90,0.47116,518,2.64819,1
APP-202505-01-037,2025-05-10,0,Aster,3414.39,3452.31,0.20031,0.19916,0.27738,0.29201,44,1,1408.63,578,304,4,6,0.4983,615,2.61013,1
APP-202505-01-038,2025-05-17,0,Aster,3649.99,3684.85,0.20416,0.19795,0.10386,0.10686,55,2,1658.25,591,323,51,23,0.52513,712,2.78237,1
APP-202505-01-039,2025-05-24,0,Aster,3747.42,3767.67,0.25431,0.25374,0.29737,0.31217,66,3,1851.37,604,342,98,40,0.53842,809,2.71655,1
APP-202505-01-040,2025-05-04,0,Aster,3847.25,3873.77,0.28483,0.28562,0.47851,0.48427,77,4,2067.37,617,361,145,57,0.36549,906,2.63991,1
APP-202505-01-041,2025-05-11,0,Aster,3932.16,3979.61,0.31559,0.30975,0.20069,0.20374,88,0,2109.2,630,380,192,74,0.39584,6,2.72327,1
APP-202505-01-042,2025-05-18,0,Aster,3966.0,3977.58,0.29085,0.29855,0.51448,0.53135,99,1,2393.76,643,399,28,91,0.4015,103,2.74109,1
APP-202505-01-043,2025-05-25,0,Aster,4263.9,4309.38,0.35672,0.35372,0.25755,0.25164,110,2,1873.06,656,418,75,7,0.43523,200,2.72399,1
APP-202505-01-044,2025-05-05,1,Aster,4270.15,4289.08,0.49097,0.48226,0.42064,0.41583,121,5,1476.66,669,437,122,24,0.41706,297,2.17713,1
APP-202505-01-045,2025-05-12,0,Aster,4532.4,4556.03,0.35022,0.33971,0.31475,0.31976,132,4,1890.51,682,456,169,41,0.41797,394,3.07408,1
APP-202505-01-046,2025-05-19,0,Aster,4496.19,4567.74,0.37323,0.36191,0.32401,0.32019,143,0,2245.16,695,475,5,58,0.41992,491,2.79236,1
APP-202505-01-047,2025-05-26,0,Aster,4619.43,4680.85,0.43332,0.42903,0.41607,0.41028,154,1,1856.26,708,494,52,75,0.47191,588,2.58,1
APP-202505-01-048,2025-05-06,0,Aster,4571.84,4659.56,0.42599,0.4164,0.48196,0.46671,165,2,1992.37,721,513,99,92,0.47621,685,2.68737,1
APP-202505-01-049,2025-05-13,0,Aster,4817.29,4924.09,0.43762,0.43019,0.53361,0.53005,176,3,2504.92,424,532,146,8,0.51039,782,2.7203,1
APP-202505-01-050,2025-05-20,0,Aster,4957.9,5017.75,0.45486,0.44771,0.3686,0.37052,187,4,1761.49,437,551,193,25,0.50207,879,2.62201,1
APP-202505-01-051,2025-05-27,0,Aster,5150.17,5229.92,0.4731,0.47014,0.49137,0.49093,18,0,2104.93,450,570,29,42,0.54146,976,2.57937,1
APP-202505-01-052,2025-05-07,0,Aster,5226.11,5277.33,0.19115,0.19678,0.11503,0.1232,29,1,2210.31,463,109,76,59,0.50155,76,4.30163,1
APP-202505-01-053,2025-05-14,0,Aster,5319.4,5366.4,0.20241,0.1985,0.22511,0.21871,40,2,2344.73,476,128,123,76,0.35854,173,4.30261,1
APP-202505-01-054,2025-05-21,0,Aster,5376.39,5451.68,0.20616,0.20718,0.47724,0.48424,51,3,2638.94,489,147,170,93,0.36481,270,4.33556,1
APP-202505-01-055,2025-05-01,0,Aster,5775.84,5825.7,0.23979,0.24264,0.26211,0.26517,62,4,2779.24,502,166,6,9,0.42596,367,4.17103,1
APP-202505-01-056,2025-05-08,0,Aster,5711.59,5802.38,0.22282,0.22575,0.39765,0.40295,73,0,2864.82,515,185,53,26,0.39633,464,4.64249,1
APP-202505-01-057,2025-05-15,0,Aster,5845.31,5922.62,0.25623,0.25113,0.10616,0.12208,84,1,2719.23,528,204,100,43,0.45128,561,4.30179,1
APP-202505-01-058,2025-05-22,0,Aster,5861.16,5929.62,0.29646,0.29009,0.32365,0.31318,95,2,2945.99,541,223,147,60,0.46635,658,4.04522,1
APP-202505-01-059,2025-05-02,0,Aster,2820.23,2824.91,0.29413,0.29294,0.27992,0.2737,106,3,964.55,554,242,194,77,0.4378,755,1.88505,1
APP-202505-01-060,2025-05-09,0,Aster,2619.83,2655.68,0.35575,0.34907,0.30715,0.3026,117,4,1263.84,567,261,30,94,0.46988,852,1.57402,1
APP-202505-01-061,2025-05-16,0,Aster,3004.83,3076.64,0.37883,0.3704,0.26954,0.2597,128,0,1084.94,580,280,77,10,0.47977,949,1.84459,1
APP-202505-01-062,2025-05-23,0,Aster,2989.22,2999.56,0.32309,0.31494,0.52099,0.5178,139,1,1593.45,593,299,124,27,0.48723,49,1.9811,1
APP-202505-01-063,2025-05-03,0,Aster,3191.44,3233.24,0.40454,0.39978,0.44612,0.46275,150,2,1577.68,606,318,171,44,0.50869,146,1.97865,1
APP-202505-01-064,2025-05-10,0,Aster,3484.26,3514.58,0.37202,0.37486,0.32125,0.33461,161,3,1124.57,619,337,7,61,0.48402,243,2.1904,1
APP-202505-01-065,2025-05-17,0,Aster,3365.14,3408.66,0.40671,0.40264,0.36118,0.35279,172,4,1330.31,632,356,54,78,0.54136,340,1.99818,1
APP-202505-01-066,2025-05-24,0,Aster,3287.11,3336.76,0.40474,0.39848,0.43607,0.45061,183,0,1193.14,645,375,101,95,0.38468,437,2.07832,1
APP-202505-01-067,2025-05-04,0,Aster,3615.96,3662.41,0.45825,0.44563,0.60379,0.60902,14,1,1205.1,658,394,148,11,0.3981,534,1.96196,1
APP-202505-01-068,2025-05-11,0,Aster,3716.62,3770.41,0.46878,0.46957,0.6517,0.66314,25,2,1268.89,671,413,195,28,0.39868,631,2.03838,1
APP-202505-01-069,2025-05-18,0,Aster,3939.46,3981.45,0.2038,0.20563,0.22708,0.22153,36,3,1449.07,684,432,31,45,0.38237,728,3.0899,1
APP-202505-01-070,2025-05-25,0,Aster,4028.64,4084.9,0.20202,0.19241,0.27709,0.27675,47,4,1860.61,697,451,78,62,0.38946,825,3.13951,1
APP-202505-01-071,2025-05-05,0,Aster,4155.78,4212.59,0.17595,0.17243,0.05,0.05704,58,0,2190.3,710,470,125,79,0.41829,922,3.42981,1
APP-202505-01-072,2025-05-12,0,Aster,4217.68,4317.19,0.23277,0.23346,0.05,0.05496,69,1,1475.84,723,489,172,96,0.40943,22,3.2334,1
APP-202505-01-073,2025-05-19,0,Aster,4432.46,4459.77,0.21828,0.22229,0.10679,0.08225,80,2,2065.55,426,508,8,12,0.43445,119,3.58132,1
APP-202505-01-074,2025-05-26,0,Aster,4820.07,4861.87,0.27895,0.27524,0.32309,0.33792,91,3,1972.63,439,527,55,29,0.45336,216,3.49395,1
APP-202505-01-075,2025-05-06,0,Aster,4539.94,4586.61,0.31395,0.3121,0.37151,0.37257,102,4,1914.71,452,546,102,46,0.47449,313,3.04683,1
APP-202505-01-076,2025-05-13,0,Aster,4536.11,4604.85,0.32736,0.32526,0.37481,0.37057,113,0,2129.75,465,565,149,63,0.49213,410,2.97217,1
APP-202505-01-077,2025-05-20,0,Aster,4722.63,4766.13,0.3107,0.31299,0.37395,0.36934,124,1,1937.4,478,104,196,80,0.51467,507,3.12328,1
APP-202505-01-078,2025-05-27,0,Aster,5254.54,5316.76,0.31271,0.31634,0.05,0.04909,135,2,2531.33,491,123,32,97,0.50803,604,3.58516,1
APP-202505-01-079,2025-05-07,0,Aster,5137.56,5228.84,0.37192,0.36358,0.35392,0.35494,146,3,2407.44,504,142,79,13,0.38541,701,3.20393,1
APP-202505-01-080,2025-05-14,0,Aster,5243.47,5309.93,0.37252,0.36412,0.44811,0.46902,157,4,2528.53,517,161,126,30,0.38132,798,3.18292,1
APP-202506-01-001,2025-06-01,1,Aster,,2811.8,-1111,,-999,-1,,2,,,,0,0,0.39374,115,1.66025,1
APP-202506-01-002,2025-06-08,0,Aster,2963.35,2996.33,0.18425,0.18346,0.10623,0.11943,19,1,1446.27,,,47,17,0.38761,212,2.48034,1
APP-202506-01-003,2025-06-15,0,Aster,2928.19,2954.19,0.22096,0.21738,0.31271,0.32563,30,2,1265.74,,,94,34,0.44732,309,2.28272,1
APP-202506-01-004,2025-06-22,0,Aster,3080.81,3112.74,0.22781,0.22051,0.34177,0.32708,41,3,1803.79,,157,141,51,0.45742,406,2.42957,1
APP-202506-01-005,2025-06-02,0,Aster,3234.89,3264.8,0.22699,0.22413,0.24922,0.25819,52,4,-1,,176,188,68,0.45782,503,2.48266,1
APP-202506-01-006,2025-06-09,0,Aster,3371.34,3407.6,0.26508,0.26565,0.53952,0.55377,63,0,1871.57,,-1,24,85,0.41691,600,2.27954,1
APP-202506-01-007,2025-06-16,0,Aster,3397.3,3440.22,0.31979,0.31654,0.38684,0.41501,74,1,1310.94,,-1,71,1,0.46247,697,2.43135,1
APP-202506-01-008,2025-06-23,0,Aster,3637.53,3689.07,0.2802,0.27643,0.24497,0.23546,85,2,1704.41,,-1,118,18,0.45359,794,2.6669,1
APP-202506-01-009,2025-06-03,0,Aster,3458.12,3460.41,0.33905,0.33862,0.24745,0.24552,96,3,-999,,252,165,35,0.49347,891,2.27378,1
APP-202506-01-010,2025-06-10,1,Aster,3771.64,3823.15,0.60805,0.60301,0.5522,0.5647,107,6,1338.46,,271,1,52,0.52884,988,1.36523,1
APP-202506-01-011,2025-06-17,0,Aster,4008.04,-999,0.38133,0.38313,0.19921,0.21026,-1,-1,1633.89,,-999,48,69,0.51562,88,2.48313,1
APP-202506-01-012,2025-06-24,0,Aster,4006.88,4032.96,0.35893,0.35308,0.4616,0.45794,129,1,1946.19,,-999,95,86,0.54849,185,2.68187,1
APP-202506-01-013,2025-06-04,0,Aster,4026.13,4064.58,0.37573,0.36382,0.49154,0.50412,140,2,-1111,,-999,142,2,0.53652,282,2.64786,1
APP-202506-01-014,2025-06-11,0,Aster,4167.84,4241.88,0.36714,0.3619,0.38887,0.38493,151,3,1993.7,589,347,189,19,0.40032,379,2.48739,1
APP-202506-01-015,2025-06-18,0,Aster,4294.86,4328.77,0.42927,0.42095,0.39737,0.40369,162,4,1832.3,602,366,25,36,0.42002,476,2.59828,1
APP-202506-01-016,2025-06-25,0,Aster,4403.65,4420.12,0.4772,0.48209,0.33428,0.32134,173,0,1827.39,615,-1111,72,53,0.38254,573,2.28405,1
APP-202506-01-017,2025-06-05,0,Aster,4453.89,4540.67,,0.43432,0.37937,0.37882,184,1,,628,-1111,119,70,0.45673,670,2.36685,1
APP-202506-01-018,2025-06-12,0,Aster,4747.71,4827.03,0.19695,0.20074,0.16204,0.17182,15,2,2193.64,641,-1111,166,87,0.46088,767,3.90477,1
APP-202506-01-019,2025-06-19,1,Aster,4617.88,4688.71,0.43364,0.43455,0.5973,0.5948,26,5,1800.77,654,442,2,3,0.42564,864,2.55878,1
APP-202506-01-020,2025-06-26,0,Aster,4847.65,4892.82,0.21696,0.21364,0.25744,0.24172,37,4,2107.51,667,461,49,20,0.47218,961,3.76802,1
APP-202506-01-021,2025-06-06,0,Aster,-1,5072.98,0.24546,-1,0.43888,0.4529,-999,0,-1,-1,,96,37,0.50092,61,3.84491,1
APP-202506-01-022,2025-06-13,0,Aster,5043.28,5128.95,0.27574,0.27547,0.15089,0.13807,59,1,2435.46,-1,,143,54,0.517,158,3.59938,1
APP-202506-01-023,2025-06-20,0,Aster,5324.1,5411.67,0.27366,0.26897,0.16697,0.16558,70,2,2340.59,-1,,190,71,0.48915,255,3.91617,1
APP-202506-01-024,2025-06-27,0,Aster,5454.32,5521.96,0.28305,0.28085,0.05,0.04057,81,3,2473.55,-1,537,26,88,0.50497,352,3.86925,1
APP-202506-01-025,2025-06-07,0,Aster,5617.08,5682.7,0.31042,0.29948,0.21413,0.21725,92,4,-999,-1,556,73,4,0.55889,449,3.91971,1
APP-202506-01-026,2025-06-14,0,Aster,5728.95,5768.07,0.27523,0.28005,0.47076,0.47965,103,0,2833.15,-1,-1,120,21,0.55758,546,4.14536,1
APP-202506-01-027,2025-06-21,0,Aster,5725.14,5834.64,0.39689,0.39388,0.48277,0.49107,114,1,2299.46,-1,-1,167,38,0.37154,643,3.40799,1
APP-202506-01-028,2025-06-01,1,Aster,6079.52,6132.34,0.57747,0.57865,0.75211,0.7544,125,4,1858.1,-1,-1,3,55,0.44079,740,2.56577,1
APP-202506-01-029,2025-06-08,0,Aster,6095.81,6175.36,0.39477,0.39224,0.38741,0.39146,136,3,-1111,-1,152,50,72,0.43067,837,3.64628,1
APP-202506-01-030,2025-06-15,0,Aster,2717.58,2757.73,0.38865,0.38647,0.33372,0.32699,147,4,1133.5,-1,171,97,89,0.4259,934,1.67377,1
APP-202506-01-031,2025-06-22,0,Aster,2757.31,2775.86,0.38135,0.38157,0.27982,0.27806,-1111,0,1486.28,-1,-999,144,5,0.45218,34,1.77501,1
APP-202506-01-032,2025-06-02,0,Aster,2975.99,3047.29,0.37898,0.37505,0.42095,0.41648,169,1,1706.74,-1,-999,191,22,0.4788,131,1.8244,1
APP-202506-01-033,2025-06-09,0,Aster,3013.15,3049.87,-1,0.42345,0.39606,0.39475,180,2,,-1,-999,27,39,0.40343,228,1.77663,1
APP-202506-01-034,2025-06-16,0,Aster,3238.04,3253.59,0.46609,0.46174,0.49411,0.50894,11,3,1213.44,539,247,74,56,0.55453,325,1.72578,1
APP-202506-01-035,2025-06-23,0,Aster,3261.08,3290.67,0.14258,0.14608,0.28281,0.28112,22,4,1159.78,552,266,121,73,0.47198,422,2.90684,1
APP-202506-01-036,2025-06-03,0,Aster,3671.01,-1111,0.16736,0.16342,0.24742,0.25254,33,0,1953.88,565,-1111,168,90,0.51366,519,2.94552,1
APP-202506-01-037,2025-06-10,1,Aster,3354.57,3389.2,0.44201,0.4415,0.26683,0.25131,44,3,-1,578,-1111,4,6,0.50673,616,1.73668,1
APP-202506-01-038,2025-06-17,0,Aster,3769.02,3832.92,0.25463,0.25761,0.05781,0.04789,55,2,2011.05,591,-1111,51,23,0.51814,713,2.78629,1
APP-202506-01-039,2025-06-24,0,Aster,3765.99,3821.44,0.24386,0.24285,0.12931,0.13133,66,3,1844.62,604,342,98,40,0.51952,810,2.96843,1
APP-202506-01-040,2025-06-04,0,Aster,3950.2,3990.3,0.2917,0.28629,0.30085,0.28606,77,4,1828.22,617,361,145,57,0.40866,907,2.83949,1
APP-202506-01-041,2025-06-11,0,Aster,-999,4030.38,0.28881,-999,-1111,0.36783,,0,-999,-999,,192,74,0.39118,7,2.74971,1
APP-202506-01-042,2025-06-18,0,Aster,4040.32,4083.97,0.31062,0.31222,0.21596,0.21172,99,1,1382.73,-999,,28,91,0.40439,104,2.81133,1
APP-202506-01-043,2025-06-25,0,Aster,4330.56,4372.16,0.28826,0.28041,0.13788,0.15137,110,2,1224.54,-999,,75,7,0.44532,201,3.06635,1
APP-202506-01-044,2025-06-05,0,Aster,4322.3,4377.32,0.35958,0.36437,0.15299,0.13838,121,3,1713.4,-999,437,122,24,0.49134,298,2.96053,1
APP-202506-01-045,2025-06-12,0,Aster,4454.07,4490.21,0.34193,0.33508,0.26179,0.26072,132,4,-1111,-999,456,169,41,0.44064,395,2.97233,1
APP-202506-01-046,2025-06-19,1,Aster,4408.64,4483.84,0.56705,0.57102,0.54982,0.54848,143,2,1389.31,-999,-1,5,58,0.48139,492,1.94668,1
APP-202506-01-047,2025-06-26,0,Aster,4729.1,4756.93,0.42794,0.42699,0.52406,0.52409,154,1,1671.56,-999,-1,52,75,0.48817,589,2.62263,1
APP-202506-01-048,2025-06-06,0,Aster,4880.34,4958.07,0.45659,0.44976,0.31019,0.30914,165,2,1955.4,-999,-1,99,92,0.49736,686,2.74235,1
APP-202506-01-049,2025-06-13,0,Aster,4967.57,5034.22,-999,0.39742,0.5552,-999,176,3,,-999,532,146,8,0.49111,783,2.90719,1
APP-202506-01-050,2025-06-20,0,Aster,5147.77,5236.13,0.46839,0.45521,0.26309,0.26884,187,4,2026.74,-999,551,193,25,0.53236,880,2.65336,1
APP-202506-01-051,2025-06-27,0,Aster,5175.36,5282.2,0.49685,0.49417,0.32968,0.32269,-1,0,2010.1,-999,-999,29,42,0.55381,977,2.60453,1
APP-202506-01-052,2025-06-07,0,Aster,5314.09,5371.79,0.19247,0.1923,0.19753,0.18759,29,1,2465.47,-999,-999,76,59,0.57734,77,4.21236,1
APP-202506-01-053,2025-06-14,0,Aster,5466.4,5521.43,0.18823,0.18181,0.2157,0.22307,40,2,-1,-999,-999,123,76,0.38424,174,4.28201,1
APP-202506-01-054,2025-06-21,0,Aster,5594.57,5623.22,0.19819,0.19387,0.17812,0.17146,51,3,2722.9,489,147,170,93,0.43048,271,4.55631,1
APP-202506-01-055,2025-06-01,1,Aster,5693.79,5756.89,0.46416,0.45854,0.50785,0.5156,62,6,2644.86,502,166,6,9,0.38552,368,3.07275,1
APP-202506-01-056,2025-06-08,0,Aster,5477.45,5530.37,0.2521,0.25015,0.32883,0.33266,73,0,2837.45,515,-1111,53,26,0.43466,465,4.08214,1
APP-202506-01-057,2025-06-15,0,Aster,5973.43,6060.64,0.27904,0.27251,0.32664,0.31702,84,1,-999,528,-1111,100,43,0.48279,562,4.3345,1
APP-202506-01-058,2025-06-22,0,Aster,6063.16,6162.91,0.2691,0.27058,0.18188,0.18615,95,2,2784.98,541,-1111,147,60,0.46987,659,4.40807,1
APP-202506-01-059,2025-06-02,0,Aster,2918.5,2960.36,0.30906,0.30967,0.29141,0.29461,106,3,1306.4,554,242,194,77,0.4379,756,2.0701,1
APP-202506-01-060,2025-06-09,0,Aster,2756.8,2767.11,0.37182,0.37417,0.38497,0.37736,117,4,1356.32,567,261,30,94,0.51654,853,1.55131,1
APP-202506-01-061,2025-06-16,0,Aster,-1111,,0.32635,-1111,0.3985,0.38707,-999,-999,-1111,-1111,,77,10,0.48764,950,1.94032,1
APP-202506-01-062,2025-06-23,0,Aster,2990.23,3000.0,0.38477,0.38711,0.48642,0.495,139,1,1118.04,-1111,,124,27,0.48403,50,1.93719,1
APP-202506-01-063,2025-06-03,0,Aster,3120.25,3189.28,0.40266,0.40149,0.4685,0.45903,150,2,1160.77,-1111,,171,44,0.51768,147,1.83081,1
APP-202506-01-064,2025-06-10,1,Aster,3151.88,3173.63,0.61645,0.61955,0.47704,0.47999,161,5,1250.96,-1111,337,7,61,0.5802,244,1.02416,1
APP-202506-01-065,2025-06-17,0,Aster,3199.74,3230.27,-1111,0.38576,0.32364,0.33472,172,4,,-1111,356,54,78,0.5607,341,1.95217,1
APP-202506-01-066,2025-06-24,0,Aster,3935.22,3972.72,0.44094,0.4397,0.39944,0.40509,183,0,1213.96,-1111,-1,101,95,0.38272,438,2.27228,1
APP-202506-01-067,2025-06-04,0,Aster,3598.2,3629.6,0.46446,0.4637,0.3781,0.35724,14,1,1640.43,-1111,-1,148,11,0.43116,535,1.96892,1
APP-202506-01-068,2025-06-11,0,Aster,3776.22,3826.07,0.45355,0.45549,0.47394,0.46951,25,2,1552.22,-1111,-1,195,28,0.43147,632,2.03747,1
APP-202506-01-069,2025-06-18,0,Aster,3749.4,3826.69,0.14531,0.14394,0.30206,0.3098,36,3,-1,-1111,432,31,45,0.38688,729,3.17236,1
APP-202506-01-070,2025-06-25,0,Aster,4088.85,4116.43,0.24955,0.24695,0.21585,0.20956,47,4,2010.3,-1111,451,78,62,0.44649,826,3.04867,1
APP-202506-01-071,2025-06-05,0,Aster,3986.98,4052.99,0.22669,0.22449,0.28636,0.29599,-1111,0,1624.31,-1111,-999,125,79,0.46454,923,3.18334,1
APP-202506-01-072,2025-06-12,0,Aster,4467.72,4522.21,0.25616,0.25212,0.21313,0.22334,69,1,1820.07,-1111,-999,172,96,0.48265,23,3.36141,1
APP-202506-01-073,2025-06-19,1,Aster,4375.5,4394.74,0.4669,0.47422,0.43563,0.44566,80,4,-999,-1111,-999,8,12,0.44919,120,2.38004,1
APP-202506-01-074,2025-06-26,0,Aster,4291.03,4342.26,0.26772,0.26891,0.22817,0.23182,91,3,1599.88,439,527,55,29,0.45568,217,3.15718,1
APP-202506-01-075,2025-06-06,0,Aster,4539.68,4578.37,0.30459,0.29979,0.21369,0.21328,102,4,1776.21,452,546,102,46,0.48783,314,3.0845,1
APP-202506-01-076,2025-06-13,0,Aster,4860.24,4934.59,0.32652,0.32025,0.49569,0.48962,113,0,2209.75,465,-1111,149,63,0.54311,411,3.39793,1
APP-202506-01-077,2025-06-20,0,Aster,4741.31,4829.7,0.34004,0.33539,0.55425,0.56887,124,1,-1111,478,-1111,196,80,0.54196,508,3.26946,1
APP-202506-01-078,2025-06-27,0,Aster,5175.0,5229.96,0.32811,0.32727,0.20421,0.21539,135,2,2332.8,491,-1111,32,97,0.53912,605,3.48345,1
APP-202506-01-079,2025-06-07,0,Aster,5087.12,5142.15,0.39135,0.39272,0.28147,0.28917,146,3,2432.44,504,142,79,13,0.42403,702,3.12006,1
APP-202506-01-080,2025-06-14,0,Aster,5319.25,5364.01,0.38452,0.37937,0.49086,0.48773,157,4,2474.11,517,161,126,30,0.41791,799,3.17844,1
APP-202501-02-001,2025-01-02,0,Briar,,3233.51,,,,0.05367,,1,,,,29,0,0.29034,147,2.74694,1
APP-202501-02-002,2025-01-09,0,Briar,2967.46,3022.39,0.18576,0.18483,0.08644,0.09,28,2,1638.56,,,76,17,0.31767,244,2.38499,1
APP-202501-02-003,2025-01-16,0,Briar,3223.12,3280.25,0.18163,0.18357,0.21761,0.21586,39,3,1215.45,,,123,34,0.26901,341,2.68754,1
APP-202501-02-004,2025-01-23,0,Briar,3232.57,3297.95,0.26253,0.25661,0.46871,0.47437,50,4,1430.82,,180,170,51,0.36116,438,2.36327,1
APP-202501-02-005,2025-01-03,0,Briar,3182.05,3198.02,0.29418,0.28823,0.4503,0.43553,61,0,-1,,199,6,68,0.36261,535,2.19747,1
APP-202501-02-006,2025-01-10,0,Briar,3507.08,-1,0.26072,0.25664,0.49399,0.50761,72,1,1662.23,,-1,53,85,0.38537,632,2.49532,1
APP-202501-02-007,2025-01-17,0,Briar,3446.98,3511.95,0.27646,0.27452,0.37752,0.36755,83,2,1781.57,,-1,100,1,0.35232,729,2.50814,1
APP-202501-02-008,2025-01-24,0,Briar,3425.83,3462.17,0.32202,0.31561,0.42846,0.43017,94,3,949.78,,-1,147,18,0.41574,826,2.36666,1
APP-202501-02-009,2025-01-04,0,Briar,3768.3,3821.15,0.30782,0.3036,0.25848,0.27356,105,4,-999,,275,194,35,0.36257,923,2.52335,1
APP-202501-02-010,2025-01-11,1,Briar,3860.19,3883.74,0.55049,0.54881,0.65372,0.67033,116,2,1257.73,,294,30,52,0.36612,23,1.66786,1
APP-202501-02-011,2025-01-18,0,Briar,4015.11,4055.09,0.33117,0.33112,0.13876,0.14929,-1,1,1526.8,,-999,77,69,0.35553,120,2.58049,1
APP-202501-02-012,2025-01-25,0,Briar,4366.17,4422.19,0.36708,0.36905,0.5383,0.54976,138,2,2041.62,,-999,124,86,0.43307,217,2.79596,1
APP-202501-02-013,2025-01-05,0,Briar,3984.86,4022.73,0.39744,0.39556,0.55161,0.5346,149,3,-1111,,-999,171,2,0.40562,314,2.44024,1
APP-202501-02-014,2025-01-12,0,Briar,4368.23,4412.68,0.40616,0.40874,0.55397,0.54705,160,4,1818.09,606,370,7,19,0.29201,411,2.64028,1
APP-202501-02-015,2025-01-19,0,Briar,4776.9,4853.66,0.41894,0.41008,0.14357,0.14733,171,0,2082.19,619,389,54,36,0.3289,508,2.75656,1
APP-202501-02-016,2025-01-26,0,Briar,4618.4,4702.21,0.47992,0.47975,0.43278,0.43282,182,1,1716.79,632,-1111,101,53,0.30765,605,2.41122,1
APP-202501-02-017,2025-01-06,0,Briar,4730.5,4786.57,-1,0.49936,0.34015,-1111,13,2,,645,-1111,148,70,0.30808,702,2.41227,1
APP-202501-02-018,2025-01-13,0,Briar,4858.11,4897.52,0.20105,0.20125,0.13022,0.14778,24,3,2123.35,658,-1111,195,87,0.31284,799,3.85301,1
APP-202501-02-019,2025-01-20,0,Briar,4955.31,5016.62,0.17258,0.17336,0.25764,0.27815,35,4,2589.36,671,465,31,3,0.30763,896,4.06039,1
APP-202501-02-020,2025-01-27,0,Briar,5229.33,5298.35,0.22932,0.23006,0.3132,0.32568,46,0,2456.83,684,484,78,20,0.31957,993,4.0366,1
APP-202501-02-021,2025-01-07,1,Briar,-1,5225.7,0.4408,-1,0.66211,0.67583,-999,3,-1,-1,,125,37,0.37623,93,2.83602,1
APP-202501-02-022,2025-01-14,0,Briar,5408.97,5466.93,0.27359,0.27021,0.25457,0.25055,68,2,2381.47,-1,,172,54,0.39361,190,4.00936,1
APP-202501-02-023,2025-01-21,0,Briar,5457.64,5519.22,0.26465,0.2631,0.37685,0.37993,79,3,2631.66,-1,,8,71,0.33731,287,3.95892,1
APP-202501-02-024,2025-01-01,0,Briar,5602.19,5657.19,0.24257,0.24759,0.29029,0.28777,90,4,2709.96,-1,560,55,88,0.39359,384,4.10783,1
APP-202501-02-025,2025-01-08,0,Briar,5765.4,5816.4,0.32539,0.32581,0.24342,0.25718,101,0,-999,-1,579,102,4,0.42575,481,3.81973,1
APP-202501-02-026,2025-01-15,0,Briar,5861.47,5944.07,0.32171,0.30991,0.42677,0.42502,112,1,2673.19,-1,-1,149,21,0.40634,578,4.0951,1
APP-202501-02-027,2025-01-22,0,Briar,5993.75,6032.73,0.32353,0.32453,0.49924,0.49741,123,2,2663.38,-1,-1,196,38,0.26987,675,3.95357,1
APP-202501-02-028,2025-01-02,0,Briar,6037.97,6138.37,0.29907,0.29493,0.48864,0.48749,134,3,2424.55,-1,-1,32,55,0.3132,772,4.23281,1
APP-202501-02-029,2025-01-09,0,Briar,6165.55,6209.9,0.39881,0.39894,0.24047,0.2391,145,4,-1111,-1,175,79,72,0.28543,869,3.72779,1
APP-202501-02-030,2025-01-16,0,Briar,2849.85,2903.09,0.43658,0.43581,0.39982,0.41034,156,0,1093.7,-1,194,126,89,0.31224,966,1.61075,1
APP-202501-02-031,2025-01-23,0,Briar,3136.51,-999,0.39773,0.39625,0.1619,0.17592,-1111,-1111,1044.97,-1,-999,173,5,0.31544,66,1.98093,1
APP-202501-02-032,2025-01-03,1,Briar,2968.27,3015.41,0.62605,0.60763,0.97776,0.98871,178,4,992.45,-1,-999,9,22,0.35909,163,1.03107,1
APP-202501-02-033,2025-01-10,0,Briar,3160.2,3185.33,-999,0.4271,0.47694,0.46802,9,3,,-1,-999,56,39,0.34659,260,1.99699,1
APP-202501-02-034,2025-01-17,0,Briar,3261.94,3316.91,0.46797,0.4668,0.67752,0.67287,20,4,1478.5,556,270,103,56,0.35859,357,1.55487,1
APP-202501-02-035,2025-01-24,0,Briar,3544.36,3579.26,0.17882,0.17458,0.22948,0.22896,31,0,1781.59,569,289,150,73,0.3802,454,3.00601,1
APP-202501-02-036,2025-01-04,0,Briar,3627.24,3656.9,0.16144,0.16575,0.21799,0.21153,42,1,1692.39,582,-1111,197,90,0.37403,551,3.01657,1
APP-202501-02-037,2025-01-11,0,Briar,3707.01,3742.07,0.21854,0.21134,0.05,0.06156,53,2,-1,595,-1111,33,6,0.38926,648,2.89217,1
APP-202501-02-038,2025-01-18,0,Briar,3808.13,3857.51,0.21773,0.2126,0.16421,0.15834,64,3,2006.45,608,-1111,80,23,0.38961,745,2.98824,1
APP-202501-02-039,2025-01-25,0,Briar,4083.91,4118.33,0.29473,0.29553,0.36735,0.35688,75,4,1979.15,621,365,127,40,0.38598,842,2.9495,1
APP-202501-02-040,2025-01-05,0,Briar,4035.7,4076.15,0.26617,0.26757,0.32856,0.32711,86,0,1839.42,634,384,174,57,0.27997,939,2.86038,1
APP-202501-02-041,2025-01-12,0,Briar,-999,4120.21,0.29877,-999,-1,0.61037,,1,-999,-999,,10,74,0.29392,39,2.8389,1
APP-202501-02-042,2025-01-19,0,Briar,4244.28,4320.42,0.32267,0.32171,0.48843,0.4881,108,2,1982.44,-999,,57,91,0.32759,136,2.97274,1
APP-202501-02-043,2025-01-26,1,Briar,4332.05,4363.74,0.5193,0.51254,0.51587,0.50991,119,5,1418.96,-999,,104,7,0.28992,233,2.14465,1
APP-202501-02-044,2025-01-06,0,Briar,4509.14,4577.93,0.26854,0.267,0.09631,0.09821,130,4,2164.56,-999,460,151,24,0.34466,330,3.12363,1
APP-202501-02-045,2025-01-13,0,Briar,4698.14,4745.12,0.39828,0.40143,0.2801,0.2719,141,0,-1111,-999,479,198,41,0.29896,427,2.80991,1
APP-202501-02-046,2025-01-20,0,Briar,4869.45,4923.22,0.40055,0.39605,0.20176,0.20389,152,1,2267.85,-999,-1,34,58,0.31345,524,2.84905,1
APP-202501-02-047,2025-01-27,0,Briar,4908.04,4945.67,0.35755,0.35866,0.39641,0.39883,163,2,2264.15,-999,-1,81,75,0.37033,621,3.04968,1
APP-202501-02-048,2025-01-07,0,Briar,5070.65,5176.48,0.43596,0.4364,0.48192,0.49342,174,3,1965.35,-999,-1,128,92,0.35222,718,2.84355,1
APP-202501-02-049,2025-01-14,0,Briar,5407.79,5457.92,-1111,0.42853,0.44114,0.45889,185,4,,-999,555,175,8,0.41349,815,3.03631,1
APP-202501-02-050,2025-01-21,0,Briar,5189.59,5275.99,0.43791,0.43215,0.26133,0.25417,16,0,2446.13,-999,574,11,25,0.37416,912,3.02092,1
APP-202501-02-051,2025-01-01,0,Briar,5385.04,5479.12,0.43882,0.43736,0.44572,0.46165,-1,1,2142.79,-999,-999,58,42,0.43445,12,2.89347,1
APP-202501-02-052,2025-01-08,0,Briar,5395.3,5485.03,0.1795,0.18127,0.1131,0.1056,38,2,2913.04,-999,-999,105,59,0.39811,109,4.49382,1
APP-202501-02-053,2025-01-15,0,Briar,5564.47,5612.48,0.20581,0.1944,0.27099,0.2675,49,3,-1,-999,-999,152,76,0.25567,206,4.33365,1
APP-202501-02-054,2025-01-22,1,Briar,5664.83,5767.59,0.39581,0.39198,0.38574,0.381,60,6,2393.7,506,170,199,93,0.31851,303,3.43658,1
APP-202501-02-055,2025-01-02,0,Briar,5714.49,5783.01,0.23258,0.23228,0.42726,0.45386,71,0,2472.75,519,189,35,9,0.32029,400,4.54169,1
APP-202501-02-056,2025-01-09,0,Briar,5765.93,-1111,0.29409,0.28668,0.40421,0.40706,82,1,2665.32,532,-1111,82,26,0.33966,497,4.13361,1
APP-202501-02-057,2025-01-16,0,Briar,6009.79,6037.51,0.29351,0.28915,0.15051,0.15926,93,2,-999,545,-1111,129,43,0.31775,594,4.10476,1
APP-202501-02-058,2025-01-23,0,Briar,5918.12,5999.29,0.30722,0.30511,0.27244,0.2798,104,3,2883.64,558,-1111,176,60,0.36912,691,4.09891,1
APP-202501-02-059,2025-01-03,0,Briar,2775.52,2808.37,0.27018,0.2665,0.38014,0.38578,115,4,1403.11,571,265,12,77,0.35526,788,2.00752,1
APP-202501-02-060,2025-01-10,0,Briar,3026.43,3109.08,0.30842,0.30689,0.28108,0.2856,126,0,1126.54,584,284,59,94,0.35148,885,1.95794,1
APP-202501-02-061,2025-01-17,0,Briar,-1111,3203.63,0.36837,-1111,0.37578,0.3784,-999,1,-1111,-1111,,106,10,0.3593,982,2.08737,1
APP-202501-02-062,2025-01-24,0,Briar,3285.25,3347.87,0.39966,0.39732,0.31811,0.32687,148,2,887.63,-1111,,153,27,0.38305,82,1.86358,1
APP-202501-02-063,2025-01-04,0,Briar,3192.95,3269.02,0.3773,0.37567,0.51387,0.52552,159,3,1529.01,-1111,,200,44,0.42204,179,2.00959,1
APP-202501-02-064,2025-01-11,0,Briar,3556.16,3535.39,0.34842,0.34958,0.16905,0.1733,170,4,1248.05,-1111,360,36,61,0.42384,276,2.2057,1
APP-202501-02-065,2025-01-18,1,Briar,3513.52,3541.2,,0.58283,0.49173,,181,2,,-1111,379,83,78,0.42668,373,1.46137,1
APP-202501-02-066,2025-01-25,0,Briar,3930.28,3971.8,0.42149,0.41602,0.35121,0.3583,12,1,1366.42,-1111,-1,130,95,0.28434,470,2.2861,1
APP-202501-02-067,2025-01-05,0,Briar,3763.26,3834.22,0.48501,0.47851,0.45172,0.43628,23,2,1820.03,-1111,-1,177,11,0.28298,567,1.93356,1
APP-202501-02-068,2025-01-12,0,Briar,3775.99,3783.43,0.49682,0.49771,0.41444,0.41733,34,3,1324.14,-1111,-1,13,28,0.28723,664,1.85475,1
APP-202501-02-069,2025-01-19,0,Briar,3907.43,3925.54,0.11575,0.11965,0.39545,0.39711,45,4,-1,-1111,455,60,45,0.31364,761,3.40571,1
APP-202501-02-070,2025-01-26,0,Briar,4190.21,4277.8,0.17996,0.17322,0.28903,0.29456,56,0,1975.68,-1111,474,107,62,0.29165,858,3.54305,1
APP-202501-02-071,2025-01-06,0,Briar,4125.53,4169.35,0.25131,0.24358,0.23688,0.24196,-1111,1,1647.97,-1111,-999,154,79,0.32762,955,3.23727,1
APP-202501-02-072,2025-01-13,0,Briar,4303.86,4361.25,0.24532,0.24503,0.14494,0.13439,78,2,2197.01,-1111,-999,201,96,0.33713,55,3.31353,1
APP-202501-02-073,2025-01-20,0,Briar,4472.06,4533.03,0.2101,0.21535,0.19021,0.18694,89,3,-999,-1111,-999,37,12,0.37445,152,3.52041,1
APP-202501-02-074,2025-01-27,0,Briar,4702.68,4726.56,0.26567,0.26164,0.29084,0.26816,100,4,1965.28,456,550,84,29,0.35902,249,3.53824,1
APP-202501-02-075,2025-01-07,0,Briar,4857.01,4888.63,0.30081,0.298,0.54185,0.5482,111,0,1909.61,469,569,131,46,0.37221,346,3.22689,1
APP-202501-02-076,2025-01-14,1,Briar,4763.26,4841.9,0.55277,0.54951,0.77503,0.78774,122,3,1685.55,482,-1111,178,63,0.39803,443,2.15385,1
APP-202501-02-077,2025-01-21,0,Briar,4981.02,5061.53,0.33224,0.32734,0.27491,0.27101,133,2,-1111,495,-1111,14,80,0.4117,540,3.36243,1
APP-202501-02-078,2025-01-01,0,Briar,5067.93,5124.97,0.37008,0.37163,0.49014,0.48964,144,3,1946.95,508,-1111,61,97,0.42845,637,3.13259,1
APP-202501-02-079,2025-01-08,0,Briar,5100.44,5169.21,0.37232,0.37094,0.38889,0.38491,155,4,2351.22,521,165,108,13,0.27982,734,3.09915,1
APP-202501-02-080,2025-01-15,0,Briar,5370.72,5425.39,0.36462,0.36297,0.07171,0.06273,166,0,2232.09,534,184,155,30,0.25184,831,3.35166,1
APP-202502-02-001,2025-02-02,0,Briar,,,-1,,-999,0.15068,,,,,,29,0,0.28644,148,2.42575,1
APP-202502-02-002,2025-02-09,0,Briar,3073.29,3118.62,0.18565,0.18527,0.10648,0.10632,28,2,1653.57,,,76,17,0.29324,245,2.58129,1
APP-202502-02-003,2025-02-16,0,Briar,2988.94,3022.13,0.22416,0.21911,0.34737,0.33845,39,3,1739.05,,,123,34,0.33395,342,2.25721,1
APP-202502-02-004,2025-02-23,0,Briar,3113.0,3126.32,0.24019,0.2347,0.19025,0.18154,50,4,1111.05,,180,170,51,0.32485,439,2.37943,1
APP-202502-02-005,2025-02-03,0,Briar,3517.79,3593.06,0.24765,0.24549,0.37832,0.37616,61,0,-1,,199,6,68,0.32088,536,2.78603,1
APP-202502-02-006,2025-02-10,0,Briar,3667.24,3707.57,0.27858,0.27291,0.29325,0.29758,72,1,1944.03,,-1,53,85,0.3526,633,2.61101,1
APP-202502-02-007,2025-02-17,1,Briar,3608.71,3670.94,0.49612,0.50102,0.54366,0.55542,83,4,1273.96,,-1,100,1,0.37778,730,1.822,1
APP-202502-02-008,2025-02-24,0,Briar,3655.03,3718.42,0.32978,0.32035,0.1941,0.19059,94,3,1857.56,,-1,147,18,0.39576,827,2.38368,1
APP-202502-02-009,2025-02-04,0,Briar,3818.08,3851.11,0.29254,0.29263,0.15333,0.15442,105,4,-999,,275,194,35,0.37178,924,2.68274,1
APP-202502-02-010,2025-02-11,0,Briar,3904.66,3909.09,0.34181,0.33531,0.52089,0.52633,116,0,1825.56,,294,30,52,0.39559,24,2.46396,1
APP-202502-02-011,2025-02-18,0,Briar,3767.43,3801.1,0.36457,0.36439,0.28077,0.28415,-1,1,1507.49,,-999,77,69,0.42753,121,2.27841,1
APP-202502-02-012,2025-02-25,0,Briar,4468.99,4542.15,0.36282,0.35459,0.22113,0.22363,138,2,1905.35,,-999,124,86,0.40167,218,2.80534,1
APP-202502-02-013,2025-02-05,0,Briar,4247.42,4296.21,0.37302,0.36858,0.50282,0.50652,149,3,-1111,,-999,171,2,0.44454,315,2.59462,1
APP-202502-02-014,2025-02-12,0,Briar,4456.36,4499.54,0.40462,0.39922,0.53105,0.55639,160,4,2078.92,606,370,7,19,0.26828,412,2.63607,1
APP-202502-02-015,2025-02-19,0,Briar,4660.57,4692.66,0.41676,0.41409,0.46814,0.47881,171,0,1757.58,619,389,54,36,0.29182,509,2.6832,1
APP-202502-02-016,2025-02-26,1,Briar,4773.89,4830.1,0.68768,0.69081,0.45752,0.46203,182,3,1262.75,632,-1111,101,53,0.3221,606,1.44256,1
APP-202502-02-017,2025-02-06,0,Briar,4819.66,4849.95,-999,0.4685,0.29402,0.29418,13,2,,645,-1111,148,70,0.32678,703,2.48238,1
APP-202502-02-018,2025-02-13,0,Briar,4978.27,4988.7,0.17086,0.17293,0.17348,0.18469,24,3,2367.15,658,-1111,195,87,0.36741,800,4.11902,1
APP-202502-02-019,2025-02-20,0,Briar,5134.35,5168.57,0.18321,0.18015,0.50259,0.50484,35,4,2713.4,671,465,31,3,0.34946,897,4.1755,1
APP-202502-02-020,2025-02-27,0,Briar,4987.2,5058.77,0.21699,0.21328,0.23201,0.23341,46,0,2325.77,684,484,78,20,0.3781,994,3.8651,1
APP-202502-02-021,2025-02-07,0,Briar,-1,5310.64,0.26618,-1,0.41626,0.42132,-999,1,-1,-1,,125,37,0.41154,94,3.81299,1
APP-202502-02-022,2025-02-14,0,Briar,5451.04,5556.68,0.26001,0.25316,0.14281,0.13957,68,2,2460.77,-1,,172,54,0.41682,191,3.94013,1
APP-202502-02-023,2025-02-21,0,Briar,5451.0,5489.02,0.28654,0.28554,0.16106,0.15633,79,3,1969.26,-1,,8,71,0.39995,288,3.94504,1
APP-202502-02-024,2025-02-01,0,Briar,5663.08,5755.93,0.23512,0.23008,0.23533,0.22456,90,4,2599.38,-1,560,55,88,0.38636,385,4.24578,1
APP-202502-02-025,2025-02-08,1,Briar,5696.47,5759.17,0.48225,0.47137,0.54341,0.55714,101,2,-999,-1,579,102,4,0.47423,482,2.84544,1
APP-202502-02-026,2025-02-15,0,Briar,5972.45,-1,0.30233,0.2932,0.38309,0.39256,112,1,2537.98,-1,-1,149,21,0.44673,579,4.33187,1
APP-202502-02-027,2025-02-22,0,Briar,5918.92,5978.38,0.33235,0.32795,0.23213,0.23334,123,2,2406.7,-1,-1,196,38,0.27792,676,3.97173,1
APP-202502-02-028,2025-02-02,0,Briar,6025.38,6110.91,0.35398,0.35442,0.34893,0.3685,134,3,2706.74,-1,-1,32,55,0.28471,773,4.02137,1
APP-202502-02-029,2025-02-09,0,Briar,6155.83,6237.63,0.37324,0.37762,0.27901,0.26603,145,4,-1111,-1,175,79,72,0.36148,870,3.89069,1
APP-202502-02-030,2025-02-16,0,Briar,2804.97,2825.71,0.37611,0.37643,0.3354,0.3385,156,0,932.26,-1,194,126,89,0.3368,967,1.79815,1
APP-202502-02-031,2025-02-23,0,Briar,2994.94,3057.06,0.43287,0.4331,0.26506,0.28074,-1111,1,1013.96,-1,-999,173,5,0.33801,67,1.74572,1
APP-202502-02-032,2025-02-03,0,Briar,3260.14,3327.27,0.44237,0.43866,0.3626,0.35528,178,2,1245.06,-1,-999,9,22,0.39937,164,1.69435,1
APP-202502-02-033,2025-02-10,0,Briar,3207.55,3251.69,-1111,0.4688,0.4288,-1,9,3,,-1,-999,56,39,0.37162,261,1.68491,1
APP-202502-02-034,2025-02-17,1,Briar,3329.79,3367.64,0.67053,0.6684,0.77324,0.77385,20,6,1352.08,556,270,103,56,0.37718,358,1.07075,1
APP-202502-02-035,2025-02-24,0,Briar,3506.88,3601.79,0.18794,0.19531,0.26171,0.26716,31,0,1426.76,569,289,150,73,0.38897,455,2.80955,1
APP-202502-02-036,2025-02-04,0,Briar,3462.59,3495.03,0.1842,0.18223,0.25521,0.25023,42,1,1788.34,582,-1111,197,90,0.39429,552,2.76341,1
APP-202502-02-037,2025-02-11,0,Briar,3839.75,3898.83,0.24201,0.24389,0.18362,0.17782,53,2,-1,595,-1111,33,6,0.42354,649,2.7141,1
APP-202502-02-038,2025-02-18,0,Briar,3801.1,3874.34,0.20637,0.20203,0.27611,0.27405,64,3,1710.68,608,-1111,80,23,0.41197,746,3.11585,1
APP-202502-02-039,2025-02-25,0,Briar,4011.79,4067.51,0.30863,0.30067,0.27594,0.27674,75,4,1604.02,621,365,127,40,0.40493,843,2.72239,1
APP-202502-02-040,2025-02-05,0,Briar,4000.03,4076.84,0.29652,0.29508,0.49475,0.49228,86,0,1856.79,634,384,174,57,0.30885,940,2.9486,1
APP-202502-02-041,2025-02-12,0,Briar,-999,4401.39,0.29641,-999,-1111,0.25865,,1,-999,-999,,10,74,0.28316,40,3.0989,1
APP-202502-02-042,2025-02-19,0,Briar,4478.48,4527.35,0.3295,0.33032,0.34204,0.33817,108,2,1893.22,-999,,57,91,0.35713,137,3.04096,1
APP-202502-02-043,2025-02-26,1,Briar,4436.92,4485.92,0.58576,0.57694,0.64161,0.6254,119,5,1588.97,-999,,104,7,0.3534,234,1.93158,1
APP-202502-02-044,2025-02-06,0,Briar,4392.25,4437.37,0.30273,0.29507,0.26512,0.28363,130,4,2276.95,-999,460,151,24,0.3558,331,3.08983,1
APP-202502-02-045,2025-02-13,0,Briar,4486.23,4521.33,0.39637,0.39226,0.37111,0.37616,141,0,-1111,-999,479,198,41,0.40188,428,2.66135,1
APP-202502-02-046,2025-02-20,0,Briar,4867.05,4949.0,0.3752,0.3795,0.25644,0.25546,152,1,2202.14,-999,-1,34,58,0.36473,525,3.02995,1
APP-202502-02-047,2025-02-27,0,Briar,4922.79,4999.78,0.41949,0.41439,0.52247,0.52771,163,2,2155.04,-999,-1,81,75,0.44095,622,3.00372,1
APP-202502-02-048,2025-02-07,0,Briar,5143.87,5186.23,0.42802,0.42758,0.36191,0.35858,174,3,1823.66,-999,-1,128,92,0.41598,719,2.9841,1
APP-202502-02-049,2025-02-14,0,Briar,5270.78,5341.89,,0.39089,0.32816,0.32455,185,4,,-999,555,175,8,0.44332,816,3.00781,1
APP-202502-02-050,2025-02-21,0,Briar,5250.26,5299.64,0.39472,0.39482,0.09534,0.10884,16,0,2341.22,-999,574,11,25,0.43992,913,3.23929,1
APP-202502-02-051,2025-02-01,0,Briar,5385.96,-999,0.42473,0.42494,0.33766,0.33797,-1,-1,2074.0,-999,-999,58,42,0.44322,13,3.14928,1
APP-202502-02-052,2025-02-08,1,Briar,5446.31,5488.45,0.38591,0.38715,0.35103,0.33205,38,4,2316.44,-999,-999,105,59,0.45678,110,3.26075,1
APP-202502-02-053,2025-02-15,0,Briar,5471.2,5548.58,0.2051,0.20623,0.28359,0.28405,49,3,-1,-999,-999,152,76,0.25649,207,4.43734,1
APP-202502-02-054,2025-02-22,0,Briar,5665.27,5717.95,0.24606,0.24166,0.34277,0.33525,60,4,2502.09,506,170,199,93,0.31967,304,4.2072,1
APP-202502-02-055,2025-02-02,0,Briar,5818.31,5866.08,0.19314,0.1848,0.22557,0.22973,71,0,2941.51,519,189,35,9,0.29878,401,4.71387,1
APP-202502-02-056,2025-02-09,0,Briar,5900.68,5961.31,0.26855,0.27134,0.36269,0.36463,82,1,2774.42,532,-1111,82,26,0.29829,498,4.32304,1
APP-202502-02-057,2025-02-16,0,Briar,5790.04,5855.18,0.27336,0.26499,0.18764,0.17769,93,2,-999,545,-1111,129,43,0.34208,595,4.18896,1
APP-202502-02-058,2025-02-23,0,Briar,6076.77,6157.44,0.32649,0.32446,0.10952,0.12203,104,3,2655.87,558,-1111,176,60,0.35462,692,3.92584,1
APP-202502-02-059,2025-02-03,0,Briar,2859.75,2859.68,0.31766,0.3149,0.2815,0.27799,115,4,1176.9,571,265,12,77,0.34339,789,1.97163,1
APP-202502-02-060,2025-02-10,0,Briar,3056.36,3094.18,0.34497,0.33946,0.47834,0.47272,126,0,1047.54,584,284,59,94,0.38871,886,1.91602,1
APP-202502-02-061,2025-02-17,1,Briar,-1111,3405.51,0.57512,-1111,0.47102,0.48189,-999,3,-1111,-1111,,106,10,0.35254,983,1.41215,1
APP-202502-02-062,2025-02-24,0,Briar,3415.5,3398.27,0.40249,0.40164,0.50921,0.5154,148,2,1787.38,-1111,,153,27,0.40986,83,1.99926,1
APP-202502-02-063,2025-02-04,0,Briar,3246.67,3276.92,0.38726,0.38985,0.40124,0.40051,159,3,1284.5,-1111,,200,44,0.44059,180,1.89255,1
APP-202502-02-064,2025-02-11,0,Briar,3540.51,3571.29,0.38943,0.38473,0.13656,0.14328,170,4,1673.85,-1111,360,36,61,0.42248,277,2.16044,1
APP-202502-02-065,2025-02-18,0,Briar,3562.02,3589.97,-1,0.38805,0.32722,0.33568,181,0,,-1111,379,83,78,0.40973,374,2.13416,1
APP-202502-02-066,2025-02-25,0,Briar,3534.78,3581.1,0.41951,0.41531,0.53294,0.55056,12,1,1307.37,-1111,-1,130,95,0.29591,471,2.00449,1
APP-202502-02-067,2025-02-05,0,Briar,3687.88,3701.64,0.45312,0.45372,0.3391,0.33306,23,2,1681.67,-1111,-1,177,11,0.31955,568,2.03395,1
APP-202502-02-068,2025-02-12,0,Briar,3884.9,3927.17,0.4572,0.44804,0.48671,0.4967,34,3,1819.74,-1111,-1,13,28,0.30296,665,2.16122,1
APP-202502-02-069,2025-02-19,0,Briar,4144.65,4202.96,0.1477,0.14682,0.08369,0.08616,45,4,-1,-1111,455,60,45,0.32269,762,3.41778,1
APP-202502-02-070,2025-02-26,1,Briar,4135.61,4182.66,0.39557,0.39188,0.67657,0.67442,56,2,1372.78,-1111,474,107,62,0.33927,859,2.39734,1
APP-202502-02-071,2025-02-06,0,Briar,4304.39,4361.49,0.23075,0.23132,0.08154,0.08146,-1111,1,1972.93,-1111,-999,154,79,0.35558,956,3.3863,1
APP-202502-02-072,2025-02-13,0,Briar,4380.07,4447.58,0.22094,0.21319,0.14848,0.15867,78,2,2238.46,-1111,-999,201,96,0.38021,56,3.41615,1
APP-202502-02-073,2025-02-20,0,Briar,4277.34,4362.0,0.27775,0.27379,0.33402,0.33494,89,3,-999,-1111,-999,37,12,0.3736,153,3.06685,1
APP-202502-02-074,2025-02-27,0,Briar,4669.69,4699.31,0.23757,0.23468,0.25239,0.25524,100,4,2407.24,456,550,84,29,0.38452,250,3.59305,1
APP-202502-02-075,2025-02-07,0,Briar,4712.21,4807.54,0.27912,0.28092,0.38197,0.37492,111,0,1997.1,469,569,131,46,0.42684,347,3.37338,1
APP-202502-02-076,2025-02-14,0,Briar,4809.32,-1111,0.30462,0.29367,0.31133,0.29974,122,1,2514.18,482,-1111,178,63,0.41147,444,3.4384,1
APP-202502-02-077,2025-02-21,0,Briar,5041.17,5064.55,0.33039,0.32615,0.43127,0.44687,133,2,-1111,495,-1111,14,80,0.40757,541,3.41833,1
APP-202502-02-078,2025-02-01,0,Briar,4986.69,5046.99,0.34248,0.33469,0.18898,0.17793,144,3,1911.61,508,-1111,61,97,0.44995,638,3.34611,1
APP-202502-02-079,2025-02-08,1,Briar,5213.27,5243.36,0.57604,0.56629,0.67266,0.67474,155,6,2261.37,521,165,108,13,0.32146,735,2.18085,1
APP-202502-02-080,2025-02-15,0,Briar,5347.95,5425.85,0.39524,0.38376,0.14518,0.16193,166,0,2294.61,534,184,155,30,0.34341,832,3.24905,1
APP-202503-02-001,2025-03-02,0,Briar,,2831.43,-999,,,-999,,1,,,,29,0,0.32218,149,2.18932,1
APP-202503-02-002,2025-03-09,1,Briar,2946.2,2975.02,0.44292,0.43428,0.50027,0.50244,28,4,1180.65,,,76,17,0.32687,246,1.6025,1
APP-202503-02-003,2025-03-16,0,Briar,3000.2,3063.22,0.1937,0.19297,0.1274,0.14061,39,3,1216.51,,,123,34,0.32896,343,2.35514,1
APP-202503-02-004,2025-03-23,0,Briar,3391.4,3443.51,0.26908,0.26749,0.29726,0.31279,50,4,1512.83,,180,170,51,0.32502,440,2.42959,1
APP-202503-02-005,2025-03-03,0,Briar,3418.99,3447.23,0.26072,0.25904,0.39623,0.38183,61,0,-1,,199,6,68,0.39604,537,2.6142,1
APP-202503-02-006,2025-03-10,0,Briar,3408.39,3428.68,0.27256,0.27162,0.44354,0.43601,72,1,1832.45,,-1,53,85,0.3754,634,2.54404,1
APP-202503-02-007,2025-03-17,0,Briar,3612.36,3630.09,0.25819,0.25303,0.38687,0.37585,83,2,1331.9,,-1,100,1,0.41384,731,2.64918,1
APP-202503-02-008,2025-03-24,0,Briar,3725.22,3779.93,0.27197,0.2705,0.22121,0.21933,94,3,1930.22,,-1,147,18,0.40487,828,2.75425,1
APP-202503-02-009,2025-03-04,0,Briar,3902.55,3916.43,0.3197,0.31678,0.27373,0.262,105,4,-999,,275,194,35,0.40788,925,2.64367,1
APP-202503-02-010,2025-03-11,0,Briar,3937.0,4014.0,0.36171,0.35701,0.37523,0.37775,116,0,1633.79,,294,30,52,0.41985,25,2.60717,1
APP-202503-02-011,2025-03-18,0,Briar,3903.45,3951.46,0.32222,0.32005,0.31011,0.314,-1,1,1865.54,,-999,77,69,0.43175,122,2.69554,1
APP-202503-02-012,2025-03-25,1,Briar,4170.98,4219.64,0.62525,0.61993,0.53878,0.53608,138,4,1599.3,,-999,124,86,0.42704,219,1.64311,1
APP-202503-02-013,2025-03-05,0,Briar,4445.76,4529.14,0.39775,0.39278,0.4182,0.42176,149,3,-1111,,-999,171,2,0.47524,316,2.74288,1
APP-202503-02-014,2025-03-12,0,Briar,4440.95,4423.73,0.40079,0.39967,0.43158,0.42835,160,4,1683.01,606,370,7,19,0.31313,413,2.63111,1
APP-202503-02-015,2025-03-19,0,Briar,4457.68,4510.47,0.42682,0.4224,0.26474,0.27161,171,0,1466.97,619,389,54,36,0.36316,510,2.55595,1
APP-202503-02-016,2025-03-26,0,Briar,4775.32,4813.51,0.4288,0.42978,0.52978,0.53126,182,1,1470.77,632,-1111,101,53,0.33366,607,2.89907,1
APP-202503-02-017,2025-03-06,0,Briar,4759.22,4834.13,-1111,0.4692,0.18285,0.16889,13,2,,645,-1111,148,70,0.32078,704,2.3628,1
APP-202503-02-018,2025-03-13,0,Briar,4797.54,4833.16,0.17802,0.17786,0.2274,0.22261,24,3,2807.56,658,-1111,195,87,0.34978,801,4.03324,1
APP-202503-02-019,2025-03-20,0,Briar,4809.78,4881.19,0.25393,0.24787,0.27236,0.27058,35,4,2284.98,671,465,31,3,0.36771,898,3.60779,1
APP-202503-02-020,2025-03-27,0,Briar,5091.33,5142.87,0.22741,0.21733,0.38312,0.37282,46,0,2511.27,684,484,78,20,0.39694,995,3.92519,1
APP-202503-02-021,2025-03-07,0,Briar,-1,,0.21667,-1,0.30577,0.32563,-999,-999,-1,-1,,125,37,0.40908,95,4.052,1
APP-202503-02-022,2025-03-14,1,Briar,5462.64,5552.78,0.50164,0.49639,0.46929,0.4785,68,4,1879.18,-1,,172,54,0.43409,192,2.69594,1
APP-202503-02-023,2025-03-21,0,Briar,5374.78,5450.57,0.28227,0.28435,0.13262,0.13317,79,3,2581.2,-1,,8,71,0.43474,289,3.91646,1
APP-202503-02-024,2025-03-01,0,Briar,5507.85,5515.25,0.25554,0.25243,0.1433,0.14674,90,4,2861.7,-1,560,55,88,0.42515,386,4.1523,1
APP-202503-02-025,2025-03-08,0,Briar,5638.83,5714.59,0.30285,0.30323,0.32498,0.33264,101,0,-999,-1,579,102,4,0.39739,483,3.95877,1
APP-202503-02-026,2025-03-15,0,Briar,5751.86,5852.92,0.34498,0.33741,0.10542,0.11187,112,1,2541.58,-1,-1,149,21,0.45756,580,3.72471,1
APP-202503-02-027,2025-03-22,0,Briar,5711.66,5754.0,0.34097,0.33042,0.53883,0.54697,123,2,2157.23,-1,-1,196,38,0.32207,677,3.70578,1
APP-202503-02-028,2025-03-02,0,Briar,6054.5,6121.65,0.34796,0.34499,0.57755,0.57328,134,3,2571.85,-1,-1,32,55,0.3516,774,3.86007,1
APP-202503-02-029,2025-03-09,0,Briar,5845.87,5913.69,0.38178,0.3795,0.1378,0.13029,145,4,-1111,-1,175,79,72,0.35131,871,3.66739,1
APP-202503-02-030,2025-03-16,0,Briar,2853.74,2873.73,0.41957,0.41778,0.18669,0.17054,156,0,1184.24,-1,194,126,89,0.3505,968,1.73085,1
APP-202503-02-031,2025-03-23,0,Briar,3016.53,3042.78,0.45646,0.4595,0.56877,0.56439,-1111,1,1240.96,-1,-999,173,5,0.38314,68,1.69557,1
APP-202503-02-032,2025-03-03,1,Briar,3059.98,3073.11,0.64383,0.64423,0.56265,0.58473,178,4,1032.96,-1,-999,9,22,0.4229,165,0.92728,1
APP-202503-02-033,2025-03-10,0,Briar,3330.01,3333.31,,0.47721,0.5186,0.51888,9,3,,-1,-999,56,39,0.40042,262,1.91784,1
APP-202503-02-034,2025-03-17,0,Briar,3142.52,3177.43,0.46749,0.46591,0.5491,0.55467,20,4,1212.47,556,270,103,56,0.40048,359,1.70216,1
APP-202503-02-035,2025-03-24,0,Briar,3431.3,3482.71,0.19261,0.19708,0.4563,0.46117,31,0,1846.8,569,289,150,73,0.41508,456,2.70731,1
APP-202503-02-036,2025-03-04,0,Briar,3613.46,3648.94,0.18261,0.18364,0.05,0.03991,42,1,1767.37,582,-1111,197,90,0.42886,553,2.98133,1
APP-202503-02-037,2025-03-11,0,Briar,3741.42,3742.84,0.19464,0.19434,0.18423,0.18671,53,2,-1,595,-1111,33,6,0.46017,650,3.0371,1
APP-202503-02-038,2025-03-18,0,Briar,3753.3,3798.5,0.19929,0.19813,0.10096,0.10342,64,3,1664.95,608,-1111,80,23,0.48282,747,3.03187,1
APP-202503-02-039,2025-03-25,0,Briar,4098.77,4179.75,0.2016,0.20268,0.21482,0.21092,75,4,2134.06,621,365,127,40,0.47139,844,3.40176,1
APP-202503-02-040,2025-03-05,0,Briar,4074.94,4143.02,0.30956,0.31137,0.52262,0.51865,86,0,2390.9,634,384,174,57,0.33861,941,2.86558,1
APP-202503-02-041,2025-03-12,0,Briar,-999,4074.0,0.28408,-999,-1,0.37739,,1,-999,-999,,10,74,0.34062,41,2.93656,1
APP-202503-02-042,2025-03-19,1,Briar,4170.17,4256.12,0.56388,0.55434,0.82287,0.83202,108,4,1498.89,-999,,57,91,0.33799,138,1.89405,1
APP-202503-02-043,2025-03-26,0,Briar,4480.56,4569.98,0.28052,0.27476,0.11804,0.12074,119,3,1939.86,-999,,104,7,0.33863,235,3.21746,1
APP-202503-02-044,2025-03-06,0,Briar,4418.78,4480.46,0.35283,0.34525,0.2749,0.26397,130,4,1890.77,-999,460,151,24,0.37704,332,2.75116,1
APP-202503-02-045,2025-03-13,0,Briar,4655.35,4684.94,0.3716,0.36648,0.27565,0.29106,141,0,-1111,-999,479,198,41,0.38132,429,2.87988,1
APP-202503-02-046,2025-03-20,0,Briar,4642.97,-1,0.35108,0.35048,0.28987,0.29697,152,1,1881.63,-999,-1,34,58,0.38605,526,3.20058,1
APP-202503-02-047,2025-03-27,0,Briar,4910.69,5019.73,0.43233,0.43166,0.33064,0.33634,163,2,1726.33,-999,-1,81,75,0.38918,623,2.77902,1
APP-202503-02-048,2025-03-07,0,Briar,4854.96,4917.47,0.39501,0.39452,0.17574,0.18394,174,3,1970.75,-999,-1,128,92,0.41066,720,3.07666,1
APP-202503-02-049,2025-03-14,0,Briar,5227.57,5243.56,-1,0.42563,0.47453,-1111,185,4,,-999,555,175,8,0.41808,817,3.05831,1
APP-202503-02-050,2025-03-21,0,Briar,5132.65,5216.74,0.42203,0.42425,0.34465,0.33933,16,0,1910.37,-999,574,11,25,0.47138,914,2.96033,1
APP-202503-02-051,2025-03-01,0,Briar,5299.49,5384.58,0.48348,0.48438,0.41171,0.4117,-1,1,2566.93,-999,-999,58,42,0.51787,14,2.8653,1
APP-202503-02-052,2025-03-08,1,Briar,5396.11,5487.83,0.3924,0.37951,0.49587,0.50438,38,4,1935.58,-999,-999,105,59,0.48514,111,3.08851,1
APP-202503-02-053,2025-03-15,0,Briar,5340.97,5386.87,0.22181,0.21604,0.22474,0.22185,49,3,-1,-999,-999,152,76,0.31972,208,4.16248,1
APP-202503-02-054,2025-03-22,0,Briar,5683.22,5784.02,0.22289,0.2128,0.19248,0.19094,60,4,2389.09,506,170,199,93,0.32933,305,4.36286,1
APP-202503-02-055,2025-03-02,0,Briar,6014.22,6042.03,0.25104,0.245,0.39377,0.40346,71,0,2664.27,519,189,35,9,0.36235,402,4.60164,1
APP-202503-02-056,2025-03-09,0,Briar,5904.24,5933.66,0.2139,0.20847,0.47903,0.4718,82,1,2938.16,532,-1111,82,26,0.35254,499,4.67995,1
APP-202503-02-057,2025-03-16,0,Briar,6086.06,6162.92,0.26789,0.2744,0.1861,0.19819,93,2,-999,545,-1111,129,43,0.37983,596,4.47027,1
APP-202503-02-058,2025-03-23,0,Briar,6032.96,6073.67,0.28575,0.27759,0.22948,0.21952,104,3,2678.82,558,-1111,176,60,0.38625,693,4.2349,1
APP-202503-02-059,2025-03-03,0,Briar,2910.94,2941.71,0.28846,0.28603,0.08371,0.08726,115,4,1729.41,571,265,12,77,0.39465,790,1.96563,1
APP-202503-02-060,2025-03-10,0,Briar,3121.07,3151.68,0.29954,0.29661,0.40547,0.39348,126,0,1735.11,584,284,59,94,0.40179,887,2.22173,1
APP-202503-02-061,2025-03-17,0,Briar,-1111,2968.55,0.3281,-1111,0.47429,0.48107,-999,1,-1111,-1111,,106,10,0.39541,984,2.00871,1
APP-202503-02-062,2025-03-24,1,Briar,3327.91,3365.44,0.60727,0.60262,0.84795,0.83915,148,4,1290.02,-1111,,153,27,0.45255,84,1.27559,1
APP-202503-02-063,2025-03-04,0,Briar,3467.76,3476.43,0.38032,0.38045,0.30052,0.28782,159,3,1374.59,-1111,,200,44,0.47296,181,2.25056,1
APP-202503-02-064,2025-03-11,0,Briar,3342.24,3401.61,0.39131,0.37941,0.38776,0.39489,170,4,1697.12,-1111,360,36,61,0.51317,278,2.00275,1
APP-202503-02-065,2025-03-18,0,Briar,3511.41,3556.46,-999,0.42339,0.40245,0.39945,181,0,,-1111,379,83,78,0.48276,375,2.14032,1
APP-202503-02-066,2025-03-25,0,Briar,3640.22,3706.3,0.43699,0.43186,0.29438,0.30926,12,1,1107.54,-1111,-1,130,95,0.30796,472,1.93014,1
APP-202503-02-067,2025-03-05,0,Briar,3674.7,3697.91,0.45758,0.45536,0.40277,0.39493,23,2,1274.09,-1111,-1,177,11,0.33697,569,2.06308,1
APP-202503-02-068,2025-03-12,0,Briar,3870.91,3906.43,0.45509,0.45243,0.46563,0.46378,34,3,1328.26,-1111,-1,13,28,0.36906,666,2.22063,1
APP-202503-02-069,2025-03-19,0,Briar,3827.49,3863.89,0.16386,0.16501,0.41942,0.42218,45,4,-1,-1111,455,60,45,0.38075,763,3.23584,1
APP-202503-02-070,2025-03-26,0,Briar,4200.54,4255.72,0.2169,0.21528,0.4249,0.42835,56,0,1785.67,-1111,474,107,62,0.34498,860,3.38737,1
APP-202503-02-071,2025-03-06,0,Briar,4250.97,-999,0.17269,0.17717,0.10865,0.10159,-1111,-1111,2073.88,-1111,-999,154,79,0.36567,957,3.45628,1
APP-202503-02-072,2025-03-13,1,Briar,4337.94,4392.37,0.4359,0.43041,0.4117,0.40557,78,4,1684.57,-1111,-999,201,96,0.44457,57,2.52979,1
APP-202503-02-073,2025-03-20,0,Briar,4578.27,4634.91,0.22254,0.21762,0.38901,0.37308,89,3,-999,-1111,-999,37,12,0.43052,154,3.53424,1
APP-202503-02-074,2025-03-27,0,Briar,4735.13,4761.05,0.24313,0.23958,0.43845,0.43115,100,4,2272.61,456,550,84,29,0.39177,251,3.67855,1
APP-202503-02-075,2025-03-07,0,Briar,4601.91,4657.33,0.25518,0.25588,0.39428,0.3954,111,0,1982.51,469,569,131,46,0.45412,348,3.54143,1
APP-202503-02-076,2025-03-14,0,Briar,5092.27,5197.52,0.27129,0.2683,0.31715,0.32414,122,1,2253.21,482,-1111,178,63,0.44307,445,3.67307,1
APP-202503-02-077,2025-03-21,0,Briar,5321.32,5422.66,0.35048,0.34808,0.44172,0.43941,133,2,-1111,495,-1111,14,80,0.45557,542,3.50967,1
APP-202503-02-078,2025-03-01,0,Briar,5129.19,5204.58,0.35832,0.35826,0.05,0.05826,144,3,2283.77,508,-1111,61,97,0.46973,639,3.21803,1
APP-202503-02-079,2025-03-08,0,Briar,5427.42,5500.39,0.41394,0.41384,0.41368,0.43388,155,4,2080.0,521,165,108,13,0.32676,736,3.05993,1
APP-202503-02-080,2025-03-15,0,Briar,5219.58,5279.46,0.44118,0.42794,0.42009,0.42659,166,0,1896.91,534,184,155,30,0.38337,833,2.98243,1
APP-202504-02-001,2025-04-02,0,Briar,2809.33,2841.28,0.18021,0.17776,0.11489,0.1281,17,1,1103.9,437,123,29,0,0.33197,150,2.19726,1
APP-202504-02-002,2025-04-09,0,Briar,3085.69,3126.72,0.20984,0.20678,0.35293,0.36309,28,2,1434.44,450,142,76,17,0.33147,247,2.36142,1
APP-202504-02-003,2025-04-16,0,Briar,3045.89,3076.23,0.18303,0.18891,0.11881,0.10879,39,3,1845.12,463,161,123,34,0.35574,344,2.57181,1
APP-202504-02-004,2025-04-23,0,Briar,3179.47,3230.61,0.22487,0.22179,0.26247,0.26406,50,4,1572.36,476,180,170,51,0.3938,441,2.45692,1
APP-202504-02-005,2025-04-03,0,Briar,3266.87,3320.19,0.28114,0.27388,0.30052,0.29286,61,0,1655.38,489,199,6,68,0.44535,538,2.36303,1
APP-202504-02-006,2025-04-10,0,Briar,3521.73,3572.77,0.28189,0.29078,0.23339,0.23432,72,1,1604.16,502,218,53,85,0.42893,635,2.6097,1
APP-202504-02-007,2025-04-17,0,Briar,3584.98,3591.17,0.27743,0.28119,0.31972,0.3245,83,2,1471.2,515,237,100,1,0.43078,732,2.59022,1
APP-202504-02-008,2025-04-24,0,Briar,3833.35,3881.84,0.27693,0.28088,0.09784,0.09923,94,3,1574.6,528,256,147,18,0.45415,829,2.77292,1
APP-202504-02-009,2025-04-04,0,Briar,3718.51,3758.06,0.32145,0.32317,0.27393,0.27747,105,4,1359.52,541,275,194,35,0.44981,926,2.57878,1
APP-202504-02-010,2025-04-11,1,Briar,3853.06,3899.18,0.55431,0.54716,0.46945,0.47198,116,2,1636.94,554,294,30,52,0.44727,26,1.69842,1
APP-202504-02-011,2025-04-18,0,Briar,4008.64,4070.02,0.36088,0.35452,0.34473,0.35859,127,1,1742.88,567,313,77,69,0.41523,123,2.5243,1
APP-202504-02-012,2025-04-25,0,Briar,4160.27,4190.01,0.37304,0.37652,0.27807,0.27926,138,2,1723.14,580,332,124,86,0.48754,220,2.54024,1
APP-202504-02-013,2025-04-05,0,Briar,4186.56,4197.86,0.44323,0.44009,0.59549,0.60838,149,3,1695.0,593,351,171,2,0.50811,317,2.21005,1
APP-202504-02-014,2025-04-12,0,Briar,4440.56,4497.47,0.41845,0.40681,0.45344,0.44454,160,4,1737.75,606,370,7,19,0.39265,414,2.56886,1
APP-202504-02-015,2025-04-19,0,Briar,4610.91,4656.18,0.42512,0.42284,0.31224,0.30897,171,0,2045.48,619,389,54,36,0.35046,511,2.76345,1
APP-202504-02-016,2025-04-26,0,Briar,4629.51,4675.96,0.4691,0.46455,0.37498,0.37745,182,1,1908.46,632,408,101,53,0.38847,608,2.30044,1
APP-202504-02-017,2025-04-06,0,Briar,4512.12,4560.04,0.46449,0.4542,0.3648,0.34941,13,2,2098.24,645,427,148,70,0.37772,705,2.46291,1
APP-202504-02-018,2025-04-13,0,Briar,4831.52,4867.29,0.16491,0.16769,0.46348,0.46294,24,3,2241.56,658,446,195,87,0.40837,802,3.99231,1
APP-202504-02-019,2025-04-20,0,Briar,5179.38,5256.37,0.18948,0.19718,0.27822,0.2772,35,4,2571.07,671,465,31,3,0.39658,899,4.09329,1
APP-202504-02-020,2025-04-27,0,Briar,5313.35,5380.76,0.22148,0.21923,0.32907,0.32486,46,0,2252.79,684,484,78,20,0.42664,996,4.2173,1
APP-202504-02-021,2025-04-07,1,Briar,5104.43,5153.21,0.44462,0.44457,0.45632,0.46707,57,3,2311.33,697,503,125,37,0.42188,96,3.04709,1
APP-202504-02-022,2025-04-14,0,Briar,5220.55,5293.84,0.21381,0.20637,0.19301,0.19294,68,2,2377.87,710,522,172,54,0.46359,193,4.03793,1
APP-202504-02-023,2025-04-21,0,Briar,5452.23,5515.64,0.28855,0.29051,0.33396,0.33761,79,3,3025.52,723,541,8,71,0.43586,290,3.88051,1
APP-202504-02-024,2025-04-01,0,Briar,5503.34,5581.8,0.29733,0.29726,0.30924,0.31724,90,4,2010.66,426,560,55,88,0.47229,387,3.7977,1
APP-202504-02-025,2025-04-08,0,Briar,5993.56,6082.13,0.26836,0.24962,0.28029,0.28725,101,0,2701.3,439,579,102,4,0.45744,484,4.33822,1
APP-202504-02-026,2025-04-15,0,Briar,5826.38,5880.62,0.31853,0.3107,0.29761,0.29623,112,1,2654.82,452,118,149,21,0.52084,581,3.95971,1
APP-202504-02-027,2025-04-22,0,Briar,5970.66,6031.33,0.36274,0.35464,0.242,0.25549,123,2,2515.64,465,137,196,38,0.3432,678,3.69526,1
APP-202504-02-028,2025-04-02,0,Briar,5799.74,5892.46,0.35235,0.35352,0.38658,0.38505,134,3,2509.02,478,156,32,55,0.36903,775,3.78301,1
APP-202504-02-029,2025-04-09,0,Briar,6140.76,6206.45,0.38471,0.37834,0.27687,0.27466,145,4,2756.14,491,175,79,72,0.38472,872,3.80812,1
APP-202504-02-030,2025-04-16,0,Briar,2958.6,3029.32,0.40828,0.40581,0.44785,0.4465,156,0,1107.4,504,194,126,89,0.40427,969,1.72097,1
APP-202504-02-031,2025-04-23,0,Briar,3066.08,3080.12,0.4452,0.43955,0.29016,0.27952,167,1,1030.25,517,213,173,5,0.38587,69,1.78933,1
APP-202504-02-032,2025-04-03,1,Briar,3061.42,3121.07,0.66139,0.65447,0.65481,0.65567,178,4,1095.29,530,232,9,22,0.39944,166,0.98211,1
APP-202504-02-033,2025-04-10,0,Briar,3402.27,3435.15,0.47628,0.4672,0.53137,0.50679,9,3,1602.64,543,251,56,39,0.42508,263,1.73061,1
APP-202504-02-034,2025-04-17,0,Briar,3355.04,3400.46,0.4127,0.40885,0.39984,0.38421,20,4,1204.05,556,270,103,56,0.43585,360,1.90082,1
APP-202504-02-035,2025-04-24,0,Briar,3497.93,3575.34,0.19422,0.19613,0.21352,0.22285,31,0,1991.01,569,289,150,73,0.4725,457,2.73337,1
APP-202504-02-036,2025-04-04,0,Briar,3525.02,3587.3,0.22116,0.2174,0.05,0.05203,42,1,1869.97,582,308,197,90,0.44949,554,2.81848,1
APP-202504-02-037,2025-04-11,0,Briar,3805.83,3832.46,0.24078,0.22995,0.05,0.05085,53,2,1758.45,595,327,33,6,0.47418,651,2.91973,1
APP-202504-02-038,2025-04-18,0,Briar,3786.73,3829.51,0.20132,0.19346,0.16104,0.16175,64,3,1401.64,608,346,80,23,0.49932,748,3.12308,1
APP-202504-02-039,2025-04-25,0,Briar,4036.9,4059.99,0.2356,0.2393,0.19591,0.18317,75,4,2069.52,621,365,127,40,0.48534,845,3.07053,1
APP-202504-02-040,2025-04-05,0,Briar,4159.95,4208.95,0.2574,0.25443,0.16015,0.18034,86,0,1879.13,634,384,174,57,0.32301,942,3.11258,1
APP-202505-02-001,2025-05-02,0,Briar,3028.61,3053.82,0.18828,0.18535,0.09134,0.08748,17,1,1266.13,437,123,29,0,0.39102,151,2.60552,1
APP-202505-02-002,2025-05-09,0,Briar,3125.71,3177.53,0.223,0.22574,0.11276,0.10915,28,2,1267.52,450,142,76,17,0.3604,248,2.53224,1
APP-202505-02-003,2025-05-16,0,Briar,3048.46,3107.11,0.21898,0.21116,0.19126,0.18906,39,3,1335.63,463,161,123,34,0.40693,345,2.35387,1
APP-202505-02-004,2025-05-23,0,Briar,3194.12,3265.55,0.2606,0.25602,0.24999,0.26164,50,4,1734.59,476,180,170,51,0.41937,442,2.37934,1
APP-202505-02-005,2025-05-03,0,Briar,3458.3,3554.72,0.27634,0.27436,0.33008,0.3312,61,0,1425.38,489,199,6,68,0.42067,539,2.49019,1
APP-202505-02-006,2025-05-10,0,Briar,3406.24,3416.8,0.25505,0.25659,0.2311,0.23927,72,1,1137.59,502,218,53,85,0.42421,636,2.56125,1
APP-202505-02-007,2025-05-17,0,Briar,3776.06,3823.85,0.31632,0.30756,0.39775,0.40143,83,2,1719.02,515,237,100,1,0.45359,733,2.65993,1
APP-202505-02-008,2025-05-24,1,Briar,3826.85,3881.17,0.52953,0.51979,0.28027,0.29765,94,5,1443.91,528,256,147,18,0.48339,830,1.80673,1
APP-202505-02-009,2025-05-04,0,Briar,3874.17,3917.75,0.32528,0.31844,0.05,0.04393,105,4,1694.15,541,275,194,35,0.49921,927,2.5421,1
APP-202505-02-010,2025-05-11,0,Briar,4020.04,4078.18,0.38359,0.38102,0.26625,0.25859,116,0,1327.14,554,294,30,52,0.46105,27,2.47678,1
APP-202505-02-011,2025-05-18,0,Briar,4066.35,4149.93,0.32846,0.33613,0.39133,0.40171,127,1,2070.1,567,313,77,69,0.46864,124,2.74129,1
APP-202505-02-012,2025-05-25,0,Briar,4321.61,4381.46,0.34077,0.3326,0.54883,0.54949,138,2,2075.75,580,332,124,86,0.51474,221,2.82009,1
APP-202505-02-013,2025-05-05,0,Briar,4431.28,4516.63,0.41344,0.41072,0.47035,0.46099,149,3,1881.92,593,351,171,2,0.50855,318,2.63762,1
APP-202505-02-014,2025-05-12,0,Briar,4442.38,4465.31,0.37851,0.38058,0.32697,0.32991,160,4,2021.72,606,370,7,19,0.41248,415,2.71866,1
APP-202505-02-015,2025-05-19,0,Briar,4417.59,4510.92,0.40349,0.39821,0.33878,0.34468,171,0,1755.13,619,389,54,36,0.38012,512,2.70515,1
APP-202505-02-016,2025-05-26,0,Briar,4824.37,4909.74,0.43639,0.43149,0.26771,0.26233,182,1,2282.8,632,408,101,53,0.41507,609,2.60225,1
APP-202505-02-017,2025-05-06,0,Briar,4892.25,4975.64,0.44449,0.44145,0.36716,0.36318,13,2,2449.78,645,427,148,70,0.39796,706,2.68075,1
APP-202505-02-018,2025-05-13,0,Briar,4932.01,4974.41,0.15974,0.15653,0.32329,0.33358,24,3,2688.81,658,446,195,87,0.41676,803,4.18383,1
APP-202505-02-019,2025-05-20,0,Briar,5031.76,5074.93,0.21044,0.20419,0.21584,0.21064,35,4,2561.23,671,465,31,3,0.43347,900,3.97522,1
APP-202505-02-020,2025-05-27,0,Briar,5053.5,5122.84,0.2214,0.21546,0.14099,0.13837,46,0,2596.63,684,484,78,20,0.46964,0,3.87845,1
APP-202505-02-021,2025-05-07,0,Briar,5143.6,5222.59,0.24896,0.24817,0.45127,0.45232,57,1,2469.8,697,503,125,37,0.41215,97,3.9408,1
APP-202505-02-022,2025-05-14,0,Briar,5591.79,5697.89,0.23858,0.23197,0.28429,0.2771,68,2,2832.87,710,522,172,54,0.44046,194,4.33177,1
APP-202505-02-023,2025-05-21,0,Briar,5373.36,5424.46,0.27606,0.27623,0.34035,0.34475,79,3,2296.35,723,541,8,71,0.50619,291,3.98274,1
APP-202505-02-024,2025-05-01,0,Briar,5486.28,5559.86,0.29163,0.2866,0.23188,0.2425,90,4,2669.45,426,560,55,88,0.48532,388,3.83348,1
APP-202505-02-025,2025-05-08,0,Briar,5907.97,5980.28,0.26012,0.264,0.4011,0.39875,101,0,2503.81,439,579,102,4,0.50599,485,4.31022,1
APP-202505-02-026,2025-05-15,0,Briar,5859.28,5933.78,0.34762,0.33619,0.41263,0.40689,112,1,2497.76,452,118,149,21,0.48651,582,3.79359,1
APP-202505-02-027,2025-05-22,0,Briar,6133.87,6169.66,0.36021,0.35614,0.25459,0.25896,123,2,2591.24,465,137,196,38,0.37813,679,3.91514,1
APP-202505-02-028,2025-05-02,0,Briar,5865.54,5933.34,0.35185,0.34951,0.63681,0.63813,134,3,2302.05,478,156,32,55,0.37224,776,3.7612,1
APP-202505-02-029,2025-05-09,0,Briar,6286.97,6395.02,0.40052,0.39498,0.4098,0.42504,145,4,2683.77,491,175,79,72,0.41599,873,3.74006,1
APP-202505-02-030,2025-05-16,0,Briar,2843.83,2927.65,0.43434,0.43112,0.20578,0.21278,156,0,1056.76,504,194,126,89,0.41706,970,1.47313,1
APP-202505-02-031,2025-05-23,0,Briar,3009.45,3044.9,0.38536,0.38086,0.06152,0.05972,167,1,1226.61,517,213,173,5,0.43416,70,1.87977,1
APP-202505-02-032,2025-05-03,0,Briar,3237.71,3254.8,0.43199,0.42802,0.38157,0.38586,178,2,1092.36,530,232,9,22,0.44766,167,1.78858,1
APP-202505-02-033,2025-05-10,0,Briar,3263.51,3330.95,0.483,0.47924,0.47939,0.4605,9,3,1296.72,543,251,56,39,0.43465,264,1.62749,1
APP-202505-02-034,2025-05-17,0,Briar,3334.57,3312.12,0.47757,0.47118,0.58629,0.59379,20,4,1192.88,556,270,103,56,0.48072,361,1.69497,1
APP-202505-02-035,2025-05-24,0,Briar,3226.26,3251.01,0.17557,0.1752,0.23737,0.23371,31,0,1826.99,569,289,150,73,0.46234,458,2.7013,1
APP-202505-02-036,2025-05-04,0,Briar,3339.0,3383.95,0.1788,0.17374,0.33261,0.32346,42,1,1263.77,582,308,197,90,0.45899,555,2.70295,1
APP-202505-02-037,2025-05-11,0,Briar,3772.41,3790.86,0.22949,0.22997,0.27888,0.2787,53,2,1436.87,595,327,33,6,0.50886,652,2.79863,1
APP-202505-02-038,2025-05-18,0,Briar,3823.53,3847.76,0.22382,0.22343,0.4739,0.47413,64,3,2009.92,608,346,80,23,0.50791,749,2.84406,1
APP-202505-02-039,2025-05-25,0,Briar,3900.55,3951.28,0.25552,0.25033,0.48861,0.49157,75,4,2450.55,621,365,127,40,0.5307,846,2.90388,1
APP-202505-02-040,2025-05-05,0,Briar,3967.09,4032.46,0.25217,0.24153,0.30323,0.30052,86,0,1678.25,634,384,174,57,0.38386,943,2.97235,1
APP-202505-02-041,2025-05-12,0,Briar,3894.6,3916.64,0.30778,0.30963,0.49837,0.50498,97,1,1661.21,647,403,10,74,0.41504,43,2.75575,1
APP-202505-02-042,2025-05-19,0,Briar,4124.96,4188.84,0.33887,0.34068,0.50492,0.50155,108,2,2075.47,660,422,57,91,0.40274,140,2.84603,1
APP-202505-02-043,2025-05-26,0,Briar,4311.56,4346.17,0.29847,0.29655,0.31793,0.31683,119,3,1859.55,673,441,104,7,0.43409,237,3.03443,1
APP-202505-02-044,2025-05-06,1,Briar,4302.36,4330.01,0.57793,0.58053,0.61682,0.60847,130,6,1550.64,686,460,151,24,0.41677,334,1.87073,1
APP-202505-02-045,2025-05-13,0,Briar,4789.44,4835.08,0.38205,0.37408,0.24796,0.24422,141,0,2028.8,699,479,198,41,0.46682,431,2.88103,1
APP-202505-02-046,2025-05-20,0,Briar,4607.48,4693.4,0.40408,0.40249,0.33608,0.34176,152,1,1990.31,712,498,34,58,0.42929,528,2.81164,1
APP-202505-02-047,2025-05-27,0,Briar,4919.09,4979.93,0.37383,0.36849,0.49805,0.49995,163,2,2123.31,725,517,81,75,0.46484,625,3.16312,1
APP-202505-02-048,2025-05-07,0,Briar,4999.9,5052.12,0.36695,0.35951,0.43714,0.43647,174,3,1683.84,428,536,128,92,0.46472,722,3.14395,1
APP-202505-02-049,2025-05-14,0,Briar,5007.98,5078.33,0.45073,0.45361,0.48399,0.48239,185,4,1953.24,441,555,175,8,0.4923,819,2.75585,1
APP-202505-02-050,2025-05-21,0,Briar,5168.95,5227.85,0.4244,0.42519,0.45222,0.45871,16,0,2451.82,454,574,11,25,0.48106,916,3.03581,1
APP-202505-02-051,2025-05-01,0,Briar,5231.49,5308.17,0.45894,0.45295,0.33915,0.33756,27,1,2203.23,467,113,58,42,0.49408,16,2.93702,1
APP-202505-02-052,2025-05-08,0,Briar,5306.55,5348.58,0.18403,0.18822,0.22995,0.20726,38,2,2594.59,480,132,105,59,0.54047,113,4.32331,1
APP-202505-02-053,2025-05-15,0,Briar,5486.75,5545.62,0.19815,0.19534,0.30812,0.3199,49,3,2797.02,493,151,152,76,0.34103,210,4.27801,1
APP-202505-02-054,2025-05-22,0,Briar,5633.11,5698.34,0.23372,0.22988,0.48409,0.49322,60,4,2664.07,506,170,199,93,0.37092,307,4.25376,1
APP-202505-02-055,2025-05-02,0,Briar,5753.01,5828.69,0.19682,0.19356,0.16224,0.17721,71,0,2804.49,519,189,35,9,0.37645,404,4.61494,1
APP-202505-02-056,2025-05-09,0,Briar,5932.35,6011.83,0.24222,0.2367,0.44998,0.45508,82,1,2851.51,532,208,82,26,0.46585,501,4.58359,1
APP-202505-02-057,2025-05-16,0,Briar,6096.69,6162.01,0.28095,0.27692,0.05,0.03244,93,2,2740.76,545,227,129,43,0.42674,598,4.35373,1
APP-202505-02-058,2025-05-23,0,Briar,6123.04,6167.59,0.28581,0.28277,0.26009,0.2522,104,3,2802.31,558,246,176,60,0.44676,695,4.38418,1
APP-202505-02-059,2025-05-03,0,Briar,2928.01,2983.36,0.35743,0.35028,0.48363,0.47457,115,4,1422.61,571,265,12,77,0.44991,792,1.88214,1
APP-202505-02-060,2025-05-10,0,Briar,3187.51,3239.02,0.31658,0.31507,0.54411,0.54038,126,0,1264.55,584,284,59,94,0.40539,889,2.32655,1
APP-202505-02-061,2025-05-17,0,Briar,3108.21,3160.3,0.36935,0.36096,0.25018,0.2631,137,1,1326.7,597,303,106,10,0.47916,986,1.90194,1
APP-202505-02-062,2025-05-24,0,Briar,3264.7,3289.0,0.3957,0.38608,0.51798,0.53145,148,2,1469.86,610,322,153,27,0.49823,86,1.91449,1
APP-202505-02-063,2025-05-04,0,Briar,3362.7,3417.64,0.37666,0.37677,0.45622,0.46743,159,3,1850.67,623,341,200,44,0.51558,183,2.22206,1
APP-202505-02-064,2025-05-11,0,Briar,3526.38,3562.41,0.38118,0.385,0.15676,0.16037,170,4,1485.35,636,360,36,61,0.48919,280,2.13986,1
APP-202505-02-065,2025-05-18,0,Briar,3564.42,3575.88,0.40049,0.39543,0.31716,0.3091,181,0,1509.46,649,379,83,78,0.50926,377,2.34004,1
APP-202505-02-066,2025-05-25,0,Briar,3551.97,3586.32,0.40413,0.39151,0.44602,0.46343,12,1,1640.26,662,398,130,95,0.38649,474,2.16671,1
APP-202505-02-067,2025-05-05,0,Briar,3730.75,3762.54,0.42014,0.41723,0.58959,0.60209,23,2,1519.58,675,417,177,11,0.38937,571,2.14664,1
APP-202505-02-068,2025-05-12,0,Briar,4132.58,4225.28,0.46262,0.45795,0.28924,0.29158,34,3,1439.86,688,436,13,28,0.37436,668,2.26046,1
APP-202505-02-069,2025-05-19,0,Briar,3965.92,4019.3,0.15085,0.14578,0.10006,0.11367,45,4,1987.91,701,455,60,45,0.4025,765,3.25423,1
APP-202505-02-070,2025-05-26,0,Briar,4397.87,4437.45,0.21945,0.22217,0.26792,0.26992,56,0,2303.57,714,474,107,62,0.44126,862,3.41528,1
APP-202505-02-071,2025-05-06,0,Briar,4238.11,4258.14,0.22152,0.22099,0.08359,0.08288,67,1,1776.95,727,493,154,79,0.43388,959,3.34561,1
APP-202505-02-072,2025-05-13,0,Briar,4582.23,4646.83,0.28869,0.28666,0.05423,0.03988,78,2,2042.95,430,512,201,96,0.43342,59,3.23781,1
APP-202505-02-073,2025-05-20,0,Briar,4569.62,4640.63,0.25164,0.2535,0.23215,0.23676,89,3,2471.65,443,531,37,12,0.46291,156,3.35933,1
APP-202505-02-074,2025-05-27,0,Briar,4753.8,4788.09,0.2384,0.23662,0.43546,0.41578,100,4,1733.61,456,550,84,29,0.477,253,3.60063,1
APP-202505-02-075,2025-05-07,0,Briar,4912.13,4916.77,0.29718,0.2923,0.35605,0.36068,111,0,2666.15,469,569,131,46,0.47324,350,3.47821,1
APP-202505-02-076,2025-05-14,0,Briar,4848.69,4920.02,0.29739,0.28642,0.23352,0.23894,122,1,2082.0,482,108,178,63,0.48639,447,3.48301,1
APP-202505-02-077,2025-05-21,0,Briar,4841.97,4902.46,0.32098,0.31988,0.45563,0.47219,133,2,2212.27,495,127,14,80,0.53207,544,3.34813,1
APP-202505-02-078,2025-05-01,0,Briar,5144.98,5208.42,0.32625,0.31967,0.11686,0.11147,144,3,2030.01,508,146,61,97,0.49732,641,3.45304,1
APP-202505-02-079,2025-05-08,0,Briar,5221.55,5287.22,0.37789,0.37182,0.21509,0.20704,155,4,2285.32,521,165,108,13,0.38904,738,3.33501,1
APP-202505-02-080,2025-05-15,0,Briar,5358.56,5392.95,0.38061,0.37635,0.15995,0.17116,166,0,2245.62,534,184,155,30,0.39372,835,3.26021,1
APP-202506-02-001,2025-06-02,0,Briar,,2900.36,-1111,,-999,0.06072,,1,,,,29,0,0.41074,152,2.37883,1
APP-202506-02-002,2025-06-09,1,Briar,2893.11,2929.7,0.38039,0.38049,0.3418,0.34254,28,4,1219.25,,,76,17,0.43901,249,1.74387,1
APP-202506-02-003,2025-06-16,0,Briar,3258.84,3293.73,0.22176,0.22013,0.20011,0.2069,39,3,1789.29,,,123,34,0.41891,346,2.53174,1
APP-202506-02-004,2025-06-23,0,Briar,3162.22,3208.99,0.27457,0.27147,0.3881,0.39396,50,4,1262.49,,180,170,51,0.44764,443,2.29388,1
APP-202506-02-005,2025-06-03,0,Briar,3433.2,3466.79,0.26013,0.25992,0.37137,0.38426,61,0,-1,,199,6,68,0.45223,540,2.60848,1
APP-202506-02-006,2025-06-10,0,Briar,3349.91,3378.14,0.24801,0.24258,0.26911,0.26305,72,1,1624.13,,-1,53,85,0.47391,637,2.57862,1
APP-202506-02-007,2025-06-17,0,Briar,3774.66,3807.34,0.23607,0.23356,0.26649,0.25905,83,2,1575.09,,-1,100,1,0.53198,734,2.87333,1
APP-202506-02-008,2025-06-24,0,Briar,3777.13,3801.53,0.33329,0.32935,0.17387,0.1817,94,3,1342.67,,-1,147,18,0.51815,831,2.50496,1
APP-202506-02-009,2025-06-04,0,Briar,3736.82,3777.63,0.32213,0.31939,0.40681,0.40611,105,4,-999,,275,194,35,0.50348,928,2.66318,1
APP-202506-02-010,2025-06-11,0,Briar,4115.68,4213.4,0.33799,0.32752,0.44433,0.43984,116,0,1678.22,,294,30,52,0.47726,28,2.65913,1
APP-202506-02-011,2025-06-18,0,Briar,4068.57,4111.14,0.34301,0.34114,0.21876,0.22137,-1,1,1661.79,,-999,77,69,0.51526,125,2.62287,1
APP-202506-02-012,2025-06-25,1,Briar,4178.91,4224.61,0.58695,0.5819,0.63769,0.64998,138,4,1377.4,,-999,124,86,0.50897,222,1.7068,1
APP-202506-02-013,2025-06-05,0,Briar,4426.6,4433.61,0.38286,0.37278,0.50819,0.51393,149,3,-1111,,-999,171,2,0.54255,319,2.766,1
APP-202506-02-014,2025-06-12,0,Briar,4286.57,4350.58,0.41186,0.40249,0.46449,0.4709,160,4,1671.52,606,370,7,19,0.40089,416,2.47145,1
APP-202506-02-015,2025-06-19,0,Briar,4632.79,4656.4,0.42242,0.42478,0.17117,0.17174,171,0,2038.47,619,389,54,36,0.38839,513,2.64466,1
APP-202506-02-016,2025-06-26,0,Briar,4643.73,-1111,0.45595,0.44841,0.48488,0.49544,182,1,2247.71,632,-1111,101,53,0.4349,610,2.49682,1
APP-202506-02-017,2025-06-06,0,Briar,4764.65,4860.42,,0.45407,0.33065,,13,2,,645,-1111,148,70,0.4276,707,2.53196,1
APP-202506-02-018,2025-06-13,0,Briar,4721.65,4779.23,0.15235,0.1425,0.27881,0.27478,24,3,2195.82,658,-1111,195,87,0.41307,804,3.95767,1
APP-202506-02-019,2025-06-20,0,Briar,4927.78,4960.05,0.242,0.24453,0.16459,0.16991,35,4,2253.73,671,465,31,3,0.49794,901,3.67924,1
APP-202506-02-020,2025-06-27,0,Briar,4984.02,5055.69,0.16832,0.16693,0.3031,0.3137,46,0,2463.09,684,484,78,20,0.48601,1,4.24749,1
APP-202506-02-021,2025-06-07,0,Briar,-1,5423.47,0.22331,-1,0.44044,0.43423,-999,1,-1,-1,,125,37,0.47218,98,4.09364,1
APP-202506-02-022,2025-06-14,1,Briar,5170.71,5202.54,0.46185,0.46115,0.33507,0.35607,68,4,2272.83,-1,,172,54,0.4778,195,2.75861,1
APP-202506-02-023,2025-06-21,0,Briar,5419.13,5531.47,0.301,0.30032,0.2026,0.18416,79,3,2265.29,-1,,8,71,0.48935,292,3.78598,1
APP-202506-02-024,2025-06-01,0,Briar,5518.05,5585.79,0.28273,0.28322,0.23266,0.24028,90,4,2524.63,-1,560,55,88,0.54152,389,3.94941,1
APP-202506-02-025,2025-06-08,0,Briar,5620.41,5706.33,0.29867,0.28829,0.3371,0.34007,101,0,-999,-1,579,102,4,0.52424,486,3.87907,1
APP-202506-02-026,2025-06-15,0,Briar,5861.35,5940.18,0.30281,0.30151,0.56328,0.55698,112,1,2674.36,-1,-1,149,21,0.52293,583,4.0552,1
APP-202506-02-027,2025-06-22,0,Briar,5875.58,5937.9,0.3459,0.33864,0.33208,0.32254,123,2,2310.09,-1,-1,196,38,0.36502,680,3.93643,1
APP-202506-02-028,2025-06-02,0,Briar,6068.99,6130.71,0.33161,0.33713,0.30187,0.28936,134,3,2143.59,-1,-1,32,55,0.40952,777,4.11429,1
APP-202506-02-029,2025-06-09,0,Briar,6272.53,6330.44,0.41511,0.41581,0.13259,0.12646,145,4,-1111,-1,175,79,72,0.41116,874,3.74246,1
APP-202506-02-030,2025-06-16,0,Briar,2734.61,2769.48,0.43154,0.43334,0.47349,0.46883,156,0,1009.64,-1,194,126,89,0.3959,971,1.54223,1
APP-202506-02-031,2025-06-23,0,Briar,2860.9,2930.55,0.414,0.41337,0.28563,0.26093,-1111,1,1010.27,-1,-999,173,5,0.42986,71,1.6698,1
APP-202506-02-032,2025-06-03,1,Briar,3186.96,3218.89,0.65034,0.6435,0.69698,0.67834,178,4,1000.88,-1,-999,9,22,0.48373,168,1.21215,1
APP-202506-02-033,2025-06-10,0,Briar,3505.42,3587.83,-1,0.46321,0.70319,0.71039,9,3,,-1,-999,56,39,0.46259,265,2.01319,1
APP-202506-02-034,2025-06-17,0,Briar,3253.9,3284.79,0.46863,0.46667,0.51117,0.51124,20,4,1172.3,556,270,103,56,0.48671,362,1.71994,1
APP-202506-02-035,2025-06-24,0,Briar,3450.89,3491.1,0.16893,0.17866,0.29206,0.27953,31,0,1509.18,569,289,150,73,0.46296,459,2.90652,1
APP-202506-02-036,2025-06-04,0,Briar,3561.71,3599.15,0.21288,0.21292,0.17915,0.18239,42,1,1658.59,582,-1111,197,90,0.51301,556,2.78961,1
APP-202506-02-037,2025-06-11,0,Briar,3960.92,3980.19,0.21682,0.21762,0.10186,0.10476,53,2,-1,595,-1111,33,6,0.51511,653,3.01514,1
APP-202506-02-038,2025-06-18,0,Briar,3957.22,4038.31,0.22116,0.21471,0.42201,0.42997,64,3,1935.66,608,-1111,80,23,0.55152,750,3.07248,1
APP-202506-02-039,2025-06-25,0,Briar,3910.04,3948.29,0.3165,0.31199,0.34626,0.35011,75,4,1628.0,621,365,127,40,0.51666,847,2.69754,1
APP-202506-02-040,2025-06-05,0,Briar,4105.38,4123.87,0.2898,0.28864,0.32789,0.33489,86,0,2054.24,634,384,174,57,0.39424,944,2.96261,1
APP-202506-02-041,2025-06-12,0,Briar,-999,,0.29157,-999,-1111,0.43999,,,-999,-999,,10,74,0.42431,44,2.863,1
APP-202506-02-042,2025-06-19,1,Briar,4256.92,4318.38,0.53767,0.53251,0.7102,0.72315,108,4,1753.15,-999,,57,91,0.4234,141,1.92258,1
APP-202506-02-043,2025-06-26,0,Briar,4258.21,4314.33,0.33605,0.33433,0.25242,0.26013,119,3,1564.36,-999,,104,7,0.48214,238,2.78179,1
APP-202506-02-044,2025-06-06,0,Briar,4336.33,4371.09,0.34239,0.34481,0.36551,0.36365,130,4,1776.67,-999,460,151,24,0.45641,335,2.83106,1
APP-202506-02-045,2025-06-13,0,Briar,4668.66,4722.44,0.38656,0.38624,0.43864,0.44136,141,0,-1111,-999,479,198,41,0.44454,432,2.83674,1
APP-202506-02-046,2025-06-20,0,Briar,4669.98,4744.66,0.40849,0.39605,0.57927,0.5707,152,1,1941.95,-999,-1,34,58,0.4671,529,2.8068,1
APP-202506-02-047,2025-06-27,0,Briar,4936.88,5011.5,0.3817,0.37243,0.47812,0.48983,163,2,2314.52,-999,-1,81,75,0.51676,626,3.04053,1
APP-202506-02-048,2025-06-07,0,Briar,5109.74,5181.38,0.44823,0.44554,0.42301,0.43223,174,3,1992.42,-999,-1,128,92,0.47542,723,2.94175,1
APP-202506-02-049,2025-06-14,0,Briar,5075.76,5130.29,-999,0.44866,0.5198,0.53341,185,4,,-999,555,175,8,0.51091,820,2.84982,1
APP-202506-02-050,2025-06-21,0,Briar,5183.53,5256.45,0.46604,0.45719,0.2444,0.24003,16,0,1858.28,-999,574,11,25,0.5078,917,2.9719,1
APP-202506-02-051,2025-06-01,0,Briar,5234.55,5301.43,0.44882,0.44607,0.36469,0.38328,-1,1,2091.93,-999,-999,58,42,0.51541,17,2.91929,1
APP-202506-02-052,2025-06-08,1,Briar,5491.74,5548.69,0.42107,0.41971,0.452,0.47737,38,4,2390.72,-999,-999,105,59,0.53964,114,3.18483,1
APP-202506-02-053,2025-06-15,0,Briar,5446.09,5524.23,0.25517,0.25585,0.31924,0.32802,49,3,-1,-999,-999,152,76,0.3804,211,3.88947,1
APP-202506-02-054,2025-06-22,0,Briar,5718.05,5806.1,0.19634,0.19325,0.34208,0.34388,60,4,2728.62,506,170,199,93,0.38744,308,4.53423,1
APP-202506-02-055,2025-06-02,0,Briar,5904.19,5952.67,0.2238,0.22422,0.39245,0.38672,71,0,2685.81,519,189,35,9,0.38919,405,4.50082,1
APP-202506-02-056,2025-06-09,0,Briar,5840.91,5933.12,0.27753,0.28016,0.30089,0.32045,82,1,2837.83,532,-1111,82,26,0.45912,502,4.30549,1
APP-202506-02-057,2025-06-16,0,Briar,6149.5,6208.15,0.23935,0.23926,0.05,0.04764,93,2,-999,545,-1111,129,43,0.46681,599,4.65016,1
APP-202506-02-058,2025-06-23,0,Briar,6016.59,6101.62,0.30842,0.30577,0.35552,0.35634,104,3,2829.07,558,-1111,176,60,0.42168,696,4.143,1
APP-202506-02-059,2025-06-03,0,Briar,3157.16,3206.55,0.30939,0.29963,0.24195,0.23716,115,4,1294.88,571,265,12,77,0.46658,793,2.22146,1
APP-202506-02-060,2025-06-10,0,Briar,2788.71,2825.09,0.33549,0.33217,0.31274,0.29569,126,0,1234.85,584,284,59,94,0.44112,890,1.77739,1
APP-202506-02-061,2025-06-17,0,Briar,-1111,3284.97,0.3244,-1111,0.48915,0.47973,-999,1,-1111,-1111,,106,10,0.48378,987,2.20277,1
APP-202506-02-062,2025-06-24,1,Briar,3166.87,3230.26,0.58334,0.58242,0.75521,0.74087,148,4,873.3,-1111,,153,27,0.51813,87,1.31196,1
APP-202506-02-063,2025-06-04,0,Briar,3306.81,3331.17,0.3598,0.35822,0.39831,0.38161,159,3,1417.77,-1111,,200,44,0.49991,184,2.1282,1
APP-202506-02-064,2025-06-11,0,Briar,3438.08,3472.5,0.41682,0.4188,0.05848,0.06315,170,4,1539.81,-1111,360,36,61,0.49843,281,2.06085,1
APP-202506-02-065,2025-06-18,0,Briar,3710.87,3778.41,-1111,0.38916,0.46151,-1,181,0,,-1111,379,83,78,0.55184,378,2.24342,1
APP-202506-02-066,2025-06-25,0,Briar,3792.75,-1,0.41511,0.41294,0.32291,0.30541,12,1,1368.14,-1111,-1,130,95,0.38817,475,2.35803,1
APP-202506-02-067,2025-06-05,0,Briar,3894.81,3963.17,0.49951,0.4929,0.40897,0.41503,23,2,1672.0,-1111,-1,177,11,0.41845,572,1.8805,1
APP-202506-02-068,2025-06-12,0,Briar,3970.41,3989.23,0.47499,0.47649,0.59421,0.60908,34,3,1726.42,-1111,-1,13,28,0.42919,669,2.1066,1
APP-202506-02-069,2025-06-19,0,Briar,3997.46,4077.08,0.23945,0.23584,0.36878,0.38417,45,4,-1,-1111,455,60,45,0.43826,766,3.0375,1
APP-202506-02-070,2025-06-26,0,Briar,4251.32,4296.09,0.22029,0.21705,0.31814,0.32774,56,0,2345.98,-1111,474,107,62,0.42091,863,3.27664,1
APP-202506-02-071,2025-06-06,0,Briar,4309.46,4344.86,0.20874,0.20205,0.06479,0.06777,-1111,1,2220.01,-1111,-999,154,79,0.44564,960,3.32201,1
APP-202506-02-072,2025-06-13,1,Briar,4282.81,4356.3,0.43262,0.42677,0.59223,0.59643,78,4,1828.93,-1111,-999,201,96,0.50164,60,2.47624,1
APP-202506-02-073,2025-06-20,0,Briar,4483.39,4563.6,0.2295,0.22834,0.20203,0.22555,89,3,-999,-1111,-999,37,12,0.46454,157,3.48716,1
APP-202506-02-074,2025-06-27,0,Briar,4948.32,4997.91,0.26354,0.26154,0.13961,0.13898,100,4,2343.89,456,550,84,29,0.48472,254,3.63587,1
APP-202506-02-075,2025-06-07,0,Briar,4618.52,4704.31,0.268,0.26285,0.33369,0.33584,111,0,1892.91,469,569,131,46,0.49982,351,3.4396,1
APP-202506-02-076,2025-06-14,0,Briar,4827.98,4920.64,0.31633,0.31565,0.24208,0.25226,122,1,2055.4,482,-1111,178,63,0.53353,448,3.51852,1
APP-202506-02-077,2025-06-21,0,Briar,4803.9,4850.45,0.31379,0.31065,0.22637,0.21491,133,2,-1111,495,-1111,14,80,0.51669,545,3.37968,1
APP-202506-02-078,2025-06-01,0,Briar,4883.88,4969.15,0.32939,0.33085,0.24058,0.2368,144,3,2177.98,508,-1111,61,97,0.53619,642,3.16478,1
APP-202506-02-079,2025-06-08,0,Briar,5327.39,5366.41,0.4229,0.42041,0.28187,0.28908,155,4,2323.58,521,165,108,13,0.38181,739,3.05698,1
APP-202506-02-080,2025-06-15,0,Briar,5433.2,5483.02,0.39548,0.38667,0.45024,0.44937,166,0,2203.59,534,184,155,30,0.3972,836,3.32311,1
APP-202501-03-001,2025-01-03,0,Cobalt,,3338.21,,,,0.13909,,2,,,,58,14,0.26222,184,2.72521,1
APP-202501-03-002,2025-01-10,0,Cobalt,3074.72,3136.01,0.15962,0.15608,0.05,0.05071,37,3,1374.28,,,105,45,0.28806,281,2.3865,1
APP-202501-03-003,2025-01-17,0,Cobalt,3612.85,3656.74,0.21111,0.20695,0.36973,0.36152,48,4,1792.82,,,152,76,0.30356,378,2.92182,1
APP-202501-03-004,2025-01-24,1,Cobalt,3472.54,3493.67,0.42098,0.42581,0.41281,0.39125,59,2,1559.33,,203,199,6,0.28758,475,1.92727,1
APP-202501-03-005,2025-01-04,0,Cobalt,3728.17,3776.03,0.24171,0.24058,0.16965,0.16605,70,1,-1,,222,35,37,0.29267,572,3.01096,1
APP-202501-03-006,2025-01-11,0,Cobalt,3694.37,3729.54,0.25306,0.25156,0.48089,0.48453,81,2,1783.43,,-1,82,68,0.32885,669,2.81838,1
APP-202501-03-007,2025-01-18,0,Cobalt,3813.95,3870.88,0.34465,0.34206,0.49525,0.49699,92,3,1472.44,,-1,129,99,0.35484,766,2.49429,1
APP-202501-03-008,2025-01-25,0,Cobalt,3952.81,3988.47,0.34849,0.34582,0.23575,0.23893,103,4,1530.07,,-1,176,29,0.34407,863,2.62212,1
APP-202501-03-009,2025-01-05,0,Cobalt,3999.64,4020.89,0.36126,0.3528,0.51242,0.51549,114,0,-999,,298,12,60,0.35708,960,2.45027,1
APP-202501-03-010,2025-01-12,0,Cobalt,4211.14,4283.88,0.30264,0.30024,0.30482,0.29769,125,1,2364.78,,317,59,91,0.3856,60,3.02997,1
APP-202501-03-011,2025-01-19,0,Cobalt,4251.29,-999,0.41276,0.40787,0.36581,0.36599,-1,-1,1968.84,,-999,106,21,0.36336,157,2.39218,1
APP-202501-03-012,2025-01-26,0,Cobalt,4191.88,4226.01,0.39959,0.39636,0.48277,0.49043,147,3,1661.61,,-999,153,52,0.39272,254,2.68033,1
APP-202501-03-013,2025-01-06,1,Cobalt,4390.69,4454.45,0.59333,0.59608,0.64128,0.65524,158,6,-1111,,-999,200,83,0.39015,351,1.88793,1
APP-202501-03-014,2025-01-13,0,Cobalt,4467.79,4482.34,0.44348,0.42956,0.51311,0.52311,169,0,2216.88,623,393,36,13,0.24376,448,2.52737,1
APP-202501-03-015,2025-01-20,0,Cobalt,4661.86,4714.39,0.44039,0.43434,0.38407,0.37046,180,1,1548.28,636,412,83,44,0.27366,545,2.68349,1
APP-202501-03-016,2025-01-27,0,Cobalt,4957.62,5038.14,0.50012,0.49313,0.58063,0.58447,11,2,2169.7,649,-1111,130,75,0.26321,642,2.3596,1
APP-202501-03-017,2025-01-07,0,Cobalt,4995.03,5086.86,-1,0.47198,0.40419,0.39721,22,3,,662,-1111,177,5,0.29351,739,2.60547,1
APP-202501-03-018,2025-01-14,0,Cobalt,5058.42,5103.26,0.17127,0.16824,0.07223,0.07805,33,4,2240.23,675,-1111,13,36,0.28763,836,4.20029,1
APP-202501-03-019,2025-01-21,0,Cobalt,4993.8,5074.85,0.21481,0.2169,0.25081,0.2467,44,0,2385.67,688,488,60,67,0.35928,933,3.94276,1
APP-202501-03-020,2025-01-01,0,Cobalt,5281.48,5321.86,0.21,0.21342,0.38629,0.40219,55,1,2331.1,701,507,107,98,0.31381,33,4.29635,1
APP-202501-03-021,2025-01-08,0,Cobalt,-1,5591.89,0.19576,-1,0.35012,0.36033,-999,2,-1,-1,,154,28,0.39098,130,4.51873,1
APP-202501-03-022,2025-01-15,1,Cobalt,5681.57,5729.03,0.47504,0.47008,0.36547,0.37847,77,5,2954.81,-1,,201,59,0.35619,227,2.99506,1
APP-202501-03-023,2025-01-22,0,Cobalt,5646.36,5712.33,0.26894,0.26333,0.09785,0.10719,88,4,2451.71,-1,,37,90,0.37584,324,3.88718,1
APP-202501-03-024,2025-01-02,0,Cobalt,5865.04,5879.77,0.25518,0.25135,0.29427,0.29862,99,0,2997.86,-1,103,84,20,0.37991,421,4.3603,1
APP-202501-03-025,2025-01-09,0,Cobalt,5876.91,5946.01,0.33189,0.32748,0.26404,0.26718,110,1,-999,-1,122,131,51,0.41118,518,3.9131,1
APP-202501-03-026,2025-01-16,0,Cobalt,6102.08,6142.08,0.36686,0.37485,0.40501,0.39079,121,2,2681.24,-1,-1,178,82,0.41925,615,3.77569,1
APP-202501-03-027,2025-01-23,0,Cobalt,6204.09,6300.72,0.32396,0.31877,0.53931,0.52918,132,3,2851.44,-1,-1,14,12,0.26547,712,4.28607,1
APP-202501-03-028,2025-01-03,0,Cobalt,6248.05,6332.61,0.35536,0.35293,0.4067,0.39955,143,4,2568.53,-1,-1,61,43,0.27474,809,3.97438,1
APP-202501-03-029,2025-01-10,0,Cobalt,6325.31,6398.87,0.36025,0.35977,0.35903,0.35367,154,0,-1111,-1,198,108,74,0.30972,906,4.07096,1
APP-202501-03-030,2025-01-17,0,Cobalt,3090.76,3127.76,0.41366,0.41197,0.23067,0.22709,165,1,872.63,-1,217,155,4,0.2927,6,1.89095,1
APP-202501-03-031,2025-01-24,1,Cobalt,3074.18,3104.3,0.63811,0.63905,0.7072,0.71726,-1111,4,1029.33,-1,-999,202,35,0.32005,103,1.19845,1
APP-202501-03-032,2025-01-04,0,Cobalt,3127.38,3181.49,0.44914,0.44524,0.38766,0.39984,187,3,1042.81,-1,-999,38,66,0.32954,200,1.79819,1
APP-202501-03-033,2025-01-11,0,Cobalt,3590.29,3632.51,-999,0.44144,0.52802,-999,18,4,,-1,-999,85,97,0.32631,297,2.03147,1
APP-202501-03-034,2025-01-18,0,Cobalt,3717.24,3795.78,0.38452,0.37622,0.34902,0.33891,29,0,1633.49,573,293,132,27,0.36644,394,2.22098,1
APP-202501-03-035,2025-01-25,0,Cobalt,3698.61,3765.3,0.16603,0.16077,0.16062,0.16663,40,1,1799.31,586,312,179,58,0.39172,491,3.12689,1
APP-202501-03-036,2025-01-05,0,Cobalt,3808.05,-1111,0.17731,0.17402,0.09272,0.0974,51,2,1696.71,599,-1111,15,89,0.39309,588,3.18389,1
APP-202501-03-037,2025-01-12,0,Cobalt,3744.33,3818.37,0.16174,0.16161,0.06482,0.06279,62,3,-1,612,-1111,62,19,0.38463,685,3.193,1
APP-202501-03-038,2025-01-19,0,Cobalt,4043.25,4092.24,0.22854,0.22771,0.06784,0.04891,73,4,2027.17,625,-1111,109,50,0.40105,782,3.14459,1
APP-202501-03-039,2025-01-26,0,Cobalt,4103.24,4126.55,0.19269,0.19494,0.30293,0.28714,84,0,1874.55,638,388,156,81,0.43286,879,3.33492,1
APP-202501-03-040,2025-01-06,1,Cobalt,4319.59,4365.99,0.49677,0.49213,0.51843,0.52326,95,3,1564.04,651,407,203,11,0.31245,976,2.23885,1
APP-202501-03-041,2025-01-13,0,Cobalt,-999,4348.15,0.26689,-999,-1,0.38141,,2,-999,-999,,39,42,0.32051,76,3.1039,1
APP-202501-03-042,2025-01-20,0,Cobalt,4509.0,4577.33,0.3077,0.30963,0.40065,0.414,117,3,2083.35,-999,,86,73,0.29707,173,3.09216,1
APP-202501-03-043,2025-01-27,0,Cobalt,4670.69,4732.09,0.28322,0.28416,0.35828,0.37286,128,4,2151.68,-999,,133,3,0.32382,270,3.42631,1
APP-202501-03-044,2025-01-07,0,Cobalt,4457.8,4492.67,0.33749,0.34128,0.32622,0.31843,139,0,2213.54,-999,483,180,34,0.32672,367,3.01962,1
APP-202501-03-045,2025-01-14,0,Cobalt,4860.94,4900.34,0.33508,0.33025,0.33228,0.34916,150,1,-1111,-999,502,16,65,0.30656,464,3.27294,1
APP-202501-03-046,2025-01-21,0,Cobalt,5041.23,5069.77,0.31352,0.3129,0.46124,0.47243,161,2,2094.44,-999,-1,63,96,0.3365,561,3.43274,1
APP-202501-03-047,2025-01-01,0,Cobalt,4804.57,4853.8,0.41758,0.42035,0.23548,0.23418,172,3,1958.33,-999,-1,110,26,0.38099,658,2.88529,1
APP-202501-03-048,2025-01-08,0,Cobalt,5192.92,5251.7,0.46584,0.46608,0.51856,0.53292,183,4,2202.98,-999,-1,157,57,0.36292,755,2.88948,1
APP-202501-03-049,2025-01-15,1,Cobalt,5423.43,5490.44,-1111,0.67377,0.6507,0.65078,14,2,,-999,578,204,88,0.38482,852,1.75475,1
APP-202501-03-050,2025-01-22,0,Cobalt,5395.26,5479.67,0.46197,0.45567,0.20404,0.20137,25,1,2076.93,-999,117,40,18,0.39844,949,2.9634,1
APP-202501-03-051,2025-01-02,0,Cobalt,5426.5,5528.95,0.48901,0.48738,0.39319,0.3974,-1,2,1935.87,-999,-999,87,49,0.40563,49,2.79716,1
APP-202501-03-052,2025-01-09,0,Cobalt,5636.96,5713.84,0.14821,0.14631,0.12898,0.13868,47,3,2667.78,-999,-999,134,80,0.40375,146,4.87199,1
APP-202501-03-053,2025-01-16,0,Cobalt,5712.84,5766.14,0.1986,0.19467,0.30378,0.28229,58,4,-1,-999,-999,181,10,0.29032,243,4.63954,1
APP-202501-03-054,2025-01-23,0,Cobalt,5922.49,6018.55,0.18024,0.17525,0.30064,0.29588,69,0,2876.48,523,193,17,41,0.29927,340,4.85495,1
APP-202501-03-055,2025-01-03,0,Cobalt,5905.41,5971.32,0.24851,0.2443,0.29918,0.29606,80,1,2729.33,536,212,64,72,0.295,437,4.43798,1
APP-202501-03-056,2025-01-10,0,Cobalt,6008.65,6056.01,0.25048,0.25216,0.38794,0.38689,91,2,2758.79,549,-1111,111,2,0.32069,534,4.5157,1
APP-202501-03-057,2025-01-17,0,Cobalt,6297.77,6320.11,0.30478,0.30388,0.16091,0.16432,102,3,-999,562,-1111,158,33,0.28815,631,4.37542,1
APP-202501-03-058,2025-01-24,1,Cobalt,6459.63,6534.27,0.4929,0.48991,0.46241,0.46898,113,6,2644.0,575,-1111,205,64,0.34484,728,3.22104,1
APP-202501-03-059,2025-01-04,0,Cobalt,3292.25,3349.73,0.32794,0.32276,0.4168,0.40819,124,0,1609.45,588,288,41,95,0.34707,825,2.33424,1
APP-202501-03-060,2025-01-11,0,Cobalt,3105.32,3145.86,0.33173,0.32522,0.27313,0.26362,135,1,1206.77,601,307,88,25,0.32916,922,1.99367,1
APP-202501-03-061,2025-01-18,0,Cobalt,-1111,,0.34269,-1111,0.22856,0.23238,-999,-999,-1111,-1111,,135,56,0.33787,22,2.20316,1
APP-202501-03-062,2025-01-25,0,Cobalt,3376.78,3394.0,0.34409,0.34143,0.35912,0.35455,157,3,1204.87,-1111,,182,87,0.38957,119,2.20743,1
APP-202501-03-063,2025-01-05,0,Cobalt,3481.18,3497.84,0.3588,0.35102,0.24719,0.25837,168,4,1026.21,-1111,,18,17,0.37448,216,2.24208,1
APP-202501-03-064,2025-01-12,0,Cobalt,3821.87,3898.88,0.42837,0.42874,0.16484,0.17535,179,0,1269.19,-1111,383,65,48,0.40143,313,2.14426,1
APP-202501-03-065,2025-01-19,0,Cobalt,3711.94,3748.79,,0.41479,0.07518,0.07926,10,1,,-1111,402,112,79,0.40827,410,2.20686,1
APP-202501-03-066,2025-01-26,0,Cobalt,3889.55,3942.12,0.40574,0.4048,0.25994,0.27076,21,2,1716.59,-1111,-1,159,9,0.25167,507,2.40874,1
APP-202501-03-067,2025-01-06,1,Cobalt,4066.29,4094.46,0.6302,0.62872,0.638,0.64321,32,5,1284.63,-1111,-1,206,40,0.28539,604,1.55837,1
APP-202501-03-068,2025-01-13,0,Cobalt,4023.91,4053.02,0.4633,0.45553,0.44222,0.44739,43,4,1381.78,-1111,-1,42,71,0.30267,701,2.19669,1
APP-202501-03-069,2025-01-20,0,Cobalt,4319.38,4364.06,0.20074,0.18796,0.39141,0.40032,54,0,-1,-1111,478,89,1,0.29148,798,3.53977,1
APP-202501-03-070,2025-01-27,0,Cobalt,4408.42,4476.55,0.22699,0.2317,0.24165,0.24122,65,1,1923.32,-1111,497,136,32,0.35106,895,3.38175,1
APP-202501-03-071,2025-01-07,0,Cobalt,4372.41,4420.62,0.23138,0.23344,0.05,0.03549,-1111,2,1941.09,-1111,-999,183,63,0.33024,992,3.40092,1
APP-202501-03-072,2025-01-14,0,Cobalt,4760.15,4833.18,0.21139,0.20496,0.28427,0.2757,87,3,2319.48,-1111,-999,19,94,0.34352,92,3.66306,1
APP-202501-03-073,2025-01-21,0,Cobalt,4863.64,4924.8,0.21038,0.2125,0.05,0.05905,98,4,-999,-1111,-999,66,24,0.36794,189,3.90848,1
APP-202501-03-074,2025-01-01,0,Cobalt,4880.42,4943.59,0.27865,0.27748,0.25593,0.26151,109,0,1955.01,473,573,113,55,0.36356,286,3.60354,1
APP-202501-03-075,2025-01-08,0,Cobalt,4930.51,5001.85,0.30747,0.31133,0.21844,0.21394,120,1,2361.49,486,112,160,86,0.39889,383,3.42202,1
APP-202501-03-076,2025-01-15,1,Cobalt,5025.34,5086.52,0.49623,0.48922,0.59414,0.60466,131,4,2167.97,499,-1111,207,16,0.41347,480,2.63862,1
APP-202501-03-077,2025-01-22,0,Cobalt,5199.84,5285.58,0.30235,0.29932,0.48887,0.49339,142,3,-1111,512,-1111,43,47,0.41187,577,3.7125,1
APP-202501-03-078,2025-01-02,0,Cobalt,5355.57,5401.85,0.3477,0.34225,0.40413,0.41012,153,4,2590.3,525,-1111,90,78,0.42075,674,3.43446,1
APP-202501-03-079,2025-01-09,0,Cobalt,5519.81,5628.17,0.35115,0.35447,0.23121,0.22381,164,0,2620.34,538,188,137,8,0.28156,771,3.40534,1
APP-202501-03-080,2025-01-16,0,Cobalt,5488.95,5510.01,0.35466,0.34872,0.28498,0.28944,175,1,2150.11,551,207,184,39,0.28016,868,3.52246,1
APP-202502-03-001,2025-02-03,0,Cobalt,,3123.87,-1,,-999,-1111,,2,,,,58,14,0.29145,185,2.40751,1
APP-202502-03-002,2025-02-10,0,Cobalt,3174.94,3161.7,0.16267,0.16004,0.1378,0.15024,37,3,1623.83,,,105,45,0.33423,282,2.6261,1
APP-202502-03-003,2025-02-17,1,Cobalt,3314.3,3370.79,0.45602,0.45632,0.56265,0.56977,48,6,1159.08,,,152,76,0.31255,379,1.83212,1
APP-202502-03-004,2025-02-24,0,Cobalt,3379.26,3396.3,0.24706,0.24138,0.1755,0.17763,59,0,1386.3,,203,199,6,0.33835,476,2.60252,1
APP-202502-03-005,2025-02-04,0,Cobalt,3496.61,3544.47,0.24559,0.23688,0.09495,0.10664,70,1,-1,,222,35,37,0.31823,573,2.67239,1
APP-202502-03-006,2025-02-11,0,Cobalt,3799.72,-1,0.22119,0.21337,0.32292,0.33067,81,2,1541.86,,-1,82,68,0.38954,670,2.99376,1
APP-202502-03-007,2025-02-18,0,Cobalt,3795.42,3811.32,0.29404,0.28884,0.37078,0.38353,92,3,1683.1,,-1,129,99,0.384,767,2.82106,1
APP-202502-03-008,2025-02-25,0,Cobalt,3775.23,3793.09,0.33119,0.32775,0.39332,0.39695,103,4,1929.28,,-1,176,29,0.38411,864,2.50897,1
APP-202502-03-009,2025-02-05,0,Cobalt,4061.33,4073.95,0.27276,0.27098,0.10791,0.10911,114,0,-999,,298,12,60,0.3946,961,2.85335,1
APP-202502-03-010,2025-02-12,0,Cobalt,3994.19,4052.51,0.35459,0.35549,0.25038,0.24646,125,1,1580.18,,317,59,91,0.43209,61,2.72031,1
APP-202502-03-011,2025-02-19,0,Cobalt,4245.35,4272.62,0.37185,0.37139,0.3882,0.40128,-1,2,1700.4,,-999,106,21,0.44251,158,2.60795,1
APP-202502-03-012,2025-02-26,0,Cobalt,4594.87,4661.36,0.41263,0.40291,0.32824,0.31992,147,3,1827.07,,-999,153,52,0.42512,255,2.6017,1
APP-202502-03-013,2025-02-06,1,Cobalt,4308.52,4381.18,0.61473,0.60732,0.58959,0.57605,158,6,-1111,,-999,200,83,0.42832,352,1.57252,1
APP-202502-03-014,2025-02-13,0,Cobalt,4659.86,4648.54,0.39944,0.40347,0.3707,0.37022,169,0,1985.49,623,393,36,13,0.30369,449,2.78206,1
APP-202502-03-015,2025-02-20,0,Cobalt,4621.05,4687.36,0.44052,0.43752,0.05,0.0543,180,1,1855.63,636,412,83,44,0.26266,546,2.49122,1
APP-202502-03-016,2025-02-27,0,Cobalt,4984.77,5040.02,0.46956,0.4655,0.45107,0.45346,11,2,1693.54,649,-1111,130,75,0.3341,643,2.70429,1
APP-202502-03-017,2025-02-07,0,Cobalt,4871.99,4964.38,-999,0.42633,0.23269,0.23757,22,3,,662,-1111,177,5,0.34028,740,2.87712,1
APP-202502-03-018,2025-02-14,0,Cobalt,5186.99,5235.78,0.13577,0.13655,0.14283,0.14101,33,4,2842.99,675,-1111,13,36,0.3824,837,4.53979,1
APP-202502-03-019,2025-02-21,0,Cobalt,5205.74,5283.36,0.21262,0.2093,0.3552,0.36802,44,0,2743.82,688,488,60,67,0.34595,934,4.02084,1
APP-202502-03-020,2025-02-01,0,Cobalt,5346.03,5412.3,0.1663,0.16652,0.23165,0.23203,55,1,2878.89,701,507,107,98,0.39321,34,4.41771,1
APP-202502-03-021,2025-02-08,0,Cobalt,-1,5261.94,0.23077,-1,0.22031,0.2141,-999,2,-1,-1,,154,28,0.40339,131,4.09995,1
APP-202502-03-022,2025-02-15,0,Cobalt,5617.3,5678.48,0.25228,0.25039,0.22882,0.21908,77,3,2699.37,-1,,201,59,0.41637,228,4.19998,1
APP-202502-03-023,2025-02-22,1,Cobalt,5632.85,5697.89,0.45639,0.45913,0.44117,0.45881,88,6,2267.22,-1,,37,90,0.41164,325,3.03733,1
APP-202502-03-024,2025-02-02,0,Cobalt,5614.78,5643.53,0.27823,0.2751,0.25078,0.24257,99,0,2630.37,-1,103,84,20,0.41201,422,4.1039,1
APP-202502-03-025,2025-02-09,0,Cobalt,5873.64,5928.15,0.34211,0.33814,0.50466,0.50355,110,1,-999,-1,122,131,51,0.39226,519,3.91779,1
APP-202502-03-026,2025-02-16,0,Cobalt,5829.11,5904.2,0.32775,0.32471,0.32234,0.31643,121,2,2271.42,-1,-1,178,82,0.46032,616,4.05232,1
APP-202502-03-027,2025-02-23,0,Cobalt,6128.7,6174.68,0.32329,0.32013,0.341,0.35557,132,3,2761.31,-1,-1,14,12,0.31868,713,4.15029,1
APP-202502-03-028,2025-02-03,0,Cobalt,6112.67,6217.53,0.35354,0.34854,0.24762,0.26515,143,4,2987.9,-1,-1,61,43,0.29467,810,3.86954,1
APP-202502-03-029,2025-02-10,0,Cobalt,6337.66,6420.76,0.40471,0.39905,0.4217,0.41685,154,0,-1111,-1,198,108,74,0.32026,907,3.70469,1
APP-202502-03-030,2025-02-17,0,Cobalt,2991.87,3032.48,0.36541,0.36238,0.31462,0.31129,165,1,1052.11,-1,217,155,4,0.32999,7,1.92983,1
APP-202502-03-031,2025-02-24,0,Cobalt,3254.77,-999,0.40334,0.40161,0.27676,0.27781,-1111,-1111,1585.49,-1,-999,202,35,0.33861,104,1.81088,1
APP-202502-03-032,2025-02-04,0,Cobalt,2952.57,2988.72,0.44395,0.44454,0.38773,0.38419,187,3,1404.31,-1,-999,38,66,0.33548,201,1.7168,1
APP-202502-03-033,2025-02-11,1,Cobalt,3162.17,3183.7,-1111,0.67231,0.66996,0.68261,18,6,,-1,-999,85,97,0.37193,298,0.91856,1
APP-202502-03-034,2025-02-18,0,Cobalt,3533.88,3571.43,0.42737,0.42159,0.35422,0.36179,29,0,1429.23,573,293,132,27,0.35986,395,1.98586,1
APP-202502-03-035,2025-02-25,0,Cobalt,3655.67,3715.29,0.20092,0.20923,0.39363,0.39914,40,1,1501.79,586,312,179,58,0.3771,492,2.93915,1
APP-202502-03-036,2025-02-05,0,Cobalt,3970.61,4003.75,0.21104,0.20791,0.08718,0.09689,51,2,1683.29,599,-1111,15,89,0.37147,589,2.98549,1
APP-202502-03-037,2025-02-12,0,Cobalt,3803.45,3867.9,0.22973,0.22886,0.29685,0.3078,62,3,-1,612,-1111,62,19,0.38426,686,2.93965,1
APP-202502-03-038,2025-02-19,0,Cobalt,3948.72,3998.88,0.26027,0.25722,0.40186,0.4079,73,4,2014.22,625,-1111,109,50,0.46752,783,2.99697,1
APP-202502-03-039,2025-02-26,0,Cobalt,3982.54,4015.93,0.27943,0.27581,0.20286,0.21542,84,0,2208.78,638,388,156,81,0.45077,880,2.93317,1
APP-202502-03-040,2025-02-06,0,Cobalt,4198.15,4288.42,0.27274,0.26708,0.42006,0.41679,95,1,1934.2,651,407,203,11,0.30337,977,2.98985,1
APP-202502-03-041,2025-02-13,0,Cobalt,-999,4325.82,0.28182,-999,-1111,0.34171,,2,-999,-999,,39,42,0.3434,77,2.88515,1
APP-202502-03-042,2025-02-20,0,Cobalt,4500.31,4545.08,0.29715,0.2868,0.41041,0.40476,117,3,1872.68,-999,,86,73,0.36093,174,3.12737,1
APP-202502-03-043,2025-02-27,1,Cobalt,4690.75,4804.21,0.55839,0.5548,0.55367,0.54803,128,6,1731.92,-999,,133,3,0.33797,271,2.09343,1
APP-202502-03-044,2025-02-07,0,Cobalt,4805.5,4827.45,0.3235,0.32756,0.17696,0.1722,139,0,1852.12,-999,483,180,34,0.36586,368,3.18748,1
APP-202502-03-045,2025-02-14,0,Cobalt,4668.97,4706.24,0.35042,0.34451,0.31287,0.31225,150,1,-1111,-999,502,16,65,0.38734,465,2.97555,1
APP-202502-03-046,2025-02-21,0,Cobalt,5038.05,5108.08,0.34253,0.3404,0.56679,0.57227,161,2,1655.16,-999,-1,63,96,0.33488,562,3.28427,1
APP-202502-03-047,2025-02-01,0,Cobalt,5096.8,5125.01,0.38586,0.39486,0.38043,0.38745,172,3,2252.32,-999,-1,110,26,0.40298,659,3.12993,1
APP-202502-03-048,2025-02-08,0,Cobalt,5152.06,5215.44,0.41278,0.40186,0.29702,0.30407,183,4,2219.3,-999,-1,157,57,0.36963,756,3.00839,1
APP-202502-03-049,2025-02-15,0,Cobalt,5131.26,5197.54,,0.39839,0.50735,,14,0,,-999,578,204,88,0.41705,853,2.97195,1
APP-202502-03-050,2025-02-22,0,Cobalt,5359.19,5416.85,0.45049,0.44406,0.43833,0.42268,25,1,2165.19,-999,117,40,18,0.41635,950,2.96813,1
APP-202502-03-051,2025-02-02,0,Cobalt,5360.4,5430.57,0.49304,0.49007,0.53053,0.52153,-1,2,1726.2,-999,-999,87,49,0.41887,50,2.71972,1
APP-202502-03-052,2025-02-09,0,Cobalt,5665.94,5744.52,0.18368,0.17445,0.2447,0.23767,47,3,2861.68,-999,-999,134,80,0.42546,147,4.66803,1
APP-202502-03-053,2025-02-16,1,Cobalt,5791.2,5847.55,0.43117,0.4291,0.26847,0.25991,58,6,-1,-999,-999,181,10,0.27607,244,3.33805,1
APP-202502-03-054,2025-02-23,0,Cobalt,5760.67,5821.22,0.19673,0.18865,0.22702,0.22274,69,0,2822.94,523,193,17,41,0.30007,341,4.56341,1
APP-202502-03-055,2025-02-03,0,Cobalt,6065.58,6123.63,0.25962,0.26262,0.23819,0.23267,80,1,2867.61,536,212,64,72,0.32169,438,4.55524,1
APP-202502-03-056,2025-02-10,0,Cobalt,6216.11,-1111,0.28233,0.27839,0.38698,0.36713,91,2,2848.82,549,-1111,111,2,0.34604,535,4.41512,1
APP-202502-03-057,2025-02-17,0,Cobalt,6263.23,6314.68,0.30322,0.30338,0.32865,0.32484,102,3,-999,562,-1111,158,33,0.33923,632,4.42225,1
APP-202502-03-058,2025-02-24,0,Cobalt,6329.27,6445.37,0.31363,0.31019,0.28762,0.28981,113,4,2887.5,575,-1111,205,64,0.38968,729,4.46146,1
APP-202502-03-059,2025-02-04,0,Cobalt,3166.73,3183.17,0.34006,0.33581,0.22175,0.2198,124,0,1287.78,588,288,41,95,0.38402,826,2.0504,1
APP-202502-03-060,2025-02-11,0,Cobalt,3238.7,3291.2,0.3211,0.31983,0.28167,0.27463,135,1,1612.82,601,307,88,25,0.33379,923,2.2196,1
APP-202502-03-061,2025-02-18,0,Cobalt,-1111,3286.96,0.31353,-1111,0.35425,0.35745,-999,2,-1111,-1111,,135,56,0.40608,23,2.27024,1
APP-202502-03-062,2025-02-25,0,Cobalt,3221.99,3253.9,0.39392,0.38488,0.56165,0.56944,157,3,1086.45,-1111,,182,87,0.38445,120,1.99025,1
APP-202502-03-063,2025-02-05,1,Cobalt,3557.2,3587.45,0.55513,0.55304,0.83791,0.83345,168,6,1109.85,-1111,,18,17,0.41536,217,1.5383,1
APP-202502-03-064,2025-02-12,0,Cobalt,3665.62,3684.99,0.3983,0.39555,0.49982,0.517,179,0,1405.07,-1111,383,65,48,0.4829,314,2.28291,1
APP-202502-03-065,2025-02-19,0,Cobalt,3744.82,3833.82,-1,0.41885,0.21956,0.21488,10,1,,-1111,402,112,79,0.44288,411,2.27622,1
APP-202502-03-066,2025-02-26,0,Cobalt,4159.44,4206.86,0.43224,0.42562,0.31357,0.32942,21,2,2160.46,-1111,-1,159,9,0.31399,508,2.50404,1
APP-202502-03-067,2025-02-06,0,Cobalt,3903.89,3971.64,0.49666,0.49243,0.36784,0.3947,32,3,1447.68,-1111,-1,206,40,0.33569,605,1.78608,1
APP-202502-03-068,2025-02-13,0,Cobalt,4127.78,4167.82,0.47415,0.47532,0.34413,0.34765,43,4,1486.14,-1111,-1,42,71,0.33544,702,2.18324,1
APP-202502-03-069,2025-02-20,0,Cobalt,4082.18,4092.23,0.17775,0.18131,0.15343,0.15553,54,0,-1,-1111,478,89,1,0.35618,799,3.40212,1
APP-202502-03-070,2025-02-27,0,Cobalt,4523.35,4618.62,0.18147,0.18687,0.20323,0.20748,65,1,2113.67,-1111,497,136,32,0.36175,896,3.71537,1
APP-202502-03-071,2025-02-07,0,Cobalt,4701.21,4749.08,0.20315,0.20015,0.093,0.07442,-1111,2,2443.97,-1111,-999,183,63,0.36328,993,3.74461,1
APP-202502-03-072,2025-02-14,0,Cobalt,4623.08,4680.51,0.19679,0.18485,0.21013,0.20517,87,3,1902.45,-1111,-999,19,94,0.35783,93,3.75714,1
APP-202502-03-073,2025-02-21,1,Cobalt,4604.41,4631.88,0.43924,0.43231,0.46317,0.4632,98,6,-999,-1111,-999,66,24,0.39469,190,2.51442,1
APP-202502-03-074,2025-02-01,0,Cobalt,4675.17,4747.67,0.29385,0.29687,0.21046,0.21323,109,0,2197.68,473,573,113,55,0.40722,287,3.3086,1
APP-202502-03-075,2025-02-08,0,Cobalt,4784.43,4835.41,0.27911,0.27925,0.19291,0.19483,120,1,2159.09,486,112,160,86,0.41637,384,3.4826,1
APP-202502-03-076,2025-02-15,0,Cobalt,4938.26,4994.0,0.29,0.29279,0.50962,0.51058,131,2,1880.13,499,-1111,207,16,0.43385,481,3.47214,1
APP-202502-03-077,2025-02-22,0,Cobalt,5226.29,5299.81,0.32894,0.3294,0.21139,0.2115,142,3,-1111,512,-1111,43,47,0.44767,578,3.56069,1
APP-202502-03-078,2025-02-02,0,Cobalt,5388.43,5431.31,0.32929,0.32473,0.20604,0.20873,153,4,2185.16,525,-1111,90,78,0.45292,675,3.67669,1
APP-202502-03-079,2025-02-09,0,Cobalt,5601.18,5676.38,0.35428,0.35086,0.35918,0.35517,164,0,2200.66,538,188,137,8,0.30001,772,3.49298,1
APP-202502-03-080,2025-02-16,0,Cobalt,5461.67,5522.4,0.3638,0.34865,0.22791,0.22848,175,1,2339.73,551,207,184,39,0.30589,869,3.55063,1
APP-202503-03-001,2025-03-03,0,Cobalt,,,-999,,,0.06214,,,,,,58,14,0.31718,186,2.47944,1
APP-202503-03-002,2025-03-10,0,Cobalt,3075.73,3118.84,0.17617,0.17242,0.1663,0.18256,37,3,1694.9,,,105,45,0.32891,283,2.51032,1
APP-202503-03-003,2025-03-17,0,Cobalt,3342.86,3383.58,0.25146,0.24146,0.15825,0.17006,48,4,1460.25,,,152,76,0.33643,380,2.56191,1
APP-202503-03-004,2025-03-24,0,Cobalt,3402.66,3421.5,0.256,0.25518,0.36941,0.37056,59,0,1262.99,,203,199,6,0.39796,477,2.4205,1
APP-202503-03-005,2025-03-04,0,Cobalt,3453.62,3499.62,0.27371,0.2807,0.41205,0.41203,70,1,-1,,222,35,37,0.36165,574,2.60891,1
APP-202503-03-006,2025-03-11,0,Cobalt,3704.02,3743.88,0.29073,0.2907,0.3892,0.4071,81,2,1508.76,,-1,82,68,0.41492,671,2.4742,1
APP-202503-03-007,2025-03-18,0,Cobalt,3849.57,3866.47,0.31856,0.32117,0.52702,0.52999,92,3,1898.92,,-1,129,99,0.38414,768,2.50302,1
APP-202503-03-008,2025-03-25,1,Cobalt,3832.61,3891.13,0.51866,0.51482,0.33587,0.34537,103,6,922.06,,-1,176,29,0.39009,865,1.82797,1
APP-202503-03-009,2025-03-05,0,Cobalt,3957.25,3993.17,0.31673,0.30886,0.2161,0.21279,114,0,-999,,298,12,60,0.40935,962,2.68414,1
APP-202503-03-010,2025-03-12,0,Cobalt,4051.2,4089.47,0.31801,0.31319,0.11747,0.11475,125,1,1970.51,,317,59,91,0.42009,62,2.76853,1
APP-202503-03-011,2025-03-19,0,Cobalt,3942.72,4005.8,0.32417,0.32496,0.46048,0.45675,-1,2,1375.21,,-999,106,21,0.47292,159,2.7892,1
APP-202503-03-012,2025-03-26,0,Cobalt,4549.77,4583.5,0.44778,0.44715,0.39872,0.39362,147,3,2157.78,,-999,153,52,0.45491,256,2.4326,1
APP-202503-03-013,2025-03-06,0,Cobalt,4414.99,4455.22,0.44708,0.44367,0.85473,0.87276,158,4,-1111,,-999,200,83,0.42964,353,2.39387,1
APP-202503-03-014,2025-03-13,0,Cobalt,4602.07,4643.95,0.42405,0.41785,0.6421,0.6437,169,0,2055.32,623,393,36,13,0.32627,450,2.74643,1
APP-202503-03-015,2025-03-20,0,Cobalt,4857.89,4918.5,0.40263,0.4023,0.22018,0.21722,180,1,2048.36,636,412,83,44,0.31384,547,2.95374,1
APP-202503-03-016,2025-03-27,0,Cobalt,4678.98,4766.49,0.44258,0.43696,0.22778,0.23221,11,2,1810.1,649,-1111,130,75,0.36073,644,2.5687,1
APP-202503-03-017,2025-03-07,0,Cobalt,4748.62,4769.2,-1111,0.48103,0.31281,-1,22,3,,662,-1111,177,5,0.37156,741,2.52195,1
APP-202503-03-018,2025-03-14,0,Cobalt,4912.44,4985.52,0.18299,0.18743,0.22321,0.22258,33,4,2376.81,675,-1111,13,36,0.39243,838,3.93198,1
APP-202503-03-019,2025-03-21,1,Cobalt,5027.57,5096.83,0.44439,0.44448,0.47272,0.47985,44,2,2214.62,688,488,60,67,0.36434,935,2.80236,1
APP-202503-03-020,2025-03-01,0,Cobalt,5304.03,5367.15,0.25553,0.25991,0.30089,0.31286,55,1,2701.52,701,507,107,98,0.40123,35,3.84322,1
APP-202503-03-021,2025-03-08,0,Cobalt,-1,5403.76,0.19012,-1,0.31915,0.31164,-999,2,-1,-1,,154,28,0.42989,132,4.249,1
APP-202503-03-022,2025-03-15,0,Cobalt,5506.08,5585.82,0.25958,0.25954,0.20904,0.20321,77,3,2451.29,-1,,201,59,0.41917,229,4.13794,1
APP-202503-03-023,2025-03-22,0,Cobalt,5403.62,5492.15,0.24734,0.2415,0.11278,0.11712,88,4,2338.32,-1,,37,90,0.43362,326,4.13653,1
APP-202503-03-024,2025-03-02,0,Cobalt,5644.15,5719.2,0.25777,0.258,0.30284,0.30476,99,0,2486.4,-1,103,84,20,0.45834,423,4.06079,1
APP-202503-03-025,2025-03-09,0,Cobalt,5935.53,6025.15,0.26114,0.25774,0.35155,0.35537,110,1,-999,-1,122,131,51,0.44348,520,4.37142,1
APP-202503-03-026,2025-03-16,0,Cobalt,5660.59,-1,0.30824,0.30083,0.38833,0.38701,121,2,2507.52,-1,-1,178,82,0.4966,617,3.9284,1
APP-202503-03-027,2025-03-23,0,Cobalt,5852.58,5882.51,0.34953,0.34738,0.36741,0.36134,132,3,2127.92,-1,-1,14,12,0.32946,714,3.80417,1
APP-202503-03-028,2025-03-03,0,Cobalt,6061.14,6082.89,0.37419,0.36456,0.57077,0.57794,143,4,3000.28,-1,-1,61,43,0.33214,811,3.72173,1
APP-202503-03-029,2025-03-10,0,Cobalt,6380.79,6452.46,0.39682,0.39448,0.33472,0.35095,154,0,-1111,-1,198,108,74,0.31636,908,3.87905,1
APP-202503-03-030,2025-03-17,1,Cobalt,3094.19,3098.19,0.63057,0.62696,0.39892,0.41008,165,3,1083.45,-1,217,155,4,0.36025,8,1.16581,1
APP-202503-03-031,2025-03-24,0,Cobalt,3267.3,3294.48,0.40174,0.40346,0.49768,0.49799,-1111,2,1264.23,-1,-999,202,35,0.35318,105,2.19597,1
APP-202503-03-032,2025-03-04,0,Cobalt,3182.86,3228.99,0.42549,0.42559,0.47349,0.47436,187,3,1368.27,-1,-999,38,66,0.38859,202,1.79693,1
APP-202503-03-033,2025-03-11,0,Cobalt,3388.02,3445.55,,0.46559,0.39008,0.39303,18,4,,-1,-999,85,97,0.42504,299,1.87887,1
APP-202503-03-034,2025-03-18,0,Cobalt,3409.17,3463.49,0.5096,0.508,0.53284,0.53565,29,0,1259.76,573,293,132,27,0.39646,396,1.68528,1
APP-202503-03-035,2025-03-25,0,Cobalt,3589.03,3628.45,0.18304,0.1888,0.17374,0.18424,40,1,1767.23,586,312,179,58,0.36854,493,2.97673,1
APP-202503-03-036,2025-03-05,0,Cobalt,3790.92,3856.14,0.16745,0.16455,0.17722,0.17933,51,2,1645.93,599,-1111,15,89,0.4394,590,3.17671,1
APP-202503-03-037,2025-03-12,0,Cobalt,3944.97,4008.39,0.22292,0.22929,0.32113,0.32233,62,3,-1,612,-1111,62,19,0.44822,687,2.95781,1
APP-202503-03-038,2025-03-19,0,Cobalt,3988.07,4017.05,0.26423,0.25662,0.29104,0.29165,73,4,1752.22,625,-1111,109,50,0.44512,784,2.99281,1
APP-202503-03-039,2025-03-26,0,Cobalt,4139.4,4211.45,0.22641,0.22799,0.36217,0.36191,84,0,2155.14,638,388,156,81,0.47355,881,3.19118,1
APP-202503-03-040,2025-03-06,0,Cobalt,4159.84,4218.2,0.28498,0.28526,0.23058,0.23605,95,1,1645.84,651,407,203,11,0.33864,978,2.97716,1
APP-202503-03-041,2025-03-13,1,Cobalt,-999,4432.73,0.52013,-999,-1,0.67451,,4,-999,-999,,39,42,0.35424,78,2.03453,1
APP-202503-03-042,2025-03-20,0,Cobalt,4441.96,4490.07,0.29958,0.29731,0.51343,0.51333,117,3,1705.97,-999,,86,73,0.39057,175,3.06119,1
APP-202503-03-043,2025-03-27,0,Cobalt,4528.64,4590.41,0.33578,0.33277,0.28841,0.29174,128,4,2248.38,-999,,133,3,0.35236,272,2.99167,1
APP-202503-03-044,2025-03-07,0,Cobalt,4794.14,4804.46,0.30783,0.30187,0.13312,0.14118,139,0,2026.95,-999,483,180,34,0.37934,369,3.25956,1
APP-202503-03-045,2025-03-14,0,Cobalt,4499.93,4564.29,0.36757,0.36153,0.29194,0.28689,150,1,-1111,-999,502,16,65,0.37414,466,2.86528,1
APP-202503-03-046,2025-03-21,0,Cobalt,5030.33,5112.93,0.42948,0.4211,0.35357,0.34592,161,2,1909.82,-999,-1,63,96,0.37723,563,2.90755,1
APP-202503-03-047,2025-03-01,0,Cobalt,5016.06,5071.63,0.42336,0.42263,0.49525,0.51612,172,3,1900.19,-999,-1,110,26,0.40572,660,2.80093,1
APP-202503-03-048,2025-03-08,0,Cobalt,5029.45,5090.01,0.43069,0.43101,0.43201,0.43319,183,4,2132.48,-999,-1,157,57,0.42656,757,2.78763,1
APP-202503-03-049,2025-03-15,0,Cobalt,5266.06,5256.67,-1,0.46527,0.65108,0.64648,14,0,,-999,578,204,88,0.42627,854,2.75857,1
APP-202503-03-050,2025-03-22,0,Cobalt,5375.67,5432.68,0.47121,0.46538,0.30332,0.28697,25,1,2222.22,-999,117,40,18,0.42855,951,2.6791,1
APP-202503-03-051,2025-03-02,0,Cobalt,5532.65,-999,0.44474,0.44088,0.52099,0.51288,-1,-1,2306.7,-999,-999,87,49,0.49528,51,3.11802,1
APP-202503-03-052,2025-03-09,1,Cobalt,5783.16,5902.14,0.39541,0.39276,0.45194,0.45189,47,5,2341.99,-999,-999,134,80,0.47689,148,3.47206,1
APP-202503-03-053,2025-03-16,0,Cobalt,5863.24,5944.09,0.19628,0.19199,0.14521,0.15338,58,4,-1,-999,-999,181,10,0.33233,245,4.75395,1
APP-202503-03-054,2025-03-23,0,Cobalt,6054.24,6134.35,0.21441,0.2105,0.06965,0.07116,69,0,3208.2,523,193,17,41,0.34974,342,4.70082,1
APP-202503-03-055,2025-03-03,0,Cobalt,6011.25,6084.19,0.25218,0.25171,0.19806,0.18708,80,1,2966.05,536,212,64,72,0.39482,439,4.61618,1
APP-202503-03-056,2025-03-10,0,Cobalt,6227.96,6309.51,0.25927,0.25933,0.45199,0.46363,91,2,3172.99,549,-1111,111,2,0.37071,536,4.5715,1
APP-202503-03-057,2025-03-17,0,Cobalt,6329.96,6385.69,0.28403,0.28121,0.22532,0.21993,102,3,-999,562,-1111,158,33,0.36673,633,4.49841,1
APP-202503-03-058,2025-03-24,0,Cobalt,6332.1,6444.47,0.27979,0.27185,0.21397,0.21249,113,4,3124.36,575,-1111,205,64,0.33961,730,4.50995,1
APP-202503-03-059,2025-03-04,0,Cobalt,3083.31,3114.1,0.30406,0.30136,0.25467,0.27241,124,0,1214.28,588,288,41,95,0.38041,827,2.12757,1
APP-202503-03-060,2025-03-11,0,Cobalt,3214.62,3280.74,0.35126,0.34529,0.40486,0.40085,135,1,1216.24,601,307,88,25,0.39279,924,2.09724,1
APP-202503-03-061,2025-03-18,0,Cobalt,-1111,3384.5,0.33069,-1111,0.29438,0.29352,-999,2,-1111,-1111,,135,56,0.43459,24,2.20866,1
APP-202503-03-062,2025-03-25,0,Cobalt,3347.67,3386.95,0.4122,0.41496,0.47255,0.47222,157,3,1692.24,-1111,,182,87,0.44581,121,2.00447,1
APP-202503-03-063,2025-03-05,1,Cobalt,3640.53,3689.98,0.57099,0.56335,0.62267,0.63337,168,6,1344.13,-1111,,18,17,0.48663,218,1.55837,1
APP-202503-03-064,2025-03-12,0,Cobalt,3691.45,3747.28,0.39713,0.38828,0.33752,0.33436,179,0,1343.02,-1111,383,65,48,0.48109,315,2.29578,1
APP-202503-03-065,2025-03-19,0,Cobalt,3667.48,3735.97,-999,0.40371,0.37135,-999,10,1,,-1111,402,112,79,0.48212,412,2.18792,1
APP-202503-03-066,2025-03-26,0,Cobalt,3998.94,4081.13,0.44786,0.43779,0.48224,0.47728,21,2,1528.9,-1111,-1,159,9,0.36047,509,2.22172,1
APP-202503-03-067,2025-03-06,0,Cobalt,3787.42,3832.36,0.46844,0.47128,0.48092,0.48212,32,3,1512.69,-1111,-1,206,40,0.35236,606,1.94731,1
APP-202503-03-068,2025-03-13,0,Cobalt,4042.14,4066.84,0.4879,0.48064,0.49477,0.48446,43,4,1169.56,-1111,-1,42,71,0.37073,703,2.02044,1
APP-202503-03-069,2025-03-20,0,Cobalt,4428.22,4491.32,0.16254,0.15951,0.15431,0.14922,54,0,-1,-1111,478,89,1,0.36769,800,3.78516,1
APP-202503-03-070,2025-03-27,0,Cobalt,4352.57,4342.22,0.18383,0.18755,0.28867,0.29608,65,1,2102.92,-1111,497,136,32,0.41963,897,3.55796,1
APP-202503-03-071,2025-03-07,0,Cobalt,4478.4,4542.64,0.17719,0.17587,0.08799,0.08918,-1111,2,1993.06,-1111,-999,183,63,0.37514,994,3.60132,1
APP-202503-03-072,2025-03-14,0,Cobalt,4583.27,4640.19,0.24688,0.24938,0.10756,0.11978,87,3,1877.27,-1111,-999,19,94,0.39168,94,3.4835,1
APP-202503-03-073,2025-03-21,0,Cobalt,4616.06,4665.7,0.23989,0.24275,0.08194,0.08112,98,4,-999,-1111,-999,66,24,0.43812,191,3.50264,1
APP-202503-03-074,2025-03-01,1,Cobalt,4744.3,4790.81,0.51584,0.51252,0.58659,0.6008,109,2,1533.56,473,573,113,55,0.41779,288,2.27374,1
APP-202503-03-075,2025-03-08,0,Cobalt,4842.06,4879.44,0.30094,0.29911,0.18394,0.1808,120,1,2385.0,486,112,160,86,0.43976,385,3.27424,1
APP-202503-03-076,2025-03-15,0,Cobalt,4992.92,-1111,0.29615,0.28205,0.51432,0.50712,131,2,2275.61,499,-1111,207,16,0.44954,482,3.4299,1
APP-202503-03-077,2025-03-22,0,Cobalt,5272.3,5349.65,0.32641,0.32561,0.47816,0.47127,142,3,-1111,512,-1111,43,47,0.44638,579,3.6101,1
APP-202503-03-078,2025-03-02,0,Cobalt,5166.19,5255.38,0.39649,0.38665,0.36804,0.37125,153,4,2355.52,525,-1111,90,78,0.46553,676,3.13587,1
APP-202503-03-079,2025-03-09,0,Cobalt,5636.91,5666.2,0.33778,0.32739,0.33629,0.34204,164,0,2507.35,538,188,137,8,0.3282,773,3.89083,1
APP-202503-03-080,2025-03-16,0,Cobalt,5288.59,5323.16,0.41097,0.40635,0.21349,0.20731,175,1,2020.87,551,207,184,39,0.35997,870,3.13714,1
APP-202504-03-001,2025-04-03,0,Cobalt,2992.01,3036.17,0.16143,0.15678,0.05,0.05717,26,2,1751.41,454,146,58,14,0.34555,187,2.63738,1
APP-202504-03-002,2025-04-10,0,Cobalt,3318.52,3342.44,0.1707,0.17026,0.13996,0.13509,37,3,1854.62,467,165,105,45,0.35913,284,2.65722,1
APP-202504-03-003,2025-04-17,0,Cobalt,3351.58,3392.7,0.22562,0.22311,0.06612,0.04843,48,4,1608.61,480,184,152,76,0.37884,381,2.65665,1
APP-202504-03-004,2025-04-24,1,Cobalt,3522.86,3540.37,0.43016,0.42004,0.48075,0.48222,59,2,1599.0,493,203,199,6,0.40348,478,1.84356,1
APP-202504-03-005,2025-04-04,0,Cobalt,3620.0,3657.11,0.28253,0.27319,0.20058,0.2017,70,1,1870.94,506,222,35,37,0.3268,575,2.59142,1
APP-202504-03-006,2025-04-11,0,Cobalt,3725.21,3748.07,0.28456,0.28323,0.40968,0.41944,81,2,1546.02,519,241,82,68,0.40831,672,2.67229,1
APP-202504-03-007,2025-04-18,0,Cobalt,3863.42,3900.92,0.32313,0.32184,0.49683,0.49133,92,3,1169.24,532,260,129,99,0.42621,769,2.65466,1
APP-202504-03-008,2025-04-25,0,Cobalt,3882.48,3948.63,0.28672,0.28483,0.16785,0.14851,103,4,1830.57,545,279,176,29,0.43418,866,2.73732,1
APP-202504-03-009,2025-04-05,0,Cobalt,4075.19,4115.97,0.33716,0.33185,0.18844,0.19399,114,0,1714.89,558,298,12,60,0.43397,963,2.56853,1
APP-202504-03-010,2025-04-12,0,Cobalt,4130.1,4165.88,0.33183,0.33395,0.28619,0.27138,125,1,1866.45,571,317,59,91,0.46647,63,2.78671,1
APP-202504-03-011,2025-04-19,0,Cobalt,4240.13,4232.81,0.41688,0.40563,0.35563,0.3826,136,2,1759.89,584,336,106,21,0.49146,160,2.53399,1
APP-202504-03-012,2025-04-26,0,Cobalt,4545.36,4552.87,0.37303,0.36935,0.4207,0.41942,147,3,1992.67,597,355,153,52,0.46634,257,2.82578,1
APP-202504-03-013,2025-04-06,1,Cobalt,4568.27,4599.95,0.61568,0.61509,0.72206,0.72464,158,6,1786.91,610,374,200,83,0.50004,354,1.74378,1
APP-202504-03-014,2025-04-13,0,Cobalt,4419.03,4482.07,0.40286,0.39582,0.58184,0.57829,169,0,1763.14,623,393,36,13,0.36404,451,2.72645,1
APP-202504-03-015,2025-04-20,0,Cobalt,4745.73,4819.72,0.43191,0.42868,0.05,0.04778,180,1,1855.22,636,412,83,44,0.35337,548,2.70596,1
APP-202504-03-016,2025-04-27,0,Cobalt,4815.84,4885.57,0.46536,0.46523,0.1797,0.18523,11,2,2031.54,649,431,130,75,0.38358,645,2.45448,1
APP-202504-03-017,2025-04-07,0,Cobalt,4900.44,4954.88,0.47307,0.4679,0.19636,0.18086,22,3,2053.31,662,450,177,5,0.38716,742,2.64515,1
APP-202504-03-018,2025-04-14,0,Cobalt,4967.73,5044.17,0.19813,0.1974,0.21733,0.22131,33,4,2309.73,675,469,13,36,0.36692,839,3.93747,1
APP-202504-03-019,2025-04-21,0,Cobalt,5140.24,5222.78,0.17901,0.1768,0.3226,0.32005,44,0,2692.69,688,488,60,67,0.41869,936,4.29273,1
APP-202504-03-020,2025-04-01,0,Cobalt,5441.37,5518.07,0.21977,0.21157,0.39654,0.40057,55,1,2548.53,701,507,107,98,0.42218,36,4.14086,1
APP-202504-03-021,2025-04-08,0,Cobalt,5520.61,5553.3,0.24761,0.25271,0.49564,0.50892,66,2,2527.32,714,526,154,28,0.40837,133,4.11714,1
APP-202504-03-022,2025-04-15,1,Cobalt,5397.57,5447.56,0.42766,0.43215,0.17282,0.15908,77,5,2406.21,727,545,201,59,0.45021,230,2.96498,1
APP-202504-03-023,2025-04-22,0,Cobalt,5649.97,5732.38,0.24407,0.25457,0.23918,0.23963,88,4,2336.47,430,564,37,90,0.42901,327,4.22195,1
APP-202504-03-024,2025-04-02,0,Cobalt,5655.0,5689.1,0.25127,0.25153,0.05,0.05503,99,0,2784.46,443,103,84,20,0.46819,424,4.15644,1
APP-202504-03-025,2025-04-09,0,Cobalt,5956.79,6048.89,0.32305,0.32563,0.28683,0.28199,110,1,2413.3,456,122,131,51,0.48577,521,4.01517,1
APP-202504-03-026,2025-04-16,0,Cobalt,6078.46,6145.59,0.3258,0.32452,0.43431,0.44107,121,2,2739.64,469,141,178,82,0.50306,618,4.03285,1
APP-202504-03-027,2025-04-23,0,Cobalt,5966.8,6049.93,0.31879,0.31044,0.23675,0.24472,132,3,2707.0,482,160,14,12,0.35066,715,4.12956,1
APP-202504-03-028,2025-04-03,0,Cobalt,6214.85,6321.1,0.33975,0.33921,0.48653,0.4928,143,4,2899.12,495,179,61,43,0.33294,812,4.13805,1
APP-202504-03-029,2025-04-10,0,Cobalt,6270.82,6333.64,0.37156,0.36698,0.16064,0.15714,154,0,2442.49,508,198,108,74,0.36744,909,3.93181,1
APP-202504-03-030,2025-04-17,0,Cobalt,3112.2,3154.77,0.37348,0.3714,0.21256,0.21334,165,1,1158.83,521,217,155,4,0.37785,9,1.91662,1
APP-202504-03-031,2025-04-24,1,Cobalt,3265.29,3325.04,0.6203,0.61203,0.41741,0.43103,176,4,912.24,534,236,202,35,0.37518,106,1.22043,1
APP-202504-03-032,2025-04-04,0,Cobalt,3289.13,3347.22,0.41683,0.41524,0.44191,0.42232,187,3,1086.46,547,255,38,66,0.41676,203,1.99589,1
APP-202504-03-033,2025-04-11,0,Cobalt,3459.22,3500.94,0.45412,0.45492,0.32917,0.35134,18,4,1304.31,560,274,85,97,0.41566,300,1.83812,1
APP-202504-03-034,2025-04-18,0,Cobalt,3480.59,3525.11,0.49911,0.50098,0.65413,0.64465,29,0,1078.82,573,293,132,27,0.46688,397,1.60395,1
APP-202504-03-035,2025-04-25,0,Cobalt,3600.49,3619.88,0.19187,0.19056,0.3665,0.37446,40,1,1851.86,586,312,179,58,0.47483,494,3.05032,1
APP-202504-03-036,2025-04-05,0,Cobalt,4008.6,4043.78,0.20427,0.20427,0.0951,0.1009,51,2,2049.92,599,331,15,89,0.4547,591,3.21406,1
APP-202504-03-037,2025-04-12,0,Cobalt,3998.93,4055.57,0.2277,0.2263,0.15223,0.15818,62,3,2300.6,612,350,62,19,0.46198,688,2.93741,1
APP-202504-03-038,2025-04-19,0,Cobalt,3841.08,3897.44,0.27308,0.27254,0.2544,0.26279,73,4,2209.43,625,369,109,50,0.4757,785,2.80519,1
APP-202504-03-039,2025-04-26,0,Cobalt,4015.42,4053.64,0.23284,0.22945,0.17727,0.17308,84,0,1683.4,638,388,156,81,0.52358,882,2.97125,1
APP-202504-03-040,2025-04-06,1,Cobalt,4199.99,4242.02,0.49036,0.48597,0.48154,0.48596,95,3,1671.51,651,407,203,11,0.37846,979,2.2725,1
APP-202505-03-001,2025-05-03,0,Cobalt,3081.69,3138.86,0.20661,0.20801,0.08003,0.0921,26,2,1528.75,454,146,58,14,0.36983,188,2.41884,1
APP-202505-03-002,2025-05-10,0,Cobalt,3199.18,3245.95,0.20428,0.20384,0.05542,0.04639,37,3,1444.35,467,165,105,45,0.37485,285,2.50989,1
APP-202505-03-003,2025-05-17,0,Cobalt,3264.11,3327.36,0.18584,0.18378,0.10754,0.10082,48,4,1851.45,480,184,152,76,0.38854,382,2.66245,1
APP-202505-03-004,2025-05-24,0,Cobalt,3433.21,3503.21,0.24821,0.24102,0.3168,0.33125,59,0,1810.22,493,203,199,6,0.42184,479,2.44216,1
APP-202505-03-005,2025-05-04,0,Cobalt,3394.07,3415.32,0.28611,0.28068,0.35664,0.37453,70,1,1437.34,506,222,35,37,0.43322,576,2.37275,1
APP-202505-03-006,2025-05-11,0,Cobalt,3618.64,3644.23,0.26311,0.25932,0.34595,0.33679,81,2,1951.64,519,241,82,68,0.42558,673,2.62588,1
APP-202505-03-007,2025-05-18,0,Cobalt,3614.75,3672.79,0.20132,0.19329,0.30661,0.29743,92,3,1752.95,532,260,129,99,0.41379,770,2.75615,1
APP-202505-03-008,2025-05-25,1,Cobalt,3899.2,3949.09,0.5192,0.51872,0.23884,0.2336,103,6,1745.81,545,279,176,29,0.45587,867,1.89429,1
APP-202505-03-009,2025-05-05,0,Cobalt,3825.69,3856.21,0.31588,0.3159,0.14268,0.15326,114,0,1691.63,558,298,12,60,0.48151,964,2.56622,1
APP-202505-03-010,2025-05-12,0,Cobalt,4413.23,4451.42,0.29769,0.29256,0.34814,0.35819,125,1,2263.38,571,317,59,91,0.47739,64,3.10887,1
APP-202505-03-011,2025-05-19,0,Cobalt,4098.27,4142.65,0.34657,0.33793,0.59197,0.59387,136,2,1978.29,584,336,106,21,0.49646,161,2.53585,1
APP-202505-03-012,2025-05-26,0,Cobalt,4284.79,4376.17,0.36537,0.3595,0.39665,0.39359,147,3,1614.22,597,355,153,52,0.51139,258,2.76842,1
APP-202505-03-013,2025-05-06,0,Cobalt,4462.26,4523.52,0.38211,0.37544,0.66932,0.67898,158,4,1819.79,610,374,200,83,0.52685,355,2.77326,1
APP-202505-03-014,2025-05-13,0,Cobalt,4625.17,4684.45,0.40086,0.40298,0.59779,0.59814,169,0,2494.67,623,393,36,13,0.3675,452,2.77672,1
APP-202505-03-015,2025-05-20,0,Cobalt,4631.91,4697.31,0.42103,0.41626,0.1501,0.1394,180,1,2331.12,636,412,83,44,0.35364,549,2.63073,1
APP-202505-03-016,2025-05-27,0,Cobalt,4796.14,4855.91,0.44825,0.43205,0.57194,0.57435,11,2,1682.48,649,431,130,75,0.40198,646,2.56331,1
APP-202505-03-017,2025-05-07,0,Cobalt,5071.08,5148.86,0.4537,0.45275,0.25071,0.24991,22,3,2026.47,662,450,177,5,0.41643,743,2.77814,1
APP-202505-03-018,2025-05-14,0,Cobalt,5132.68,5201.85,0.19121,0.18461,0.12132,0.12416,33,4,2511.1,675,469,13,36,0.41451,840,4.20085,1
APP-202505-03-019,2025-05-21,0,Cobalt,5435.57,5494.0,0.18525,0.18055,0.2749,0.2638,44,0,2649.77,688,488,60,67,0.4683,937,4.50616,1
APP-202505-03-020,2025-05-01,0,Cobalt,5323.23,5383.57,0.22095,0.21982,0.42987,0.42054,55,1,2717.69,701,507,107,98,0.41817,37,4.10717,1
APP-202505-03-021,2025-05-08,0,Cobalt,5292.69,5366.85,0.22042,0.21321,0.30074,0.28915,66,2,2381.69,714,526,154,28,0.44834,134,3.99462,1
APP-202505-03-022,2025-05-15,0,Cobalt,5440.3,5499.8,0.3023,0.29779,0.20876,0.20481,77,3,2184.33,727,545,201,59,0.47824,231,3.70873,1
APP-202505-03-023,2025-05-22,0,Cobalt,5758.94,5817.66,0.30898,0.30222,0.33385,0.31964,88,4,2701.93,430,564,37,90,0.50452,328,3.91534,1
APP-202505-03-024,2025-05-02,0,Cobalt,5471.5,5561.93,0.3097,0.30646,0.0942,0.07722,99,0,2565.55,443,103,84,20,0.50361,425,3.77486,1
APP-202505-03-025,2025-05-09,0,Cobalt,6001.05,6026.83,0.32835,0.32534,0.48214,0.49466,110,1,2515.85,456,122,131,51,0.53697,522,4.05647,1
APP-202505-03-026,2025-05-16,0,Cobalt,6018.32,6126.28,0.33944,0.33838,0.40126,0.41504,121,2,2475.33,469,141,178,82,0.54692,619,4.15147,1
APP-202505-03-027,2025-05-23,0,Cobalt,5922.83,5981.62,0.37404,0.36845,0.47767,0.48171,132,3,2509.27,482,160,14,12,0.39377,716,3.79666,1
APP-202505-03-028,2025-05-03,0,Cobalt,6199.36,6284.95,0.37827,0.37434,0.50395,0.50293,143,4,2654.38,495,179,61,43,0.38927,813,3.93861,1
APP-202505-03-029,2025-05-10,0,Cobalt,6411.8,6513.6,0.38197,0.38035,0.27868,0.27868,154,0,3033.67,508,198,108,74,0.3907,910,3.99495,1
APP-202505-03-030,2025-05-17,0,Cobalt,3023.46,3057.41,0.40987,0.4056,0.44287,0.45156,165,1,1341.92,521,217,155,4,0.39285,10,1.77763,1
APP-202505-03-031,2025-05-24,0,Cobalt,2955.9,3004.44,0.42801,0.4273,0.40149,0.40411,176,2,1191.96,534,236,202,35,0.43692,107,1.60936,1
APP-202505-03-032,2025-05-04,0,Cobalt,3282.66,3354.28,0.43878,0.44171,0.31153,0.33308,187,3,1341.56,547,255,38,66,0.45868,204,1.82905,1
APP-202505-03-033,2025-05-11,0,Cobalt,3438.55,3482.45,0.46676,0.46583,0.36385,0.36407,18,4,1192.06,560,274,85,97,0.47199,301,1.67617,1
APP-202505-03-034,2025-05-18,0,Cobalt,3443.26,3468.68,0.42546,0.41983,0.51283,0.53067,29,0,1834.67,573,293,132,27,0.4847,398,1.95385,1
APP-202505-03-035,2025-05-25,0,Cobalt,3547.0,3575.95,0.15701,0.15507,0.37617,0.37651,40,1,1798.59,586,312,179,58,0.48749,495,3.15317,1
APP-202505-03-036,2025-05-05,0,Cobalt,3866.79,3936.3,0.18278,0.18547,0.05,0.05588,51,2,2508.73,599,331,15,89,0.46208,592,3.25503,1
APP-202505-03-037,2025-05-12,0,Cobalt,4088.18,4092.82,0.15104,0.14789,0.05638,0.05885,62,3,2228.83,612,350,62,19,0.53,689,3.43366,1
APP-202505-03-038,2025-05-19,0,Cobalt,3964.94,4010.5,0.27775,0.28237,0.3152,0.32543,73,4,1806.25,625,369,109,50,0.50347,786,2.87979,1
APP-202505-03-039,2025-05-26,0,Cobalt,4217.05,4270.82,0.30196,0.29046,0.24937,0.25983,84,0,2027.12,638,388,156,81,0.52568,883,2.9877,1
APP-202505-03-040,2025-05-06,0,Cobalt,4433.48,4466.64,0.28467,0.28022,0.45739,0.4701,95,1,2072.93,651,407,203,11,0.41727,980,3.34395,1
APP-202505-03-041,2025-05-13,0,Cobalt,4414.95,4447.69,0.28707,0.28204,0.36448,0.37663,106,2,2211.21,664,426,39,42,0.35318,80,3.08914,1
APP-202505-03-042,2025-05-20,0,Cobalt,4480.3,4545.38,0.28968,0.29111,0.27386,0.29491,117,3,2256.57,677,445,86,73,0.38111,177,3.04039,1
APP-202505-03-043,2025-05-27,0,Cobalt,4657.28,4694.44,0.31035,0.30686,0.16012,0.17546,128,4,2280.09,690,464,133,3,0.43261,274,3.28554,1
APP-202505-03-044,2025-05-07,1,Cobalt,4753.05,4813.77,0.55198,0.5426,0.50244,0.50328,139,2,1796.9,703,483,180,34,0.41547,371,2.06471,1
APP-202505-03-045,2025-05-14,0,Cobalt,4691.5,4748.51,0.33736,0.33558,0.28796,0.28786,150,1,2236.35,716,502,16,65,0.43608,468,3.24481,1
APP-202505-03-046,2025-05-21,0,Cobalt,4942.6,5004.68,0.37056,0.36539,0.30927,0.30422,161,2,2226.46,729,521,63,96,0.46018,565,3.03174,1
APP-202505-03-047,2025-05-01,0,Cobalt,5011.93,5083.5,0.38808,0.38482,0.42971,0.42444,172,3,2027.42,432,540,110,26,0.46748,662,3.10611,1
APP-202505-03-048,2025-05-08,0,Cobalt,5010.11,5063.8,0.41839,0.41397,0.53232,0.54653,183,4,1715.35,445,559,157,57,0.45621,759,2.87889,1
APP-202505-03-049,2025-05-15,0,Cobalt,5162.42,5185.71,0.42838,0.4237,0.48334,0.49401,14,0,1969.08,458,578,204,88,0.49429,856,3.12251,1
APP-202505-03-050,2025-05-22,0,Cobalt,5172.46,5259.3,0.41806,0.41499,0.24098,0.24073,25,1,2179.23,471,117,40,18,0.51201,953,2.93037,1
APP-202505-03-051,2025-05-02,0,Cobalt,5534.59,5566.56,0.46076,0.4611,0.51112,0.50207,36,2,2340.68,484,136,87,49,0.51417,53,3.00165,1
APP-202505-03-052,2025-05-09,0,Cobalt,5627.98,5684.32,0.24465,0.24018,0.15291,0.17038,47,3,2323.74,497,155,134,80,0.52544,150,4.3612,1
APP-202505-03-053,2025-05-16,0,Cobalt,5804.46,5870.08,0.23502,0.23147,0.36813,0.37098,58,4,2750.15,510,174,181,10,0.35681,247,4.46316,1
APP-202505-03-054,2025-05-23,0,Cobalt,5934.3,5991.86,0.19083,0.18815,0.44273,0.448,69,0,2648.75,523,193,17,41,0.37349,344,4.829,1
APP-202505-03-055,2025-05-03,0,Cobalt,5767.69,5840.4,0.21949,0.21323,0.34827,0.34464,80,1,2486.44,536,212,64,72,0.42254,441,4.53465,1
APP-202505-03-056,2025-05-10,0,Cobalt,5962.5,6004.11,0.22712,0.22588,0.45911,0.47042,91,2,2997.79,549,231,111,2,0.41515,538,4.75122,1
APP-202505-03-057,2025-05-17,0,Cobalt,6260.23,6317.53,0.29584,0.29596,0.05,0.04418,102,3,3035.08,562,250,158,33,0.4463,635,4.38901,1
APP-202505-03-058,2025-05-24,0,Cobalt,6266.14,6336.97,0.29164,0.29306,0.33767,0.34373,113,4,2711.87,575,269,205,64,0.41838,732,4.56394,1
APP-202505-03-059,2025-05-04,0,Cobalt,3114.67,3158.86,0.32551,0.32401,0.50064,0.49628,124,0,1442.58,588,288,41,95,0.47777,829,2.09697,1
APP-202505-03-060,2025-05-11,0,Cobalt,3233.68,3244.82,0.31265,0.31566,0.05,0.06129,135,1,1141.08,601,307,88,25,0.46034,926,2.18747,1
APP-202505-03-061,2025-05-18,0,Cobalt,3336.56,3402.81,0.32801,0.3321,0.49752,0.47742,146,2,1514.03,614,326,135,56,0.46887,26,2.15496,1
APP-202505-03-062,2025-05-25,0,Cobalt,3362.31,3417.58,0.38515,0.38449,0.18155,0.183,157,3,1174.71,627,345,182,87,0.47637,123,2.00614,1
APP-202505-03-063,2025-05-05,0,Cobalt,3677.92,3717.12,0.39716,0.39739,0.46078,0.4477,168,4,1723.52,640,364,18,17,0.51568,220,2.19297,1
APP-202505-03-064,2025-05-12,0,Cobalt,3574.47,3635.83,0.40163,0.40039,0.14232,0.14274,179,0,1497.85,653,383,65,48,0.49071,317,2.19854,1
APP-202505-03-065,2025-05-19,0,Cobalt,3643.53,3702.5,0.42944,0.42502,0.2374,0.24267,10,1,1521.08,666,402,112,79,0.54279,414,2.10203,1
APP-202505-03-066,2025-05-26,0,Cobalt,3864.72,3900.24,0.42352,0.41903,0.39334,0.399,21,2,1849.44,679,421,159,9,0.38612,511,2.15171,1
APP-202505-03-067,2025-05-06,0,Cobalt,4045.59,4093.21,0.47671,0.4802,0.58047,0.59239,32,3,1507.59,692,440,206,40,0.40699,608,2.14644,1
APP-202505-03-068,2025-05-13,0,Cobalt,4261.58,4338.65,0.4513,0.43961,0.48978,0.48518,43,4,1622.82,705,459,42,71,0.41465,705,2.46728,1
APP-202505-03-069,2025-05-20,0,Cobalt,4088.95,4134.62,0.196,0.19561,0.46483,0.46055,54,0,1930.18,718,478,89,1,0.42976,802,3.29705,1
APP-202505-03-070,2025-05-27,0,Cobalt,4355.52,4398.73,0.19884,0.20213,0.40472,0.40873,65,1,2467.02,421,497,136,32,0.43091,899,3.51626,1
APP-202505-03-071,2025-05-07,0,Cobalt,4494.38,4524.24,0.1658,0.16355,0.17137,0.17518,76,2,2480.51,434,516,183,63,0.4495,996,3.82846,1
APP-202505-03-072,2025-05-14,0,Cobalt,4476.78,4521.57,0.20771,0.20934,0.05,0.05111,87,3,2023.4,447,535,19,94,0.41219,96,3.51367,1
APP-202505-03-073,2025-05-21,0,Cobalt,4853.76,4923.65,0.22971,0.2258,0.32593,0.32446,98,4,2170.81,460,554,66,24,0.4771,193,3.65804,1
APP-202505-03-074,2025-05-01,0,Cobalt,4820.9,4896.38,0.30336,0.29861,0.28281,0.26468,109,0,1676.39,473,573,113,55,0.46474,290,3.31998,1
APP-202505-03-075,2025-05-08,0,Cobalt,4976.03,5050.28,0.29715,0.29285,0.35216,0.35735,120,1,2202.57,486,112,160,86,0.47559,387,3.65031,1
APP-202505-03-076,2025-05-15,0,Cobalt,5129.02,5233.39,0.28968,0.28166,0.34881,0.34534,131,2,2240.06,499,131,207,16,0.50059,484,3.82713,1
APP-202505-03-077,2025-05-22,0,Cobalt,5106.07,5181.05,0.27348,0.27653,0.39521,0.38893,142,3,2443.33,512,150,43,47,0.5313,581,3.7103,1
APP-202505-03-078,2025-05-02,0,Cobalt,5296.0,5383.83,0.31668,0.31638,0.19012,0.19504,153,4,2460.11,525,169,90,78,0.50412,678,3.58136,1
APP-202505-03-079,2025-05-09,0,Cobalt,5444.34,5525.14,0.36191,0.35851,0.19408,0.19935,164,0,2220.54,538,188,137,8,0.35479,775,3.54922,1
APP-202505-03-080,2025-05-16,0,Cobalt,5345.57,5417.06,0.33939,0.3346,0.28398,0.27567,175,1,2556.76,551,207,184,39,0.39867,872,3.4455,1
APP-202506-03-001,2025-06-03,0,Cobalt,,3176.89,-1111,,-999,0.30202,,2,,,,58,14,0.39169,189,2.69519,1
APP-202506-03-002,2025-06-10,0,Cobalt,3090.68,3070.88,0.19866,0.20166,0.13515,0.14011,37,3,1620.32,,,105,45,0.42608,286,2.4706,1
APP-202506-03-003,2025-06-17,0,Cobalt,3484.29,3530.83,0.2318,0.22466,0.34459,0.35478,48,4,1828.64,,,152,76,0.43421,383,2.68689,1
APP-202506-03-004,2025-06-24,0,Cobalt,3276.26,3287.29,0.24955,0.24697,0.43235,0.45227,59,0,1670.27,,203,199,6,0.41538,480,2.44867,1
APP-202506-03-005,2025-06-04,0,Cobalt,3434.44,3479.11,0.2126,0.20877,0.2694,0.27086,70,1,-1,,222,35,37,0.45229,577,2.83326,1
APP-202506-03-006,2025-06-11,0,Cobalt,3697.83,3733.53,0.26625,0.26449,0.49674,0.49348,81,2,1552.85,,-1,82,68,0.45882,674,2.62447,1
APP-202506-03-007,2025-06-18,0,Cobalt,3827.9,3857.82,0.29922,0.30167,0.45341,0.46392,92,3,1464.13,,-1,129,99,0.47499,771,2.57618,1
APP-202506-03-008,2025-06-25,1,Cobalt,3798.17,3852.1,0.49544,0.49488,0.35208,0.34582,103,6,1535.42,,-1,176,29,0.52424,868,1.83693,1
APP-202506-03-009,2025-06-05,0,Cobalt,4003.86,4053.46,0.35489,0.35432,0.22102,0.22567,114,0,-999,,298,12,60,0.51669,965,2.56636,1
APP-202506-03-010,2025-06-12,0,Cobalt,4094.86,4167.39,0.40005,0.39737,0.36588,0.36848,125,1,2189.24,,317,59,91,0.4991,65,2.44683,1
APP-202506-03-011,2025-06-19,0,Cobalt,4231.11,4307.33,0.3656,0.3628,0.31152,0.31698,-1,2,1781.69,,-999,106,21,0.55006,162,2.7949,1
APP-202506-03-012,2025-06-26,0,Cobalt,4450.43,4486.37,0.41788,0.41091,0.57361,0.59342,147,3,1765.78,,-999,153,52,0.54439,259,2.49615,1
APP-202506-03-013,2025-06-06,0,Cobalt,4624.9,4673.25,0.36831,0.36551,0.43211,0.42983,158,4,-1111,,-999,200,83,0.52211,356,2.81295,1
APP-202506-03-014,2025-06-13,0,Cobalt,4465.56,4503.78,0.39505,0.38999,0.54316,0.52116,169,0,1865.08,623,393,36,13,0.40156,453,2.62753,1
APP-202506-03-015,2025-06-20,0,Cobalt,4595.25,4610.29,0.40004,0.39778,0.28753,0.29716,180,1,2030.01,636,412,83,44,0.38067,550,2.77642,1
APP-202506-03-016,2025-06-27,0,Cobalt,4955.44,5006.07,0.44289,0.44075,0.46631,0.4523,11,2,1710.76,649,-1111,130,75,0.47101,647,2.78816,1
APP-202506-03-017,2025-06-07,0,Cobalt,4879.18,4962.61,,0.46249,0.35865,0.36046,22,3,,662,-1111,177,5,0.44916,744,2.50021,1
APP-202506-03-018,2025-06-14,0,Cobalt,4812.13,4847.36,0.20025,0.19774,0.16521,0.18123,33,4,2121.15,675,-1111,13,36,0.43254,841,3.86269,1
APP-202506-03-019,2025-06-21,1,Cobalt,5242.4,5330.56,0.41506,0.41364,0.18687,0.18857,44,2,2516.6,688,488,60,67,0.44384,938,2.99139,1
APP-202506-03-020,2025-06-01,0,Cobalt,5137.93,5181.89,0.17219,0.17018,0.18338,0.1897,55,1,2361.87,701,507,107,98,0.41841,38,4.28379,1
APP-202506-03-021,2025-06-08,0,Cobalt,-1,,0.21176,-1,0.13657,0.1247,-999,-999,-1,-1,,154,28,0.4829,135,4.37549,1
APP-202506-03-022,2025-06-15,0,Cobalt,5337.76,5381.0,0.25684,0.25848,0.1472,0.14848,77,3,2301.65,-1,,201,59,0.52812,232,3.99209,1
APP-202506-03-023,2025-06-22,0,Cobalt,5569.1,5653.17,0.33036,0.32451,0.38898,0.37672,88,4,2684.6,-1,,37,90,0.48852,329,3.68392,1
APP-202506-03-024,2025-06-02,0,Cobalt,5803.57,5821.08,0.31626,0.31469,0.18617,0.18958,99,0,2495.65,-1,103,84,20,0.52578,426,4.0057,1
APP-202506-03-025,2025-06-09,0,Cobalt,5821.06,5927.14,0.30294,0.30316,0.18182,0.20016,110,1,-999,-1,122,131,51,0.55609,523,3.84338,1
APP-202506-03-026,2025-06-16,0,Cobalt,5961.2,6005.13,0.30485,0.30522,0.2971,0.30115,121,2,2535.26,-1,-1,178,82,0.54405,620,4.06649,1
APP-202506-03-027,2025-06-23,0,Cobalt,6122.0,6186.1,0.27509,0.27311,0.16534,0.1678,132,3,2480.74,-1,-1,14,12,0.3931,717,4.45261,1
APP-202506-03-028,2025-06-03,0,Cobalt,6287.98,6383.64,0.3843,0.3784,0.31672,0.31554,143,4,2618.67,-1,-1,61,43,0.42344,814,3.76175,1
APP-202506-03-029,2025-06-10,0,Cobalt,6369.56,6459.33,0.36729,0.36172,0.05774,0.07701,154,0,-1111,-1,198,108,74,0.40069,911,3.99625,1
APP-202506-03-030,2025-06-17,1,Cobalt,3120.53,3179.09,0.59831,0.59307,0.31929,0.33104,165,3,1151.02,-1,217,155,4,0.43262,11,1.26251,1
APP-202506-03-031,2025-06-24,0,Cobalt,3135.67,3178.72,0.43271,0.42437,0.44968,0.45661,-1111,2,1143.59,-1,-999,202,35,0.47541,108,1.83129,1
APP-202506-03-032,2025-06-04,0,Cobalt,3154.72,3204.43,0.44971,0.4496,0.45654,0.47251,187,3,1331.25,-1,-999,38,66,0.43663,205,1.60285,1
APP-202506-03-033,2025-06-11,0,Cobalt,3345.03,3384.41,-1,0.4423,0.35442,-1111,18,4,,-1,-999,85,97,0.44616,302,1.86378,1
APP-202506-03-034,2025-06-18,0,Cobalt,3618.4,3668.03,0.49977,0.49719,0.59727,0.59783,29,0,1027.32,573,293,132,27,0.52489,399,1.69851,1
APP-202506-03-035,2025-06-25,0,Cobalt,3519.4,3540.41,0.23044,0.22857,0.43576,0.43628,40,1,1743.19,586,312,179,58,0.52161,496,2.67918,1
APP-202506-03-036,2025-06-05,0,Cobalt,3843.31,3877.9,0.15314,0.14207,0.15592,0.15879,51,2,1858.3,599,-1111,15,89,0.50401,593,3.30066,1
APP-202506-03-037,2025-06-12,0,Cobalt,3910.51,3956.28,0.19776,0.19231,0.30951,0.31764,62,3,-1,612,-1111,62,19,0.52179,690,3.18974,1
APP-202506-03-038,2025-06-19,0,Cobalt,3995.8,4029.93,0.23012,0.22285,0.39334,0.38398,73,4,2105.74,625,-1111,109,50,0.5041,787,3.13591,1
APP-202506-03-039,2025-06-26,0,Cobalt,4271.79,4322.85,0.24121,0.23696,0.29482,0.30508,84,0,1963.09,638,388,156,81,0.52948,884,3.14353,1
APP-202506-03-040,2025-06-06,0,Cobalt,3853.23,3886.02,0.30352,0.30385,0.24932,0.25906,95,1,1720.51,651,407,203,11,0.3965,981,2.59018,1
APP-202506-03-041,2025-06-13,1,Cobalt,-999,4512.57,0.48319,-999,-1111,0.63468,,4,-999,-999,,39,42,0.40002,81,2.15029,1
APP-202506-03-042,2025-06-20,0,Cobalt,4689.94,4732.46,0.30317,0.30868,0.2554,0.25612,117,3,2248.74,-999,,86,73,0.42223,178,3.50346,1
APP-202506-03-043,2025-06-27,0,Cobalt,4502.03,4529.0,0.29444,0.29115,0.38831,0.38419,128,4,1832.9,-999,,133,3,0.44533,275,3.16337,1
APP-202506-03-044,2025-06-07,0,Cobalt,4636.63,4694.13,0.3265,0.32262,0.15897,0.16365,139,0,1858.89,-999,483,180,34,0.45103,372,3.08217,1
APP-202506-03-045,2025-06-14,0,Cobalt,4776.04,4821.06,0.36126,0.36271,0.22749,0.2308,150,1,-1111,-999,502,16,65,0.4398,469,3.00401,1
APP-202506-03-046,2025-06-21,0,Cobalt,4839.32,-1,0.36401,0.35716,0.31926,0.3244,161,2,2423.83,-999,-1,63,96,0.48109,566,3.20846,1
APP-202506-03-047,2025-06-01,0,Cobalt,5200.18,5245.73,0.36648,0.35732,0.49299,0.49369,172,3,2498.27,-999,-1,110,26,0.47846,663,3.30053,1
APP-202506-03-048,2025-06-08,0,Cobalt,5193.86,5233.76,0.40264,0.40182,0.37514,0.37804,183,4,2278.55,-999,-1,157,57,0.47576,760,3.12123,1
APP-202506-03-049,2025-06-15,0,Cobalt,5271.4,5280.66,-999,0.46473,0.64999,0.65768,14,0,,-999,578,204,88,0.50758,857,2.79119,1
APP-202506-03-050,2025-06-22,0,Cobalt,5452.15,5551.8,0.42434,0.42106,0.3222,0.31822,25,1,2355.45,-999,117,40,18,0.56188,954,3.12029,1
APP-202506-03-051,2025-06-02,0,Cobalt,5264.79,5304.98,0.487,0.48318,0.29157,0.27845,-1,2,2305.77,-999,-999,87,49,0.52615,54,2.8995,1
APP-202506-03-052,2025-06-09,1,Cobalt,5669.82,5744.35,0.42047,0.41743,0.42815,0.43426,47,5,2476.01,-999,-999,134,80,0.56921,151,3.36373,1
APP-202506-03-053,2025-06-16,0,Cobalt,5764.18,5810.76,0.21255,0.21705,0.40642,0.42755,58,4,-1,-999,-999,181,10,0.41274,248,4.50998,1
APP-202506-03-054,2025-06-23,0,Cobalt,5917.12,5978.83,0.27623,0.26852,0.37531,0.38549,69,0,2771.24,523,193,17,41,0.42538,345,4.2368,1
APP-202506-03-055,2025-06-03,0,Cobalt,6028.03,6104.53,0.22457,0.22034,0.26997,0.27604,80,1,2985.75,536,212,64,72,0.42346,442,4.71354,1
APP-202506-03-056,2025-06-10,0,Cobalt,6392.77,6470.95,0.26651,0.25519,0.23231,0.24661,91,2,3062.38,549,-1111,111,2,0.4799,539,4.5816,1
APP-202506-03-057,2025-06-17,0,Cobalt,6165.16,6212.44,0.23822,0.24149,0.09729,0.0855,102,3,-999,562,-1111,158,33,0.42015,636,4.76354,1
APP-202506-03-058,2025-06-24,0,Cobalt,6490.16,6561.19,0.25422,0.25051,0.18306,0.18443,113,4,2718.54,575,-1111,205,64,0.4608,733,4.8075,1
APP-202506-03-059,2025-06-04,0,Cobalt,3056.27,3121.63,0.30805,0.30923,0.24181,0.24498,124,0,1147.5,588,288,41,95,0.46056,830,2.11269,1
APP-202506-03-060,2025-06-11,0,Cobalt,3260.66,3296.0,0.32838,0.32312,0.33315,0.33401,135,1,1387.31,601,307,88,25,0.50034,927,2.19815,1
APP-202506-03-061,2025-06-18,0,Cobalt,-1111,3200.37,0.34637,-1111,0.41103,0.42441,-999,2,-1111,-1111,,135,56,0.49491,27,2.09648,1
APP-202506-03-062,2025-06-25,0,Cobalt,3398.57,3433.2,0.37246,0.36906,0.43859,0.44788,157,3,1543.0,-1111,,182,87,0.52951,124,2.04894,1
APP-202506-03-063,2025-06-05,1,Cobalt,3583.81,3635.98,0.55697,0.54962,0.5131,0.52188,168,6,949.71,-1111,,18,17,0.52949,221,1.60212,1
APP-202506-03-064,2025-06-12,0,Cobalt,3739.18,3783.85,0.41568,0.41949,0.43048,0.44078,179,0,1735.96,-1111,383,65,48,0.52246,318,2.26511,1
APP-202506-03-065,2025-06-19,0,Cobalt,3822.36,3877.49,-1111,0.36376,0.4874,0.48039,10,1,,-1111,402,112,79,0.57189,415,2.39523,1
APP-202506-03-066,2025-06-26,0,Cobalt,3886.4,3913.28,0.37155,0.36422,0.23617,0.22876,21,2,1957.37,-1111,-1,159,9,0.40497,512,2.38635,1
APP-202506-03-067,2025-06-06,0,Cobalt,3841.13,3879.74,0.48622,0.48601,0.51254,0.51297,32,3,1678.33,-1111,-1,206,40,0.38804,609,2.02798,1
APP-202506-03-068,2025-06-13,0,Cobalt,4402.05,4447.74,0.44704,0.43952,0.54696,0.56176,43,4,1754.19,-1111,-1,42,71,0.45232,706,2.6095,1
APP-202506-03-069,2025-06-20,0,Cobalt,4204.13,4234.4,0.16415,0.16669,0.22151,0.22439,54,0,-1,-1111,478,89,1,0.45572,803,3.4487,1
APP-202506-03-070,2025-06-27,0,Cobalt,4358.15,4401.54,0.21374,0.20701,0.14271,0.15466,65,1,1745.32,-1111,497,136,32,0.44427,900,3.51136,1
APP-202506-03-071,2025-06-07,0,Cobalt,4403.95,-999,0.24613,0.24178,0.05,0.03335,-1111,-1111,2220.18,-1111,-999,183,63,0.45308,0,3.23405,1
APP-202506-03-072,2025-06-14,0,Cobalt,4568.84,4603.86,0.23179,0.22845,0.24712,0.23493,87,3,2147.33,-1111,-999,19,94,0.50062,97,3.54785,1
APP-202506-03-073,2025-06-21,0,Cobalt,4667.62,4712.41,0.20935,0.20798,0.25525,0.25701,98,4,-999,-1111,-999,66,24,0.50895,194,3.72957,1
APP-202506-03-074,2025-06-01,1,Cobalt,4824.03,4881.99,0.46704,0.46005,0.54826,0.55024,109,2,1910.97,473,573,113,55,0.50822,291,2.69674,1
APP-202506-03-075,2025-06-08,0,Cobalt,5108.75,5201.06,0.31322,0.31162,0.13931,0.14448,120,1,2192.93,486,112,160,86,0.51437,388,3.45644,1
APP-202506-03-076,2025-06-15,0,Cobalt,5133.3,5207.58,0.3097,0.30963,0.2862,0.28341,131,2,2023.33,499,-1111,207,16,0.52812,485,3.60434,1
APP-202506-03-077,2025-06-22,0,Cobalt,5256.39,5310.69,0.30194,0.29554,0.52422,0.5274,142,3,-1111,512,-1111,43,47,0.55516,582,3.59287,1
APP-202506-03-078,2025-06-02,0,Cobalt,5244.38,5273.76,0.3347,0.33965,0.13792,0.15325,153,4,2212.59,525,-1111,90,78,0.54552,679,3.56003,1
APP-202506-03-079,2025-06-09,0,Cobalt,5473.58,5536.73,0.3515,0.35217,0.26088,0.24416,164,0,2479.28,538,188,137,8,0.40517,776,3.51195,1
APP-202506-03-080,2025-06-16,0,Cobalt,5475.49,5533.0,0.39069,0.3895,0.35247,0.35387,175,1,2443.79,551,207,184,39,0.42147,873,3.43336,1
APP-202501-04-001,2025-01-04,0,Dune,,3306.63,,,,,,3,,,,87,21,0.2789,221,2.55699,1
APP-202501-04-002,2025-01-11,0,Dune,3156.35,3187.03,0.18758,0.18711,0.06871,0.07287,46,4,1399.56,,,134,52,0.28344,318,2.55403,1
APP-202501-04-003,2025-01-18,0,Dune,3552.07,3587.45,0.20041,0.19653,0.0569,0.05199,57,0,1831.34,,,181,83,0.29256,415,2.77942,1
APP-202501-04-004,2025-01-25,1,Dune,3646.62,3696.41,0.4572,0.45406,0.63947,0.63376,68,3,1327.8,,226,17,13,0.29116,512,1.92419,1
APP-202501-04-005,2025-01-05,0,Dune,3466.61,3533.93,0.28279,0.28176,0.36555,0.36444,79,2,-1,,245,64,44,0.34129,609,2.4098,1
APP-202501-04-006,2025-01-12,0,Dune,3991.34,4066.22,0.23589,0.2283,0.35572,0.34404,90,3,1947.39,,-1,111,75,0.32247,706,3.0444,1
APP-202501-04-007,2025-01-19,0,Dune,3702.29,3734.38,0.30397,0.30074,0.33896,0.32927,101,4,1491.66,,-1,158,5,0.347,803,2.43083,1
APP-202501-04-008,2025-01-26,0,Dune,4237.04,4305.76,0.28812,0.28215,0.14743,0.13751,112,0,1959.81,,-1,205,36,0.37793,900,3.02866,1
APP-202501-04-009,2025-01-06,0,Dune,4134.38,4199.38,0.37879,0.37563,0.4361,0.43952,123,1,-999,,321,41,67,0.40226,0,2.79283,1
APP-202501-04-010,2025-01-13,0,Dune,4139.13,4206.24,0.36379,0.3556,0.09829,0.08988,134,2,1753.18,,340,88,98,0.38127,97,2.62308,1
APP-202501-04-011,2025-01-20,0,Dune,4430.58,4476.73,0.32612,0.31902,0.3524,0.34942,-1,3,1930.94,,-999,135,28,0.40213,194,3.02259,1
APP-202501-04-012,2025-01-27,0,Dune,4769.7,4837.66,0.36154,0.35304,0.12013,0.12217,156,4,1994.91,,-999,182,59,0.39294,291,2.97318,1
APP-202501-04-013,2025-01-07,0,Dune,4802.88,4890.39,0.39045,0.385,0.53299,0.53604,167,0,-1111,,-999,18,90,0.43091,388,2.88452,1
APP-202501-04-014,2025-01-14,1,Dune,4922.79,5000.01,0.61431,0.60593,0.62706,0.62454,178,3,1529.13,640,416,65,20,0.29002,485,1.96556,1
APP-202501-04-015,2025-01-21,0,Dune,4964.64,5036.71,0.43127,0.42187,0.39578,0.39483,9,2,1872.78,653,435,112,51,0.29835,582,2.86127,1
APP-202501-04-016,2025-01-01,0,Dune,5059.28,-1111,0.48237,0.48622,0.29344,0.29945,20,3,2207.96,666,-1111,159,82,0.31073,679,2.57558,1
APP-202501-04-017,2025-01-08,0,Dune,5139.62,5234.85,-1,0.47596,0.31145,0.32088,31,4,,679,-1111,206,12,0.30418,776,2.84236,1
APP-202501-04-018,2025-01-15,0,Dune,5427.83,5439.61,0.22582,0.23106,0.21596,0.2165,42,0,2346.83,692,-1111,42,43,0.29134,873,4.26724,1
APP-202501-04-019,2025-01-22,0,Dune,5515.97,5571.41,0.20353,0.2091,0.37644,0.37522,53,1,2856.5,705,511,89,74,0.33934,970,4.37842,1
APP-202501-04-020,2025-01-02,0,Dune,5304.36,5357.13,0.19749,0.19777,0.13377,0.13462,64,2,2627.83,718,530,136,4,0.35658,70,4.24979,1
APP-202501-04-021,2025-01-09,0,Dune,-1,5670.02,0.24852,-1,0.46181,0.46279,-999,3,-1,-1,,183,35,0.32929,167,4.09201,1
APP-202501-04-022,2025-01-16,0,Dune,5735.3,5792.23,0.21874,0.21989,0.13976,0.12982,86,4,2644.06,-1,,19,66,0.37497,264,4.51814,1
APP-202501-04-023,2025-01-23,0,Dune,5900.83,5989.84,0.25748,0.25617,0.05,0.04896,97,0,2677.94,-1,,66,97,0.39271,361,4.36912,1
APP-202501-04-024,2025-01-03,1,Dune,5947.18,5992.56,0.49722,0.48729,0.54653,0.55324,108,3,2498.45,-1,126,113,27,0.40284,458,2.90505,1
APP-202501-04-025,2025-01-10,0,Dune,6337.51,6424.39,0.30072,0.29653,0.30518,0.29997,119,2,-999,-1,145,160,58,0.4026,555,4.46729,1
APP-202501-04-026,2025-01-17,0,Dune,6081.49,6112.2,0.33422,0.33384,0.34442,0.34341,130,3,2772.39,-1,-1,207,89,0.42532,652,3.99647,1
APP-202501-04-027,2025-01-24,0,Dune,6333.97,6402.34,0.33536,0.34009,0.4159,0.41315,141,4,2725.23,-1,-1,43,19,0.24082,749,4.22116,1
APP-202501-04-028,2025-01-04,0,Dune,6427.58,6517.15,0.36515,0.35702,0.50399,0.49665,152,0,2535.74,-1,-1,90,50,0.29289,846,4.09721,1
APP-202501-04-029,2025-01-11,0,Dune,6369.32,6416.26,0.37452,0.37212,0.32944,0.33274,163,1,-1111,-1,221,137,81,0.3128,943,3.90786,1
APP-202501-04-030,2025-01-18,0,Dune,3230.89,3268.07,0.36592,0.36162,0.14888,0.13972,174,2,1414.65,-1,240,184,11,0.32902,43,2.03819,1
APP-202501-04-031,2025-01-25,0,Dune,3489.75,3530.59,0.37928,0.37128,0.59289,0.59783,-1111,3,1443.1,-1,-999,20,42,0.32728,140,2.13111,1
APP-202501-04-032,2025-01-05,0,Dune,3567.18,3629.15,0.4449,0.4436,0.39573,0.3948,16,4,1698.09,-1,-999,67,73,0.31284,237,1.94635,1
APP-202501-04-033,2025-01-12,0,Dune,3656.46,3701.6,-999,0.43741,0.55168,0.55025,27,0,,-1,-999,114,3,0.33627,334,2.08807,1
APP-202501-04-034,2025-01-19,1,Dune,3918.07,3980.73,0.70959,0.70633,0.7038,0.70964,38,3,1257.86,590,316,161,34,0.35034,431,1.19611,1
APP-202501-04-035,2025-01-26,0,Dune,3813.82,3874.44,0.22467,0.21938,0.33776,0.32999,49,2,1621.26,603,335,208,65,0.387,528,2.85381,1
APP-202501-04-036,2025-01-06,0,Dune,3828.11,3946.71,0.23003,0.22694,0.07393,0.08143,60,3,1649.02,616,-1111,44,96,0.39053,625,2.95574,1
APP-202501-04-037,2025-01-13,0,Dune,4094.41,4150.68,0.22463,0.22293,0.22327,0.21013,71,4,-1,629,-1111,91,26,0.4213,722,3.17377,1
APP-202501-04-038,2025-01-20,0,Dune,4174.2,4220.52,0.23432,0.2317,0.07234,0.07464,82,0,1980.92,642,-1111,138,57,0.43402,819,3.14938,1
APP-202501-04-039,2025-01-27,0,Dune,4380.8,4394.1,0.22582,0.23131,0.23792,0.24789,93,1,1917.18,655,411,185,88,0.40503,916,3.44321,1
APP-202501-04-040,2025-01-07,0,Dune,4436.93,4511.99,0.21145,0.20872,0.44756,0.45777,104,2,2042.66,668,430,21,18,0.26332,16,3.47298,1
APP-202501-04-041,2025-01-14,0,Dune,-999,,0.27896,-999,-1,0.34081,,,-999,-999,,68,49,0.32245,113,3.35234,1
APP-202501-04-042,2025-01-21,0,Dune,4656.61,4649.44,0.29911,0.29608,0.55364,0.54722,126,4,2011.97,-999,,115,80,0.2999,210,3.34303,1
APP-202501-04-043,2025-01-01,0,Dune,4644.17,4711.39,0.28522,0.29224,0.17523,0.17465,137,0,2367.8,-999,,162,10,0.31173,307,3.35928,1
APP-202501-04-044,2025-01-08,1,Dune,4917.83,4991.15,0.53907,0.5317,0.47972,0.49894,148,3,1560.74,-999,506,209,41,0.31713,404,2.23384,1
APP-202501-04-045,2025-01-15,0,Dune,5069.44,5152.72,0.37115,0.36841,0.10342,0.09326,159,2,-1111,-999,525,45,72,0.35939,501,3.20846,1
APP-202501-04-046,2025-01-22,0,Dune,5059.25,5153.78,0.41661,0.41031,0.50515,0.50434,170,3,2154.27,-999,-1,92,2,0.33148,598,2.92072,1
APP-202501-04-047,2025-01-02,0,Dune,5386.76,5459.31,0.38303,0.37836,0.53807,0.54692,181,4,2294.07,-999,-1,139,33,0.35498,695,3.32835,1
APP-202501-04-048,2025-01-09,0,Dune,5502.75,5570.84,0.42299,0.42518,0.45549,0.45529,12,0,2026.94,-999,-1,186,64,0.35048,792,2.99142,1
APP-202501-04-049,2025-01-16,0,Dune,5508.84,5579.69,-1111,0.44135,0.46554,-1,23,1,,-999,121,22,95,0.40802,889,3.13797,1
APP-202501-04-050,2025-01-23,0,Dune,5575.14,5632.36,0.45097,0.44758,0.47589,0.47143,34,2,2181.25,-999,140,69,25,0.34259,986,3.1205,1
APP-202501-04-051,2025-01-03,0,Dune,5714.26,5794.73,0.47931,0.47301,0.31302,0.3239,-1,3,2178.71,-999,-999,116,56,0.41042,86,2.96703,1
APP-202501-04-052,2025-01-10,0,Dune,5672.9,5720.54,0.186,0.18611,0.11475,0.14301,56,4,2857.12,-999,-999,163,87,0.39818,183,4.55025,1
APP-202501-04-053,2025-01-17,0,Dune,5979.03,6035.84,0.19301,0.20095,0.23511,0.22422,67,0,-1,-999,-999,210,17,0.28098,280,4.88868,1
APP-202501-04-054,2025-01-24,1,Dune,5911.29,5978.84,0.43108,0.42482,0.48274,0.49742,78,3,2321.64,540,216,46,48,0.2819,377,3.4491,1
APP-202501-04-055,2025-01-04,0,Dune,6120.29,6156.36,0.24156,0.23406,0.39287,0.38686,89,2,2763.55,553,235,93,79,0.32109,474,4.6533,1
APP-202501-04-056,2025-01-11,0,Dune,6279.33,6374.04,0.25144,0.24999,0.19461,0.1915,100,3,3019.57,566,-1111,140,9,0.30077,571,4.6,1
APP-202501-04-057,2025-01-18,0,Dune,6375.22,6435.04,0.26184,0.26022,0.21833,0.21754,111,4,-999,579,-1111,187,40,0.33989,668,4.6661,1
APP-202501-04-058,2025-01-25,0,Dune,6635.64,6709.2,0.315,0.3161,0.19964,0.21036,122,0,2531.85,592,-1111,23,71,0.36868,765,4.62425,1
APP-202501-04-059,2025-01-05,0,Dune,3187.07,3227.79,0.26221,0.26561,0.36178,0.36227,133,1,1640.26,605,311,70,1,0.32042,862,2.4121,1
APP-202501-04-060,2025-01-12,0,Dune,3488.39,3551.65,0.33674,0.33354,0.25941,0.2666,144,2,1537.06,618,330,117,32,0.36196,959,2.43645,1
APP-202501-04-061,2025-01-19,0,Dune,-1111,3532.02,0.34346,-1111,0.45552,0.45601,-999,3,-1111,-1111,,164,63,0.34664,59,2.45472,1
APP-202501-04-062,2025-01-26,0,Dune,3623.96,3630.89,0.31702,0.31681,0.48,0.49248,166,4,1440.55,-1111,,0,94,0.40559,156,2.48804,1
APP-202501-04-063,2025-01-06,0,Dune,3600.54,3659.87,0.41037,0.40928,0.53774,0.53922,177,0,1439.34,-1111,,47,24,0.44158,253,2.18672,1
APP-202501-04-064,2025-01-13,1,Dune,3944.11,4004.61,0.60897,0.60402,0.67723,0.66579,8,3,1401.21,-1111,406,94,55,0.38857,350,1.67164,1
APP-202501-04-065,2025-01-20,0,Dune,4025.6,4075.24,,0.40689,0.27592,0.2837,19,2,,-1111,425,141,86,0.39757,447,2.41003,1
APP-202501-04-066,2025-01-27,0,Dune,3986.41,-1,0.44119,0.43561,0.21165,0.22083,30,3,1900.4,-1111,-1,188,16,0.31669,544,2.31648,1
APP-202501-04-067,2025-01-07,0,Dune,4091.17,4162.99,0.44691,0.44728,0.3253,0.32553,41,4,1509.82,-1111,-1,24,47,0.26888,641,2.17589,1
APP-202501-04-068,2025-01-14,0,Dune,4428.63,4493.23,0.45626,0.46441,0.40862,0.41635,52,0,1635.31,-1111,-1,71,78,0.29682,738,2.42912,1
APP-202501-04-069,2025-01-21,0,Dune,4319.03,4387.4,0.16665,0.17023,0.13956,0.14931,63,1,-1,-1111,501,118,8,0.29455,835,3.53069,1
APP-202501-04-070,2025-01-01,0,Dune,4281.02,4338.44,0.17082,0.17309,0.45697,0.4566,74,2,2230.55,-1111,520,165,39,0.33116,932,3.58506,1
APP-202501-04-071,2025-01-08,0,Dune,4683.34,4690.32,0.22384,0.22885,0.20463,0.19883,-1111,3,1977.18,-1111,-999,1,70,0.33537,32,3.68609,1
APP-202501-04-072,2025-01-15,0,Dune,4989.79,5032.1,0.25779,0.2614,0.19839,0.19166,96,4,2424.97,-1111,-999,48,0,0.33235,129,3.68625,1
APP-202501-04-073,2025-01-22,0,Dune,5045.48,5054.58,0.2402,0.23797,0.28915,0.29519,107,0,-999,-1111,-999,95,31,0.3441,226,3.72941,1
APP-202501-04-074,2025-01-02,1,Dune,4729.69,4758.44,0.49736,0.49255,0.56443,0.58317,118,3,1820.61,490,116,142,62,0.36537,323,2.3902,1
APP-202501-04-075,2025-01-09,0,Dune,5090.93,5188.38,0.28999,0.29232,0.31076,0.31951,129,2,2082.97,503,135,189,93,0.41354,420,3.62569,1
APP-202501-04-076,2025-01-16,0,Dune,5117.7,5194.22,0.30295,0.30343,0.55584,0.56154,140,3,2321.83,516,-1111,25,23,0.38132,517,3.51649,1
APP-202501-04-077,2025-01-23,0,Dune,5284.72,5326.08,0.32745,0.32547,0.2934,0.30384,151,4,-1111,529,-1111,72,54,0.39852,614,3.59638,1
APP-202501-04-078,2025-01-03,0,Dune,5434.95,5489.41,0.37453,0.36763,0.36175,0.35842,162,0,2709.61,542,-1111,119,85,0.44836,711,3.22841,1
APP-202501-04-079,2025-01-10,0,Dune,5728.52,5781.64,0.36848,0.36325,0.18184,0.18754,173,1,2704.64,555,211,166,15,0.26118,808,3.6043,1
APP-202501-04-080,2025-01-17,0,Dune,5703.11,5791.59,0.38139,0.37148,0.10097,0.10126,184,2,2246.92,568,230,2,46,0.30041,905,3.36398,1
APP-202502-04-001,2025-02-04,0,Dune,,3448.26,-1,,-999,0.19944,,3,,,,87,21,0.30946,222,2.88151,1
APP-202502-04-002,2025-02-11,0,Dune,3394.43,3423.23,0.18837,0.18789,0.22094,0.20944,46,4,1550.16,,,134,52,0.3166,319,2.79037,1
APP-202502-04-003,2025-02-18,0,Dune,3543.27,3589.04,0.21688,0.21356,0.28854,0.28568,57,0,1717.33,,,181,83,0.3213,416,2.69611,1
APP-202502-04-004,2025-02-25,0,Dune,3676.84,3715.51,0.19407,0.19324,0.51156,0.52491,68,1,1545.33,,226,17,13,0.35804,513,2.95542,1
APP-202502-04-005,2025-02-05,0,Dune,3793.88,3846.11,0.21961,0.22728,0.51605,0.52249,79,2,-1,,245,64,44,0.40117,610,2.93081,1
APP-202502-04-006,2025-02-12,1,Dune,3785.7,3862.17,0.44157,0.44113,0.73286,0.73567,90,5,1131.05,,-1,111,75,0.3609,707,2.10296,1
APP-202502-04-007,2025-02-19,0,Dune,3880.26,3905.53,0.31092,0.30956,0.3551,0.35648,101,4,1819.37,,-1,158,5,0.36585,804,2.67866,1
APP-202502-04-008,2025-02-26,0,Dune,3881.32,3918.72,0.34889,0.3487,0.20481,0.18883,112,0,1784.49,,-1,205,36,0.37366,901,2.51999,1
APP-202502-04-009,2025-02-06,0,Dune,4074.34,4128.0,0.36355,0.35674,0.28235,0.27708,123,1,-999,,321,41,67,0.38641,1,2.69178,1
APP-202502-04-010,2025-02-13,0,Dune,4362.0,4412.41,0.33149,0.32826,0.39578,0.40292,134,2,1762.55,,340,88,98,0.38649,98,2.82298,1
APP-202502-04-011,2025-02-20,0,Dune,4565.98,-999,0.36855,0.37344,0.46893,0.47156,-1,-1,1869.91,,-999,135,28,0.4254,195,2.97475,1
APP-202502-04-012,2025-02-27,0,Dune,4410.23,4422.95,0.40918,0.40911,0.35384,0.35167,156,4,2014.94,,-999,182,59,0.46174,292,2.55111,1
APP-202502-04-013,2025-02-07,0,Dune,4897.87,4996.03,0.39181,0.38874,0.49376,0.48553,167,0,-1111,,-999,18,90,0.42318,389,2.99497,1
APP-202502-04-014,2025-02-14,0,Dune,4845.85,4898.49,0.43029,0.42779,0.51547,0.52595,178,1,2161.35,640,416,65,20,0.28098,486,2.89964,1
APP-202502-04-015,2025-02-21,0,Dune,4807.98,4883.49,0.41556,0.41452,0.07815,0.09464,9,2,2220.41,653,435,112,51,0.30063,583,2.76911,1
APP-202502-04-016,2025-02-01,0,Dune,5020.27,5100.41,0.43698,0.43261,0.1776,0.18081,20,3,1967.24,666,-1111,159,82,0.33067,680,2.7672,1
APP-202502-04-017,2025-02-08,1,Dune,5191.99,5320.75,-999,0.70052,0.60233,-999,31,6,,679,-1111,206,12,0.36175,777,1.53592,1
APP-202502-04-018,2025-02-15,0,Dune,5139.15,5196.04,0.21444,0.21421,0.43543,0.4264,42,0,2335.05,692,-1111,42,43,0.36266,874,4.06408,1
APP-202502-04-019,2025-02-22,0,Dune,5496.24,5590.11,0.19924,0.18981,0.19066,0.20443,53,1,2408.03,705,511,89,74,0.36054,971,4.4229,1
APP-202502-04-020,2025-02-02,0,Dune,5595.51,5669.85,0.23396,0.23344,0.26194,0.26691,64,2,2450.32,718,530,136,4,0.4076,71,4.41619,1
APP-202502-04-021,2025-02-09,0,Dune,-1,5752.97,0.21276,-1,0.40531,0.40446,-999,3,-1,-1,,183,35,0.37692,168,4.44048,1
APP-202502-04-022,2025-02-16,0,Dune,5627.89,5695.54,0.24414,0.24078,0.21382,0.21922,86,4,2380.65,-1,,19,66,0.43117,265,4.21828,1
APP-202502-04-023,2025-02-23,0,Dune,5971.08,6018.0,0.29992,0.29438,0.28615,0.28906,97,0,2256.76,-1,,66,97,0.37864,362,4.05316,1
APP-202502-04-024,2025-02-03,0,Dune,6061.95,6144.25,0.29094,0.29738,0.23592,0.23611,108,1,2669.0,-1,126,113,27,0.44268,459,4.23577,1
APP-202502-04-025,2025-02-10,0,Dune,5886.17,5950.3,0.28187,0.27526,0.25615,0.26898,119,2,-999,-1,145,160,58,0.44039,556,4.19039,1
APP-202502-04-026,2025-02-17,0,Dune,6123.12,6159.62,0.31838,0.31175,0.44889,0.44524,130,3,2138.03,-1,-1,207,89,0.48066,653,4.36959,1
APP-202502-04-027,2025-02-24,0,Dune,6222.67,6280.57,0.35987,0.35905,0.44012,0.44294,141,4,2778.19,-1,-1,43,19,0.31266,750,3.94157,1
APP-202502-04-028,2025-02-04,1,Dune,6312.95,6402.64,0.58226,0.57819,0.61007,0.61168,152,2,2396.14,-1,-1,90,50,0.31293,847,2.78513,1
APP-202502-04-029,2025-02-11,0,Dune,6512.81,6592.52,0.37802,0.36987,0.2123,0.21125,163,1,-1111,-1,221,137,81,0.33255,944,3.99001,1
APP-202502-04-030,2025-02-18,0,Dune,3339.5,3362.65,0.38931,0.39121,0.20716,0.20401,174,2,1375.71,-1,240,184,11,0.33169,44,2.08099,1
APP-202502-04-031,2025-02-25,0,Dune,3188.31,3173.09,0.39971,0.39435,0.53667,0.55249,-1111,3,1696.89,-1,-999,20,42,0.33756,141,1.87649,1
APP-202502-04-032,2025-02-05,0,Dune,3441.16,3490.34,0.43155,0.43284,0.36749,0.3779,16,4,1226.53,-1,-999,67,73,0.37196,238,1.8773,1
APP-202502-04-033,2025-02-12,0,Dune,3535.14,3591.75,-1111,0.478,0.42301,0.4329,27,0,,-1,-999,114,3,0.34977,335,1.81998,1
APP-202502-04-034,2025-02-19,0,Dune,3590.41,3637.87,0.46066,0.46066,0.53068,0.52705,38,1,1113.41,590,316,161,34,0.41106,432,1.86103,1
APP-202502-04-035,2025-02-26,0,Dune,3808.16,3853.39,0.18384,0.17925,0.34514,0.34926,49,2,1934.93,603,335,208,65,0.42074,529,3.04994,1
APP-202502-04-036,2025-02-06,0,Dune,3968.19,-1111,0.18745,0.18295,0.15591,0.16844,60,3,1808.7,616,-1111,44,96,0.42754,626,3.13699,1
APP-202502-04-037,2025-02-13,0,Dune,4205.95,4250.2,0.17404,0.17668,0.14628,0.12951,71,4,-1,629,-1111,91,26,0.40971,723,3.50992,1
APP-202502-04-038,2025-02-20,0,Dune,4250.97,4365.83,0.22475,0.22074,0.19289,0.20255,82,0,2243.92,642,-1111,138,57,0.44016,820,3.31668,1
APP-202502-04-039,2025-02-27,1,Dune,4363.51,4486.61,0.45603,0.45678,0.47227,0.47382,93,3,1797.11,655,411,185,88,0.44162,917,2.47282,1
APP-202502-04-040,2025-02-07,0,Dune,4251.24,4285.1,0.26083,0.25421,0.28501,0.28306,104,2,2188.54,668,430,21,18,0.3111,17,3.08724,1
APP-202502-04-041,2025-02-14,0,Dune,-999,4570.36,0.32286,-999,-1111,0.51097,,3,-999,-999,,68,49,0.30683,114,3.10739,1
APP-202502-04-042,2025-02-21,0,Dune,4732.72,4799.49,0.30672,0.30449,0.35772,0.35995,126,4,2731.64,-999,,115,80,0.35082,211,3.20283,1
APP-202502-04-043,2025-02-01,0,Dune,4941.96,4979.68,0.32893,0.32505,0.07428,0.07328,137,0,2057.3,-999,,162,10,0.31763,308,3.40174,1
APP-202502-04-044,2025-02-08,0,Dune,4946.22,4999.63,0.32979,0.32684,0.26975,0.26109,148,1,2408.99,-999,506,209,41,0.34762,405,3.32497,1
APP-202502-04-045,2025-02-15,0,Dune,4893.32,4951.79,0.3569,0.36137,0.29206,0.29057,159,2,-1111,-999,525,45,72,0.35874,502,3.20264,1
APP-202502-04-046,2025-02-22,0,Dune,4805.57,4842.08,0.31152,0.31018,0.38469,0.38463,170,3,1897.81,-999,-1,92,2,0.39651,599,3.36582,1
APP-202502-04-047,2025-02-02,0,Dune,5188.44,5273.88,0.39038,0.38734,0.53551,0.55051,181,4,2561.15,-999,-1,139,33,0.36261,696,3.27965,1
APP-202502-04-048,2025-02-09,0,Dune,5439.98,5525.63,0.45925,0.45043,0.30197,0.29032,12,0,2320.26,-999,-1,186,64,0.40736,793,2.86779,1
APP-202502-04-049,2025-02-16,0,Dune,5325.94,5407.53,,0.4251,0.59423,0.611,23,1,,-999,121,22,95,0.40082,890,2.87221,1
APP-202502-04-050,2025-02-23,1,Dune,5517.82,5580.36,0.67746,0.67848,0.46553,0.46807,34,4,1801.78,-999,140,69,25,0.44358,987,1.74069,1
APP-202502-04-051,2025-02-03,0,Dune,5680.21,5753.25,0.4735,0.46868,0.30841,0.32631,-1,3,2243.59,-999,-999,116,56,0.4071,87,3.014,1
APP-202502-04-052,2025-02-10,0,Dune,5786.01,5892.32,0.14514,0.14307,0.14559,0.1473,56,4,3026.86,-999,-999,163,87,0.43527,184,5.00455,1
APP-202502-04-053,2025-02-17,0,Dune,5906.41,5996.79,0.18653,0.18617,0.16438,0.16922,67,0,-1,-999,-999,210,17,0.31691,281,4.93069,1
APP-202502-04-054,2025-02-24,0,Dune,5920.21,5987.02,0.20916,0.20409,0.24639,0.25073,78,1,2665.05,540,216,46,48,0.32164,378,4.65372,1
APP-202502-04-055,2025-02-04,0,Dune,6051.65,6098.99,0.20624,0.20223,0.43621,0.42544,89,2,2938.3,553,235,93,79,0.29877,475,4.87624,1
APP-202502-04-056,2025-02-11,0,Dune,6430.8,6494.66,0.24738,0.2423,0.17783,0.18054,100,3,2859.3,566,-1111,140,9,0.37286,572,4.77636,1
APP-202502-04-057,2025-02-18,0,Dune,6257.99,6344.25,0.27455,0.27107,0.19445,0.19186,111,4,-999,579,-1111,187,40,0.35315,669,4.64003,1
APP-202502-04-058,2025-02-25,0,Dune,6715.8,6821.0,0.31716,0.31257,0.24218,0.24619,122,0,2957.8,592,-1111,23,71,0.34573,766,4.70974,1
APP-202502-04-059,2025-02-05,0,Dune,3290.24,3318.95,0.29684,0.29593,0.19887,0.19779,133,1,1506.46,605,311,70,1,0.36437,863,2.38008,1
APP-202502-04-060,2025-02-12,0,Dune,3179.96,3238.28,0.34183,0.33754,0.40171,0.38885,144,2,1604.99,618,330,117,32,0.39812,960,2.15952,1
APP-202502-04-061,2025-02-19,1,Dune,-1111,,0.56344,-1111,0.59644,0.60104,-999,-999,-1111,-1111,,164,63,0.39191,60,1.69722,1
APP-202502-04-062,2025-02-26,0,Dune,3700.36,3752.56,0.39504,0.3882,0.44132,0.435,166,4,1634.27,-1111,,0,94,0.41653,157,2.17343,1
APP-202502-04-063,2025-02-06,0,Dune,3853.96,3875.31,0.35231,0.34577,0.21402,0.20836,177,0,1426.84,-1111,,47,24,0.40733,254,2.59381,1
APP-202502-04-064,2025-02-13,0,Dune,3865.41,3889.74,0.36982,0.36065,0.17741,0.17848,8,1,1704.31,-1111,406,94,55,0.45597,351,2.49903,1
APP-202502-04-065,2025-02-20,0,Dune,3962.85,3987.69,-1,0.42792,0.43791,-1111,19,2,,-1111,425,141,86,0.4358,448,2.37304,1
APP-202502-04-066,2025-02-27,0,Dune,4033.44,4070.19,0.44895,0.45055,0.37218,0.36846,30,3,1915.78,-1111,-1,188,16,0.32418,545,2.22529,1
APP-202502-04-067,2025-02-07,0,Dune,4104.88,4135.51,0.45622,0.45417,0.45776,0.46637,41,4,1853.93,-1111,-1,24,47,0.30592,642,2.3339,1
APP-202502-04-068,2025-02-14,0,Dune,4263.45,4346.7,0.46761,0.46488,0.3313,0.32693,52,0,1698.94,-1111,-1,71,78,0.32658,739,2.26985,1
APP-202502-04-069,2025-02-21,0,Dune,4483.78,4575.83,0.16505,0.16029,0.08622,0.07189,63,1,-1,-1111,501,118,8,0.3206,836,3.80959,1
APP-202502-04-070,2025-02-01,0,Dune,4633.64,4686.32,0.23702,0.22967,0.32271,0.32341,74,2,1930.69,-1111,520,165,39,0.33469,933,3.57676,1
APP-202502-04-071,2025-02-08,0,Dune,4742.33,4815.89,0.1989,0.20224,0.05,0.0536,-1111,3,2054.2,-1111,-999,1,70,0.36887,33,3.87862,1
APP-202502-04-072,2025-02-15,1,Dune,4853.0,4907.33,0.44929,0.4477,0.37911,0.39435,96,6,2264.44,-1111,-999,48,0,0.35963,130,2.70501,1
APP-202502-04-073,2025-02-22,0,Dune,4803.7,4852.63,0.27103,0.26601,0.28615,0.27808,107,0,-999,-1111,-999,95,31,0.39534,227,3.5871,1
APP-202502-04-074,2025-02-02,0,Dune,4989.73,5014.35,0.26163,0.25958,0.38713,0.39491,118,1,2164.61,490,116,142,62,0.38626,324,3.74149,1
APP-202502-04-075,2025-02-09,0,Dune,5180.14,5247.68,0.28449,0.28161,0.41836,0.42732,129,2,2277.59,503,135,189,93,0.39579,421,3.75995,1
APP-202502-04-076,2025-02-16,0,Dune,5258.25,5331.15,0.32791,0.31898,0.38901,0.38637,140,3,2227.47,516,-1111,25,23,0.41866,518,3.58169,1
APP-202502-04-077,2025-02-23,0,Dune,5316.77,5383.45,0.28822,0.27991,0.45453,0.46579,151,4,-1111,529,-1111,72,54,0.44889,615,3.8334,1
APP-202502-04-078,2025-02-03,0,Dune,5406.11,5483.29,0.28386,0.27858,0.11114,0.09209,162,0,2434.67,542,-1111,119,85,0.44448,712,3.78771,1
APP-202502-04-079,2025-02-10,0,Dune,5404.22,5468.64,0.38133,0.3782,0.44433,0.45168,173,1,2164.36,555,211,166,15,0.33317,809,3.35193,1
APP-202502-04-080,2025-02-17,0,Dune,5587.37,5628.92,0.39923,0.39674,0.09713,0.09129,184,2,2317.62,568,230,2,46,0.32197,906,3.40668,1
APP-202503-04-001,2025-03-04,1,Dune,,3149.43,-999,,,0.45732,,5,,,,87,21,0.28812,223,1.91643,1
APP-202503-04-002,2025-03-11,0,Dune,3517.16,3556.31,0.14654,0.14192,0.19371,0.19598,46,4,1752.15,,,134,52,0.34705,320,3.09527,1
APP-202503-04-003,2025-03-18,0,Dune,3499.51,3518.2,0.23463,0.23254,0.30462,0.31805,57,0,1560.82,,,181,83,0.37077,417,2.79801,1
APP-202503-04-004,2025-03-25,0,Dune,3652.02,3672.14,0.21512,0.20984,0.29694,0.29004,68,1,2026.59,,226,17,13,0.37358,514,2.84569,1
APP-202503-04-005,2025-03-05,0,Dune,3862.68,3891.78,0.23174,0.23211,0.08979,0.08925,79,2,-1,,245,64,44,0.41649,611,2.84619,1
APP-202503-04-006,2025-03-12,0,Dune,3819.51,-1,0.31402,0.30722,0.43557,0.44959,90,3,1681.15,,-1,111,75,0.41654,708,2.5936,1
APP-202503-04-007,2025-03-19,0,Dune,3945.48,3994.29,0.26806,0.272,0.35674,0.3626,101,4,1903.63,,-1,158,5,0.38256,805,2.77779,1
APP-202503-04-008,2025-03-26,0,Dune,4108.52,4160.49,0.27616,0.26996,0.19048,0.18454,112,0,2109.51,,-1,205,36,0.40945,902,2.93209,1
APP-202503-04-009,2025-03-06,0,Dune,4156.39,4206.99,0.30899,0.30466,0.44328,0.43575,123,1,-999,,321,41,67,0.42402,2,2.85828,1
APP-202503-04-010,2025-03-13,1,Dune,4254.5,4323.69,0.50769,0.50739,0.57319,0.57676,134,4,1089.03,,340,88,98,0.43882,99,1.95154,1
APP-202503-04-011,2025-03-20,0,Dune,4208.37,4247.79,0.39608,0.39678,0.36696,0.36644,-1,3,2065.57,,-999,135,28,0.44777,196,2.41205,1
APP-202503-04-012,2025-03-27,0,Dune,4605.67,4667.72,0.39505,0.38819,0.35904,0.35844,156,4,1447.97,,-999,182,59,0.45742,293,2.81864,1
APP-202503-04-013,2025-03-07,0,Dune,4665.97,4695.19,0.40795,0.40246,0.34691,0.36576,167,0,-1111,,-999,18,90,0.4602,390,2.71922,1
APP-202503-04-014,2025-03-14,0,Dune,4750.64,4821.58,0.43142,0.42305,0.70077,0.70993,178,1,2344.92,640,416,65,20,0.29631,487,2.82076,1
APP-202503-04-015,2025-03-21,0,Dune,5077.28,5137.38,0.45324,0.44771,0.10641,0.11711,9,2,2249.94,653,435,112,51,0.35264,584,2.73658,1
APP-202503-04-016,2025-03-01,0,Dune,5113.24,5214.22,0.44402,0.44221,0.21014,0.2159,20,3,2233.57,666,-1111,159,82,0.35185,681,2.91106,1
APP-202503-04-017,2025-03-08,0,Dune,5150.76,5201.96,-1111,0.44162,0.3463,0.35316,31,4,,679,-1111,206,12,0.37154,778,2.84253,1
APP-202503-04-018,2025-03-15,0,Dune,5352.61,5415.82,0.21586,0.21396,0.12707,0.12307,42,0,2573.64,692,-1111,42,43,0.37434,875,4.22861,1
APP-202503-04-019,2025-03-22,1,Dune,5433.23,5508.84,0.44753,0.4515,0.39838,0.39551,53,3,2027.99,705,511,89,74,0.34323,972,2.88389,1
APP-202503-04-020,2025-03-02,0,Dune,5191.73,5255.84,0.18837,0.18792,0.21076,0.21495,64,2,2214.03,718,530,136,4,0.42137,72,4.23542,1
APP-202503-04-021,2025-03-09,0,Dune,-1,5939.83,0.23953,-1,0.2257,0.23208,-999,3,-1,-1,,183,35,0.40455,169,4.63389,1
APP-202503-04-022,2025-03-16,0,Dune,5624.96,5673.07,0.21237,0.21065,0.05,0.05754,86,4,2706.96,-1,,19,66,0.40096,266,4.26391,1
APP-202503-04-023,2025-03-23,0,Dune,5899.27,5958.47,0.30421,0.30673,0.23863,0.23863,97,0,2583.52,-1,,66,97,0.45295,363,3.98814,1
APP-202503-04-024,2025-03-03,0,Dune,6208.33,6264.76,0.29483,0.29041,0.30273,0.29671,108,1,2845.98,-1,126,113,27,0.40086,460,4.45317,1
APP-202503-04-025,2025-03-10,0,Dune,6000.48,6054.28,0.28231,0.28079,0.29489,0.28663,119,2,-999,-1,145,160,58,0.44858,557,4.28308,1
APP-202503-04-026,2025-03-17,0,Dune,6218.55,6289.58,0.3269,0.3257,0.42213,0.41309,130,3,2678.42,-1,-1,207,89,0.48798,654,4.28408,1
APP-202503-04-027,2025-03-24,0,Dune,6286.06,6358.52,0.28224,0.27831,0.36871,0.3581,141,4,3087.82,-1,-1,43,19,0.31743,751,4.56075,1
APP-202503-04-028,2025-03-04,1,Dune,6485.43,6596.6,0.57674,0.57204,0.58655,0.57927,152,2,2229.9,-1,-1,90,50,0.32299,848,2.85784,1
APP-202503-04-029,2025-03-11,0,Dune,6333.08,6435.26,0.4186,0.42042,0.29646,0.29441,163,1,-1111,-1,221,137,81,0.34598,945,3.65818,1
APP-202503-04-030,2025-03-18,0,Dune,3306.36,3394.28,0.43744,0.43949,0.38512,0.39164,174,2,1075.07,-1,240,184,11,0.37509,45,1.90277,1
APP-202503-04-031,2025-03-25,0,Dune,3350.01,-999,0.416,0.41574,0.22824,0.22678,-1111,-1111,1788.53,-1,-999,20,42,0.38478,142,1.98016,1
APP-202503-04-032,2025-03-05,0,Dune,3485.47,3506.56,0.40128,0.39437,0.27076,0.27023,16,4,1193.05,-1,-999,67,73,0.35251,239,2.05066,1
APP-202503-04-033,2025-03-12,0,Dune,3774.52,3813.47,,0.50202,0.36187,,27,0,,-1,-999,114,3,0.42137,336,1.68501,1
APP-202503-04-034,2025-03-19,0,Dune,3684.51,3727.59,0.46552,0.46447,0.54214,0.55174,38,1,1608.22,590,316,161,34,0.41704,433,2.02579,1
APP-202503-04-035,2025-03-26,0,Dune,3901.36,3950.06,0.19662,0.19152,0.37857,0.38118,49,2,2016.02,603,335,208,65,0.432,530,3.13759,1
APP-202503-04-036,2025-03-06,0,Dune,4013.45,4052.06,0.19574,0.19102,0.05,0.05646,60,3,1975.45,616,-1111,44,96,0.44328,627,3.10887,1
APP-202503-04-037,2025-03-13,1,Dune,4067.13,4124.52,0.43,0.42798,0.19075,0.18435,71,6,-1,629,-1111,91,26,0.42983,724,2.19063,1
APP-202503-04-038,2025-03-20,0,Dune,4183.28,4250.22,0.2222,0.2198,0.14441,0.13385,82,0,2357.9,642,-1111,138,57,0.47504,821,3.20559,1
APP-202503-04-039,2025-03-27,0,Dune,4117.96,4139.67,0.24071,0.23358,0.41079,0.40573,93,1,1760.09,655,411,185,88,0.45586,918,3.12603,1
APP-202503-04-040,2025-03-07,0,Dune,4520.62,4572.06,0.25708,0.25693,0.20846,0.22792,104,2,2091.57,668,430,21,18,0.34958,18,3.33143,1
APP-202503-04-041,2025-03-14,0,Dune,-999,4567.37,0.25161,-999,-1,0.40405,,3,-999,-999,,68,49,0.36082,115,3.3736,1
APP-202503-04-042,2025-03-21,0,Dune,4850.85,4925.61,0.36752,0.37031,0.38463,0.39038,126,4,1904.17,-999,,115,80,0.36977,212,3.00228,1
APP-202503-04-043,2025-03-01,0,Dune,4976.7,5031.35,0.30226,0.29546,0.28184,0.27296,137,0,2265.42,-999,,162,10,0.38542,309,3.54504,1
APP-202503-04-044,2025-03-08,0,Dune,5065.31,5113.62,0.37031,0.36313,0.32457,0.33175,148,1,2050.59,-999,506,209,41,0.36903,406,3.21357,1
APP-202503-04-045,2025-03-15,0,Dune,4934.84,4978.31,0.38318,0.3817,0.59264,0.60071,159,2,-1111,-999,525,45,72,0.3709,503,2.97001,1
APP-202503-04-046,2025-03-22,1,Dune,5137.8,5157.14,0.59851,0.60011,0.50092,0.50378,170,5,1885.76,-999,-1,92,2,0.3807,600,1.99209,1
APP-202503-04-047,2025-03-02,0,Dune,5299.16,5360.69,0.39941,0.39507,0.22746,0.2216,181,4,1980.94,-999,-1,139,33,0.41264,697,3.072,1
APP-202503-04-048,2025-03-09,0,Dune,5346.99,5453.75,0.38189,0.38501,0.40726,0.39771,12,0,2234.13,-999,-1,186,64,0.4295,794,3.39711,1
APP-202503-04-049,2025-03-16,0,Dune,5349.82,5431.11,-1,0.40653,0.32228,0.32624,23,1,,-999,121,22,95,0.44168,891,3.28476,1
APP-202503-04-050,2025-03-23,0,Dune,5746.49,5818.63,0.37732,0.36848,0.05,0.04336,34,2,2626.54,-999,140,69,25,0.44253,988,3.61538,1
APP-202503-04-051,2025-03-03,0,Dune,5856.63,5950.41,0.47811,0.47966,0.37763,0.36729,-1,3,1897.52,-999,-999,116,56,0.45965,88,3.15656,1
APP-202503-04-052,2025-03-10,0,Dune,5974.73,6040.1,0.20021,0.20501,0.16037,0.15564,56,4,2882.78,-999,-999,163,87,0.45199,185,4.7748,1
APP-202503-04-053,2025-03-17,0,Dune,5820.27,5913.09,0.16374,0.15977,0.21388,0.22515,67,0,-1,-999,-999,210,17,0.31637,282,4.80143,1
APP-202503-04-054,2025-03-24,0,Dune,6025.38,6110.22,0.17618,0.17344,0.40386,0.39927,78,1,2707.5,540,216,46,48,0.33093,379,5.01244,1
APP-202503-04-055,2025-03-04,1,Dune,6148.4,6195.72,0.47046,0.46193,0.56214,0.57148,89,4,2550.36,553,235,93,79,0.35711,476,3.19339,1
APP-202503-04-056,2025-03-11,0,Dune,6245.01,-1111,0.26405,0.26445,0.35157,0.3619,100,3,3094.63,566,-1111,140,9,0.3856,573,4.59251,1
APP-202503-04-057,2025-03-18,0,Dune,6553.99,6656.15,0.24802,0.24725,0.22626,0.2305,111,4,-999,579,-1111,187,40,0.36074,670,4.93343,1
APP-202503-04-058,2025-03-25,0,Dune,6751.52,6836.63,0.31827,0.31327,0.29976,0.29241,122,0,3040.52,592,-1111,23,71,0.37188,767,4.4807,1
APP-202503-04-059,2025-03-05,0,Dune,3274.34,3337.34,0.3272,0.32251,0.32741,0.33764,133,1,952.15,605,311,70,1,0.39537,864,2.30643,1
APP-202503-04-060,2025-03-12,0,Dune,3414.45,3436.42,0.34468,0.33676,0.48652,0.50844,144,2,1226.83,618,330,117,32,0.41701,961,2.1303,1
APP-202503-04-061,2025-03-19,0,Dune,-1111,3491.37,0.35763,-1111,0.41028,0.42614,-999,3,-1111,-1111,,164,63,0.46157,61,2.11248,1
APP-202503-04-062,2025-03-26,0,Dune,3490.69,3481.5,0.3502,0.3501,0.36828,0.36129,166,4,1455.56,-1111,,0,94,0.42158,158,2.15101,1
APP-202503-04-063,2025-03-06,0,Dune,3759.0,3808.02,0.35947,0.35333,0.38335,0.38698,177,0,1883.54,-1111,,47,24,0.42504,255,2.44441,1
APP-202503-04-064,2025-03-13,1,Dune,3783.93,3852.03,0.62387,0.61995,0.6952,0.67879,8,3,1470.24,-1111,406,94,55,0.4664,352,1.41432,1
APP-202503-04-065,2025-03-20,0,Dune,3915.42,3987.18,-999,0.42193,0.41739,0.42034,19,2,,-1111,425,141,86,0.47164,449,2.33712,1
APP-202503-04-066,2025-03-27,0,Dune,4074.52,4087.86,0.45354,0.44654,0.55503,0.56586,30,3,1749.87,-1111,-1,188,16,0.31678,546,2.2528,1
APP-202503-04-067,2025-03-07,0,Dune,4082.94,4083.05,0.44055,0.43812,0.50934,0.50642,41,4,2007.92,-1111,-1,24,47,0.34262,643,2.40195,1
APP-202503-04-068,2025-03-14,0,Dune,4254.1,4306.93,0.43712,0.43288,0.47138,0.4723,52,0,1800.37,-1111,-1,71,78,0.37046,740,2.41453,1
APP-202503-04-069,2025-03-21,0,Dune,4429.64,4457.54,0.18418,0.18973,0.28028,0.26242,63,1,-1,-1111,501,118,8,0.39286,837,3.55768,1
APP-202503-04-070,2025-03-01,0,Dune,4514.3,4561.39,0.1566,0.1546,0.41994,0.42253,74,2,1926.42,-1111,520,165,39,0.37332,934,3.77682,1
APP-202503-04-071,2025-03-08,0,Dune,4826.29,4894.46,0.19032,0.1882,0.20449,0.21129,-1111,3,2094.65,-1111,-999,1,70,0.39589,34,3.90768,1
APP-202503-04-072,2025-03-15,0,Dune,4629.99,4664.42,0.16847,0.16277,0.19637,0.20538,96,4,2178.35,-1111,-999,48,0,0.40727,131,3.87593,1
APP-202503-04-073,2025-03-22,1,Dune,4764.49,4830.31,0.43154,0.43616,0.38832,0.38391,107,2,-999,-1111,-999,95,31,0.46937,228,2.73658,1
APP-202503-04-074,2025-03-02,0,Dune,5132.23,5188.16,0.24962,0.24408,0.30425,0.30916,118,1,2341.94,490,116,142,62,0.45512,325,4.05443,1
APP-202503-04-075,2025-03-09,0,Dune,5137.35,5205.73,0.26172,0.26478,0.4007,0.39233,129,2,2634.38,503,135,189,93,0.4351,422,3.67151,1
APP-202503-04-076,2025-03-16,0,Dune,5284.01,5323.01,0.33272,0.32956,0.43121,0.42577,140,3,2297.8,516,-1111,25,23,0.43135,519,3.49475,1
APP-202503-04-077,2025-03-23,0,Dune,5174.93,5278.15,0.32423,0.32206,0.54926,0.56348,151,4,-1111,529,-1111,72,54,0.43656,616,3.44767,1
APP-202503-04-078,2025-03-03,0,Dune,5397.05,5470.94,0.39147,0.38518,0.30064,0.31331,162,0,2042.81,542,-1111,119,85,0.47485,713,3.47777,1
APP-202503-04-079,2025-03-10,0,Dune,5563.32,5619.81,0.39528,0.40097,0.36114,0.36033,173,1,2074.5,555,211,166,15,0.33726,810,3.41413,1
APP-202503-04-080,2025-03-17,0,Dune,5533.99,5613.56,0.38383,0.38196,0.55327,0.56034,184,2,2551.34,568,230,2,46,0.34294,907,3.39947,1
APP-202504-04-001,2025-04-04,0,Dune,3170.94,3227.68,0.13011,0.13104,0.21775,0.22979,35,3,1563.43,471,169,87,21,0.35161,224,2.78473,1
APP-202504-04-002,2025-04-11,0,Dune,3581.04,3624.46,0.2138,0.20704,0.05,0.0503,46,4,1789.76,484,188,134,52,0.38176,321,2.78137,1
APP-202504-04-003,2025-04-18,0,Dune,3347.67,3412.12,0.21581,0.21636,0.37755,0.38238,57,0,1800.23,497,207,181,83,0.40399,418,2.51773,1
APP-202504-04-004,2025-04-25,1,Dune,3510.19,3558.01,0.40901,0.40455,0.3568,0.35563,68,3,1370.7,510,226,17,13,0.39178,515,2.0412,1
APP-202504-04-005,2025-04-05,0,Dune,3697.42,3738.71,0.27404,0.26659,0.32184,0.32242,79,2,1815.5,523,245,64,44,0.37104,612,2.75054,1
APP-202504-04-006,2025-04-12,0,Dune,3963.59,4023.53,0.26425,0.26139,0.23741,0.24738,90,3,1541.06,536,264,111,75,0.40451,709,2.81055,1
APP-202504-04-007,2025-04-19,0,Dune,3854.84,3915.7,0.2635,0.2559,0.41303,0.41873,101,4,1724.42,549,283,158,5,0.43124,806,2.78428,1
APP-202504-04-008,2025-04-26,0,Dune,4158.72,4218.87,0.31196,0.30925,0.05,0.06248,112,0,2184.54,562,302,205,36,0.42634,903,2.91059,1
APP-202504-04-009,2025-04-06,0,Dune,4186.82,4245.26,0.34543,0.34043,0.22954,0.21812,123,1,1719.29,575,321,41,67,0.42213,3,2.79964,1
APP-202504-04-010,2025-04-13,0,Dune,4332.36,4406.85,0.31195,0.3105,0.26305,0.27743,134,2,1795.94,588,340,88,98,0.4125,100,3.00649,1
APP-202504-04-011,2025-04-20,0,Dune,4590.87,4666.31,0.33941,0.33562,0.35592,0.34673,145,3,2121.62,601,359,135,28,0.47522,197,2.89976,1
APP-202504-04-012,2025-04-27,0,Dune,4196.78,4252.73,0.36831,0.36564,0.2095,0.21842,156,4,2056.76,614,378,182,59,0.50676,294,2.73613,1
APP-202504-04-013,2025-04-07,0,Dune,4523.77,4557.22,0.44893,0.44562,0.59356,0.60317,167,0,1803.07,627,397,18,90,0.50439,391,2.40465,1
APP-202504-04-014,2025-04-14,1,Dune,4811.96,4872.11,0.65714,0.64808,0.8604,0.87187,178,3,1583.96,640,416,65,20,0.37237,488,1.51189,1
APP-202504-04-015,2025-04-21,0,Dune,4837.13,4895.92,0.44959,0.44336,0.27953,0.29131,9,2,1879.8,653,435,112,51,0.36424,585,2.67383,1
APP-202504-04-016,2025-04-01,0,Dune,5000.16,5056.7,0.47395,0.46987,0.31022,0.30618,20,3,1827.5,666,454,159,82,0.35747,682,2.70425,1
APP-202504-04-017,2025-04-08,0,Dune,5066.15,5120.42,0.46171,0.46415,0.26579,0.2679,31,4,2230.4,679,473,206,12,0.42911,779,2.68862,1
APP-202504-04-018,2025-04-15,0,Dune,5151.19,5195.09,0.14387,0.13851,0.31073,0.32684,42,0,2651.0,692,492,42,43,0.41538,876,4.38703,1
APP-202504-04-019,2025-04-22,0,Dune,5352.24,5412.26,0.22272,0.22021,0.14338,0.13619,53,1,2606.87,705,511,89,74,0.39688,973,4.21571,1
APP-202504-04-020,2025-04-02,0,Dune,5519.84,5636.97,0.20123,0.20659,0.24717,0.24628,64,2,2669.89,718,530,136,4,0.4224,73,4.46914,1
APP-202504-04-021,2025-04-09,0,Dune,5685.13,5744.99,0.23979,0.23807,0.51034,0.52079,75,3,2940.71,421,549,183,35,0.41307,170,4.39825,1
APP-202504-04-022,2025-04-16,0,Dune,5819.12,5932.72,0.22753,0.21918,0.25875,0.25107,86,4,2657.14,434,568,19,66,0.45482,267,4.44387,1
APP-202504-04-023,2025-04-23,0,Dune,5946.56,6006.6,0.27325,0.27679,0.14377,0.13619,97,0,2723.15,447,107,66,97,0.48636,364,4.13165,1
APP-202504-04-024,2025-04-03,1,Dune,6064.25,6135.65,0.52408,0.52011,0.68431,0.69556,108,3,2129.76,460,126,113,27,0.47668,461,3.02157,1
APP-202504-04-025,2025-04-10,0,Dune,5873.46,5940.9,0.27639,0.2752,0.22315,0.22369,119,2,2742.76,473,145,160,58,0.49119,558,4.21777,1
APP-202504-04-026,2025-04-17,0,Dune,6173.95,6213.58,0.32845,0.32958,0.49036,0.49902,130,3,2490.26,486,164,207,89,0.47148,655,4.20891,1
APP-202504-04-027,2025-04-24,0,Dune,6189.97,6264.58,0.33948,0.33613,0.30894,0.31418,141,4,3124.78,499,183,43,19,0.34721,752,3.99276,1
APP-202504-04-028,2025-04-04,0,Dune,6220.23,6280.29,0.38125,0.37797,0.51403,0.52307,152,0,2485.52,512,202,90,50,0.36502,849,3.85608,1
APP-202504-04-029,2025-04-11,0,Dune,6311.14,6398.71,0.36567,0.36558,0.28949,0.29006,163,1,2460.47,525,221,137,81,0.39181,946,3.99805,1
APP-202504-04-030,2025-04-18,0,Dune,3234.45,3252.79,0.35804,0.35542,0.12163,0.11483,174,2,1537.39,538,240,184,11,0.41278,46,2.05547,1
APP-202504-04-031,2025-04-25,0,Dune,3323.68,3416.59,0.40219,0.39012,0.37878,0.37564,185,3,1348.74,551,259,20,42,0.4337,143,1.89545,1
APP-202504-04-032,2025-04-05,0,Dune,3581.67,3645.53,0.45056,0.44893,0.38282,0.39251,16,4,1113.62,564,278,67,73,0.39595,240,1.9896,1
APP-202504-04-033,2025-04-12,0,Dune,3434.91,3473.89,0.48099,0.47329,0.31655,0.32231,27,0,1556.37,577,297,114,3,0.46514,337,1.72861,1
APP-202504-04-034,2025-04-19,1,Dune,3904.95,3918.85,0.64221,0.63523,0.61492,0.61093,38,3,1079.76,590,316,161,34,0.43206,434,1.5326,1
APP-202504-04-035,2025-04-26,0,Dune,3804.12,3864.72,0.14886,0.14935,0.24531,0.23205,49,2,1808.49,603,335,208,65,0.45999,531,3.08992,1
APP-202504-04-036,2025-04-06,0,Dune,3827.79,3891.37,0.17871,0.1798,0.25924,0.25988,60,3,1812.91,616,354,44,96,0.47108,628,3.2628,1
APP-202504-04-037,2025-04-13,0,Dune,4010.51,4073.33,0.19631,0.20193,0.07652,0.08936,71,4,2005.28,629,373,91,26,0.47122,725,3.11425,1
APP-202504-04-038,2025-04-20,0,Dune,4393.54,4459.12,0.24776,0.25221,0.27555,0.26892,82,0,2392.27,642,392,138,57,0.47469,822,3.29157,1
APP-202504-04-039,2025-04-27,0,Dune,4691.24,4704.85,0.23591,0.2403,0.30618,0.30635,93,1,2226.15,655,411,185,88,0.4935,919,3.63147,1
APP-202504-04-040,2025-04-07,0,Dune,4290.81,4279.62,0.26043,0.26069,0.18967,0.17657,104,2,2292.38,668,430,21,18,0.35291,19,3.08705,1
APP-202505-04-001,2025-05-04,0,Dune,3178.76,3215.3,0.14242,0.14706,0.15927,0.16535,35,3,1621.66,471,169,87,21,0.36866,225,2.60797,1
APP-202505-04-002,2025-05-11,0,Dune,3497.22,3577.33,0.16523,0.16586,0.09823,0.08671,46,4,1855.43,484,188,134,52,0.40342,322,2.94743,1
APP-202505-04-003,2025-05-18,0,Dune,3574.73,3626.79,0.23546,0.23675,0.30033,0.29986,57,0,1256.19,497,207,181,83,0.37239,419,2.78793,1
APP-202505-04-004,2025-05-25,0,Dune,3569.88,3633.59,0.23708,0.23707,0.3021,0.30632,68,1,1730.23,510,226,17,13,0.42556,516,2.67107,1
APP-202505-04-005,2025-05-05,0,Dune,3682.86,3739.92,0.225,0.22199,0.31234,0.31748,79,2,1655.57,523,245,64,44,0.4222,613,2.83988,1
APP-202505-04-006,2025-05-12,0,Dune,3894.14,3944.08,0.26862,0.26319,0.5149,0.5277,90,3,1815.16,536,264,111,75,0.44937,710,2.84223,1
APP-202505-04-007,2025-05-19,0,Dune,4168.96,4238.19,0.28936,0.29117,0.46867,0.47141,101,4,1922.57,549,283,158,5,0.46978,807,3.08343,1
APP-202505-04-008,2025-05-26,1,Dune,3966.71,4012.05,0.49582,0.48616,0.51686,0.52004,112,2,1362.27,562,302,205,36,0.45597,904,2.11364,1
APP-202505-04-009,2025-05-06,0,Dune,4092.25,4175.35,0.34034,0.33335,0.39749,0.37652,123,1,1679.38,575,321,41,67,0.45636,4,2.70446,1
APP-202505-04-010,2025-05-13,0,Dune,4392.22,4439.83,0.36281,0.362,0.37259,0.38272,134,2,2064.83,588,340,88,98,0.4651,101,2.58387,1
APP-202505-04-011,2025-05-20,0,Dune,4469.18,4561.94,0.359,0.36261,0.49118,0.49628,145,3,1931.33,601,359,135,28,0.48525,198,2.80326,1
APP-202505-04-012,2025-05-27,0,Dune,4673.18,4751.03,0.40316,0.39774,0.27819,0.27949,156,4,1649.63,614,378,182,59,0.50343,295,2.89462,1
APP-202505-04-013,2025-05-07,0,Dune,4586.73,4627.44,0.43824,0.43017,0.4882,0.49131,167,0,2023.31,627,397,18,90,0.53617,392,2.57673,1
APP-202505-04-014,2025-05-14,0,Dune,4588.68,4667.59,0.39319,0.39034,0.44176,0.45994,178,1,1477.15,640,416,65,20,0.39439,489,2.62568,1
APP-202505-04-015,2025-05-21,0,Dune,4944.01,4994.45,0.40731,0.4092,0.37856,0.37985,9,2,1792.36,653,435,112,51,0.35831,586,3.02882,1
APP-202505-04-016,2025-05-01,0,Dune,4996.4,5043.75,0.4832,0.48094,0.57795,0.59081,20,3,2040.54,666,454,159,82,0.39653,683,2.62674,1
APP-202505-04-017,2025-05-08,0,Dune,5216.31,5290.47,0.44459,0.44063,0.51035,0.50299,31,4,1942.73,679,473,206,12,0.42631,780,2.6871,1
APP-202505-04-018,2025-05-15,0,Dune,5315.18,5343.02,0.19936,0.20436,0.29606,0.29461,42,0,2462.66,692,492,42,43,0.41494,877,4.21482,1
APP-202505-04-019,2025-05-22,0,Dune,5345.59,5398.78,0.18444,0.18512,0.16364,0.14902,53,1,2249.84,705,511,89,74,0.44554,974,4.40587,1
APP-202505-04-020,2025-05-02,0,Dune,5535.07,5601.29,0.18717,0.17873,0.26941,0.27818,64,2,2849.27,718,530,136,4,0.45043,74,4.43466,1
APP-202505-04-021,2025-05-09,0,Dune,5672.45,5743.52,0.20421,0.20264,0.43176,0.42324,75,3,2512.11,421,549,183,35,0.48744,171,4.47904,1
APP-202505-04-022,2025-05-16,0,Dune,5700.05,5763.33,0.22694,0.22605,0.05,0.03859,86,4,2784.07,434,568,19,66,0.49534,268,4.39833,1
APP-202505-04-023,2025-05-23,0,Dune,6130.02,6193.57,0.23194,0.22689,0.32873,0.33431,97,0,2722.54,447,107,66,97,0.5025,365,4.67363,1
APP-202505-04-024,2025-05-03,0,Dune,5953.7,6081.46,0.29234,0.28444,0.20063,0.20275,108,1,2682.79,460,126,113,27,0.48958,462,4.39085,1
APP-202505-04-025,2025-05-10,0,Dune,6357.32,6429.7,0.33115,0.3233,0.31061,0.29814,119,2,3233.55,473,145,160,58,0.54096,559,4.26209,1
APP-202505-04-026,2025-05-17,0,Dune,6203.33,6295.6,0.36276,0.36012,0.32859,0.33164,130,3,2508.58,486,164,207,89,0.52541,656,3.94248,1
APP-202505-04-027,2025-05-24,0,Dune,6006.26,6077.03,0.33279,0.32811,0.28503,0.29663,141,4,2595.23,499,183,43,19,0.36561,753,4.06754,1
APP-202505-04-028,2025-05-04,0,Dune,6554.14,6639.46,0.3813,0.37814,0.44274,0.44307,152,0,2486.98,512,202,90,50,0.34288,850,4.14975,1
APP-202505-04-029,2025-05-11,0,Dune,6502.92,6611.46,0.39566,0.38717,0.22536,0.22997,163,1,2481.2,525,221,137,81,0.40779,947,3.89926,1
APP-202505-04-030,2025-05-18,0,Dune,3197.13,3232.9,0.39799,0.39999,0.42322,0.43598,174,2,1326.91,538,240,184,11,0.39903,47,1.91562,1
APP-202505-04-031,2025-05-25,0,Dune,3545.07,3561.95,0.42894,0.43006,0.36615,0.35531,185,3,1759.91,551,259,20,42,0.40653,144,2.11326,1
APP-202505-04-032,2025-05-05,0,Dune,3542.74,3585.86,0.44778,0.44319,0.41374,0.42458,16,4,1264.06,564,278,67,73,0.4221,241,1.97167,1
APP-202505-04-033,2025-05-12,0,Dune,3865.75,3941.56,0.48096,0.47496,0.55976,0.55374,27,0,1594.95,577,297,114,3,0.44459,338,1.89416,1
APP-202505-04-034,2025-05-19,0,Dune,3658.69,3640.78,0.44903,0.4484,0.48682,0.48778,38,1,1265.07,590,316,161,34,0.45662,435,1.99499,1
APP-202505-04-035,2025-05-26,0,Dune,3712.81,3755.98,0.203,0.20062,0.48063,0.49821,49,2,1806.01,603,335,208,65,0.42879,532,3.06606,1
APP-202505-04-036,2025-05-06,0,Dune,4032.24,4094.74,0.16952,0.16431,0.30029,0.30726,60,3,2096.1,616,354,44,96,0.50522,629,3.3617,1
APP-202505-04-037,2025-05-13,0,Dune,3976.29,4001.93,0.19566,0.19393,0.05,0.05683,71,4,1900.79,629,373,91,26,0.49466,726,3.29661,1
APP-202505-04-038,2025-05-20,0,Dune,4332.89,4407.97,0.25939,0.2601,0.27945,0.28835,82,0,1846.26,642,392,138,57,0.48793,823,3.26345,1
APP-202505-04-039,2025-05-27,0,Dune,4360.99,4434.41,0.18702,0.18705,0.44686,0.43541,93,1,2061.01,655,411,185,88,0.57202,920,3.63167,1
APP-202505-04-040,2025-05-07,0,Dune,4384.51,4450.27,0.26486,0.26155,0.18206,0.18986,104,2,1910.39,668,430,21,18,0.3722,20,3.1098,1
APP-202505-04-041,2025-05-14,0,Dune,4472.95,4547.09,0.29443,0.2922,0.32411,0.31424,115,3,2045.68,681,449,68,49,0.36923,117,3.23072,1
APP-202505-04-042,2025-05-21,0,Dune,4580.43,4627.49,0.29482,0.29657,0.54712,0.55191,126,4,1814.06,694,468,115,80,0.38065,214,3.28361,1
APP-202505-04-043,2025-05-01,0,Dune,4842.43,4914.08,0.33057,0.32491,0.24516,0.25235,137,0,1951.95,707,487,162,10,0.36565,311,3.22516,1
APP-202505-04-044,2025-05-08,1,Dune,4867.43,4909.08,0.57591,0.56849,0.56534,0.56077,148,3,1654.31,720,506,209,41,0.4448,408,2.13545,1
APP-202505-04-045,2025-05-15,0,Dune,5278.52,5345.04,0.37848,0.37975,0.31766,0.31305,159,2,2501.57,423,525,45,72,0.4262,505,3.24322,1
APP-202505-04-046,2025-05-22,0,Dune,5127.43,5197.34,0.36918,0.36523,0.39977,0.41517,170,3,2207.54,436,544,92,2,0.41158,602,3.33409,1
APP-202505-04-047,2025-05-02,0,Dune,5519.32,5569.04,0.36478,0.36401,0.28196,0.28121,181,4,2151.39,449,563,139,33,0.44973,699,3.51451,1
APP-202505-04-048,2025-05-09,0,Dune,5180.79,5236.58,0.41315,0.40697,0.40286,0.41598,12,0,2248.61,462,102,186,64,0.4691,796,2.98044,1
APP-202505-04-049,2025-05-16,0,Dune,5682.06,5730.32,0.42994,0.43213,0.34021,0.34785,23,1,2357.66,475,121,22,95,0.48584,893,3.34712,1
APP-202505-04-050,2025-05-23,0,Dune,5563.18,5682.48,0.42899,0.42707,0.30077,0.31159,34,2,2528.78,488,140,69,25,0.51245,990,3.20172,1
APP-202505-04-051,2025-05-03,0,Dune,5477.36,5571.0,0.44345,0.43594,0.24734,0.25772,45,3,2144.88,501,159,116,56,0.53072,90,3.04213,1
APP-202505-04-052,2025-05-10,0,Dune,5784.67,5899.67,0.1424,0.14212,0.20972,0.21138,56,4,2859.01,514,178,163,87,0.53465,187,4.96971,1
APP-202505-04-053,2025-05-17,0,Dune,5871.13,5943.32,0.16365,0.16226,0.12432,0.11662,67,0,2917.79,527,197,210,17,0.38686,284,4.91484,1
APP-202505-04-054,2025-05-24,0,Dune,6072.87,6178.76,0.17156,0.16388,0.17504,0.17601,78,1,2771.2,540,216,46,48,0.37386,381,5.00563,1
APP-202505-04-055,2025-05-04,0,Dune,6310.23,6420.83,0.22107,0.21729,0.46874,0.46869,89,2,2869.36,553,235,93,79,0.4165,478,4.95075,1
APP-202505-04-056,2025-05-11,0,Dune,6358.49,6426.52,0.28074,0.27343,0.34892,0.34079,100,3,2598.94,566,254,140,9,0.41994,575,4.5557,1
APP-202505-04-057,2025-05-18,0,Dune,6405.22,6472.37,0.22131,0.22193,0.12352,0.12483,111,4,2870.38,579,273,187,40,0.40527,672,4.97104,1
APP-202505-04-058,2025-05-25,0,Dune,6388.81,6478.83,0.27623,0.27321,0.33416,0.32755,122,0,2891.9,592,292,23,71,0.41878,769,4.6983,1
APP-202505-04-059,2025-05-05,0,Dune,3083.94,3104.27,0.31823,0.31602,0.20242,0.20024,133,1,1341.2,605,311,70,1,0.4368,866,2.18524,1
APP-202505-04-060,2025-05-12,0,Dune,3424.59,3484.38,0.38953,0.38368,0.22018,0.22645,144,2,1655.84,618,330,117,32,0.46433,963,2.15209,1
APP-202505-04-061,2025-05-19,0,Dune,3304.66,3336.91,0.37419,0.36531,0.22184,0.20851,155,3,1357.7,631,349,164,63,0.48685,63,2.12542,1
APP-202505-04-062,2025-05-26,0,Dune,3719.82,3757.12,0.32711,0.32687,0.61482,0.61456,166,4,1591.2,644,368,0,94,0.47015,160,2.68521,1
APP-202505-04-063,2025-05-06,0,Dune,3799.04,3851.05,0.36159,0.35293,0.65345,0.65523,177,0,1720.98,657,387,47,24,0.50151,257,2.54968,1
APP-202505-04-064,2025-05-13,0,Dune,3760.93,3821.86,0.34493,0.34353,0.36526,0.36112,8,1,1421.55,670,406,94,55,0.54901,354,2.32686,1
APP-202505-04-065,2025-05-20,0,Dune,3977.18,4061.58,0.41399,0.41202,0.32023,0.32057,19,2,1959.38,683,425,141,86,0.52589,451,2.18927,1
APP-202505-04-066,2025-05-27,0,Dune,4239.03,4252.68,0.44442,0.44159,0.31554,0.30963,30,3,1669.42,696,444,188,16,0.35726,548,2.42947,1
APP-202505-04-067,2025-05-07,0,Dune,4104.29,4149.59,0.47377,0.47058,0.47882,0.49045,41,4,1255.34,709,463,24,47,0.35579,645,2.17706,1
APP-202505-04-068,2025-05-14,0,Dune,4297.92,4343.69,0.46745,0.46661,0.45868,0.46637,52,0,1445.54,722,482,71,78,0.38346,742,2.39393,1
APP-202505-04-069,2025-05-21,0,Dune,4386.52,4435.22,0.18611,0.18126,0.22373,0.22101,63,1,2275.26,425,501,118,8,0.41833,839,3.61698,1
APP-202505-04-070,2025-05-01,0,Dune,4716.89,4763.81,0.20058,0.19312,0.32299,0.31771,74,2,2141.58,438,520,165,39,0.46778,936,3.81374,1
APP-202505-04-071,2025-05-08,0,Dune,4746.52,4807.22,0.17813,0.17711,0.05,0.04066,85,3,2250.96,451,539,1,70,0.45777,36,3.83973,1
APP-202505-04-072,2025-05-15,0,Dune,4871.28,4920.78,0.24491,0.24766,0.07176,0.07928,96,4,2028.83,464,558,48,0,0.46408,133,3.68999,1
APP-202505-04-073,2025-05-22,0,Dune,5003.06,5050.39,0.27326,0.27554,0.17242,0.17292,107,0,2541.15,477,577,95,31,0.44364,230,3.59232,1
APP-202505-04-074,2025-05-02,0,Dune,4985.08,5025.48,0.26534,0.2631,0.43602,0.41949,118,1,2119.31,490,116,142,62,0.48424,327,3.6491,1
APP-202505-04-075,2025-05-09,0,Dune,5244.88,5339.78,0.29095,0.28768,0.43298,0.44162,129,2,2267.23,503,135,189,93,0.48113,424,3.76793,1
APP-202505-04-076,2025-05-16,0,Dune,5331.06,5406.51,0.28489,0.28461,0.33413,0.33046,140,3,2287.58,516,154,25,23,0.50568,521,3.65391,1
APP-202505-04-077,2025-05-23,0,Dune,5426.06,5539.69,0.2822,0.28125,0.44405,0.44947,151,4,2530.29,529,173,72,54,0.48391,618,3.7931,1
APP-202505-04-078,2025-05-03,0,Dune,5446.34,5503.35,0.30508,0.30896,0.14968,0.15913,162,0,2152.0,542,192,119,85,0.4945,715,3.86537,1
APP-202505-04-079,2025-05-10,0,Dune,5811.18,5878.74,0.37475,0.37495,0.52836,0.53131,173,1,2210.91,555,211,166,15,0.38553,812,3.60349,1
APP-202505-04-080,2025-05-17,0,Dune,5990.55,6043.12,0.3694,0.368,0.29635,0.29166,184,2,2633.72,568,230,2,46,0.38796,909,3.70205,1
APP-202506-04-001,2025-06-04,1,Dune,,,-1111,,-999,-1,,,,,,87,21,0.39316,226,1.88855,1
APP-202506-04-002,2025-06-11,0,Dune,3417.11,3444.65,0.21958,0.21624,0.19584,0.18988,46,4,1668.92,,,134,52,0.39833,323,2.6314,1
APP-202506-04-003,2025-06-18,0,Dune,3518.21,3546.41,0.20419,0.20275,0.16716,0.16601,57,0,1666.57,,,181,83,0.38861,420,2.85692,1
APP-202506-04-004,2025-06-25,0,Dune,3663.3,3728.91,0.25099,0.25283,0.48877,0.47451,68,1,1686.75,,226,17,13,0.45339,517,2.8367,1
APP-202506-04-005,2025-06-05,0,Dune,3622.73,3666.29,0.2587,0.25252,0.20525,0.21233,79,2,-1,,245,64,44,0.47857,614,2.74549,1
APP-202506-04-006,2025-06-12,0,Dune,3930.29,4011.96,0.28481,0.28547,0.48138,0.47498,90,3,1706.19,,-1,111,75,0.49372,711,2.82074,1
APP-202506-04-007,2025-06-19,0,Dune,3914.5,3967.29,0.30747,0.30401,0.27184,0.27505,101,4,2287.16,,-1,158,5,0.47614,808,2.64249,1
APP-202506-04-008,2025-06-26,0,Dune,3771.01,3812.44,0.2848,0.27897,0.05,0.04079,112,0,1763.37,,-1,205,36,0.51135,905,2.71181,1
APP-202506-04-009,2025-06-06,0,Dune,4163.59,4270.69,0.31583,0.31057,0.30857,0.30852,123,1,-999,,321,41,67,0.45238,5,2.93903,1
APP-202506-04-010,2025-06-13,1,Dune,4263.32,4325.42,0.54744,0.54517,0.58191,0.59831,134,4,1515.28,,340,88,98,0.51983,102,1.89301,1
APP-202506-04-011,2025-06-20,0,Dune,4531.55,4543.37,0.35291,0.35393,0.51734,0.5226,-1,3,2118.1,,-999,135,28,0.5169,199,2.9655,1
APP-202506-04-012,2025-06-27,0,Dune,4437.51,4491.29,0.39746,0.38733,0.49212,0.49696,156,4,1540.55,,-999,182,59,0.53572,296,2.76933,1
APP-202506-04-013,2025-06-07,0,Dune,4674.0,4715.62,0.40793,0.40394,0.49451,0.50309,167,0,-1111,,-999,18,90,0.52298,393,2.76154,1
APP-202506-04-014,2025-06-14,0,Dune,4822.41,4916.8,0.42325,0.41582,0.25383,0.26365,178,1,2134.3,640,416,65,20,0.42023,490,2.86488,1
APP-202506-04-015,2025-06-21,0,Dune,4974.04,5011.47,0.41468,0.40722,0.29034,0.29896,9,2,2207.19,653,435,112,51,0.39921,587,3.01193,1
APP-202506-04-016,2025-06-01,0,Dune,4979.1,5065.8,0.4416,0.4396,0.28678,0.31335,20,3,2036.36,666,-1111,159,82,0.42102,684,2.72495,1
APP-202506-04-017,2025-06-08,0,Dune,5058.44,5125.29,,0.41205,0.50223,0.48793,31,4,,679,-1111,206,12,0.40753,781,2.96087,1
APP-202506-04-018,2025-06-15,0,Dune,5255.29,5321.52,0.16416,0.15939,0.17984,0.20248,42,0,2781.38,692,-1111,42,43,0.45199,878,4.2381,1
APP-202506-04-019,2025-06-22,1,Dune,5271.62,5354.33,0.37109,0.3743,0.53656,0.54482,53,3,2515.64,705,511,89,74,0.45468,975,3.35403,1
APP-202506-04-020,2025-06-02,0,Dune,5410.17,5451.73,0.21797,0.21072,0.54585,0.55802,64,2,2504.56,718,530,136,4,0.48479,75,4.24411,1
APP-202506-04-021,2025-06-09,0,Dune,-1,5825.87,0.2016,-1,0.36393,0.36077,-999,3,-1,-1,,183,35,0.48259,172,4.64477,1
APP-202506-04-022,2025-06-16,0,Dune,5685.73,5743.7,0.24061,0.23991,0.05,0.04585,86,4,2733.76,-1,,19,66,0.49744,269,4.60836,1
APP-202506-04-023,2025-06-23,0,Dune,5798.9,5860.52,0.28576,0.27893,0.26604,0.26828,97,0,2522.3,-1,,66,97,0.52838,366,4.22636,1
APP-202506-04-024,2025-06-03,0,Dune,6020.95,6102.83,0.29987,0.30072,0.24128,0.23723,108,1,3067.86,-1,126,113,27,0.51321,463,4.29331,1
APP-202506-04-025,2025-06-10,0,Dune,5909.36,5972.35,0.33024,0.33456,0.38005,0.38391,119,2,-999,-1,145,160,58,0.51967,560,4.01964,1
APP-202506-04-026,2025-06-17,0,Dune,6297.99,-1,0.29812,0.29827,0.27584,0.28781,130,3,3011.27,-1,-1,207,89,0.57267,657,4.25742,1
APP-202506-04-027,2025-06-24,0,Dune,6168.39,6272.18,0.37516,0.37071,0.43501,0.43065,141,4,3030.21,-1,-1,43,19,0.38974,754,3.83357,1
APP-202506-04-028,2025-06-04,1,Dune,6534.7,6589.64,0.57391,0.56318,0.64256,0.62855,152,2,2388.51,-1,-1,90,50,0.39908,851,2.79508,1
APP-202506-04-029,2025-06-11,0,Dune,6272.49,6375.06,0.36242,0.35432,0.13772,0.14712,163,1,-1111,-1,221,137,81,0.42392,948,4.03024,1
APP-202506-04-030,2025-06-18,0,Dune,3280.55,3327.69,0.39596,0.3912,0.34895,0.34528,174,2,723.93,-1,240,184,11,0.47353,48,2.0521,1
APP-202506-04-031,2025-06-25,0,Dune,3244.08,3234.54,0.43417,0.42543,0.51813,0.51736,-1111,3,1419.8,-1,-999,20,42,0.50836,145,1.81087,1
APP-202506-04-032,2025-06-05,0,Dune,3533.05,3594.94,0.44112,0.43743,0.66176,0.6738,16,4,1509.62,-1,-999,67,73,0.44137,242,2.04268,1
APP-202506-04-033,2025-06-12,0,Dune,3613.37,3658.46,-1,0.42936,0.54793,0.55432,27,0,,-1,-999,114,3,0.47874,339,2.16099,1
APP-202506-04-034,2025-06-19,0,Dune,3613.5,3639.59,0.43847,0.43928,0.32428,0.32427,38,1,1463.6,590,316,161,34,0.50839,436,2.10144,1
APP-202506-04-035,2025-06-26,0,Dune,3950.28,4018.07,0.14799,0.15651,0.44248,0.42903,49,2,1617.64,603,335,208,65,0.4709,533,3.31786,1
APP-202506-04-036,2025-06-06,0,Dune,3909.12,3949.45,0.18229,0.17571,0.22812,0.20776,60,3,1845.59,616,-1111,44,96,0.51126,630,3.07328,1
APP-202506-04-037,2025-06-13,1,Dune,3982.93,4015.58,0.41104,0.40151,0.17679,0.17856,71,6,-1,629,-1111,91,26,0.49183,727,2.26743,1
APP-202506-04-038,2025-06-20,0,Dune,4295.63,4302.75,0.2311,0.23149,0.23546,0.2453,82,0,1931.36,642,-1111,138,57,0.49164,824,3.42636,1
APP-202506-04-039,2025-06-27,0,Dune,4333.93,4369.78,0.26953,0.26977,0.27614,0.27403,93,1,2123.59,655,411,185,88,0.54828,921,3.06203,1
APP-202506-04-040,2025-06-07,0,Dune,4372.71,4400.46,0.29076,0.28663,0.31232,0.30805,104,2,2209.67,668,430,21,18,0.42127,21,3.13542,1
APP-202506-04-041,2025-06-14,0,Dune,-999,4595.48,0.2655,-999,-1111,0.3046,,3,-999,-999,,68,49,0.40246,118,3.36179,1
APP-202506-04-042,2025-06-21,0,Dune,4824.08,4863.58,0.34057,0.34159,0.27578,0.28428,126,4,2136.48,-999,,115,80,0.39438,215,3.22911,1
APP-202506-04-043,2025-06-01,0,Dune,4737.49,4782.31,0.30816,0.30001,0.17178,0.1689,137,0,1712.68,-999,,162,10,0.4112,312,3.34414,1
APP-202506-04-044,2025-06-08,0,Dune,4878.46,4928.75,0.37041,0.37071,0.52232,0.54322,148,1,1832.86,-999,506,209,41,0.43878,409,2.98326,1
APP-202506-04-045,2025-06-15,0,Dune,5120.23,5196.03,0.40164,0.40205,0.20459,0.19829,159,2,-1111,-999,525,45,72,0.44989,506,3.08903,1
APP-202506-04-046,2025-06-22,1,Dune,5022.0,5065.57,0.58065,0.57337,0.64769,0.64196,170,5,1818.04,-999,-1,92,2,0.47099,603,2.06715,1
APP-202506-04-047,2025-06-02,0,Dune,5201.39,5283.8,0.39659,0.39452,0.40926,0.41515,181,4,1943.65,-999,-1,139,33,0.50985,700,2.98938,1
APP-202506-04-048,2025-06-09,0,Dune,5496.59,5581.05,0.45019,0.44585,0.47544,0.48086,12,0,2287.78,-999,-1,186,64,0.49858,797,3.04237,1
APP-202506-04-049,2025-06-16,0,Dune,5280.89,5333.07,-999,0.43591,0.448,-999,23,1,,-999,121,22,95,0.51327,894,3.13995,1
APP-202506-04-050,2025-06-23,0,Dune,5717.09,5775.48,0.46367,0.45421,0.07786,0.09263,34,2,2604.78,-999,140,69,25,0.55223,991,3.18156,1
APP-202506-04-051,2025-06-03,0,Dune,5788.56,-999,0.47782,0.48602,0.26446,0.26182,-1,-1,2469.17,-999,-999,116,56,0.53785,91,3.03822,1
APP-202506-04-052,2025-06-10,0,Dune,5697.71,5795.12,0.1966,0.19278,0.05,0.0506,56,4,2817.76,-999,-999,163,87,0.57858,188,4.6067,1
APP-202506-04-053,2025-06-17,0,Dune,5988.51,6067.95,0.18,0.1731,0.09418,0.08852,67,0,-1,-999,-999,210,17,0.39613,285,4.99915,1
APP-202506-04-054,2025-06-24,0,Dune,6149.35,6213.76,0.16813,0.17052,0.05,0.04525,78,1,3308.03,540,216,46,48,0.39358,382,5.14481,1
APP-202506-04-055,2025-06-04,1,Dune,5950.64,6038.63,0.44477,0.44547,0.8145,0.82819,89,4,2615.95,553,235,93,79,0.44778,479,3.2438,1
APP-202506-04-056,2025-06-11,0,Dune,6270.2,6337.82,0.25781,0.25902,0.46889,0.47725,100,3,3168.15,566,-1111,140,9,0.44577,576,4.69372,1
APP-202506-04-057,2025-06-18,0,Dune,6167.74,6259.21,0.27301,0.27797,0.17729,0.17997,111,4,-999,579,-1111,187,40,0.41974,673,4.46555,1
APP-202506-04-058,2025-06-25,0,Dune,6499.7,6606.76,0.30024,0.30772,0.19664,0.18867,122,0,3049.22,592,-1111,23,71,0.47118,770,4.54035,1
APP-202506-04-059,2025-06-05,0,Dune,3290.06,3290.51,0.31121,0.31467,0.30225,0.30783,133,1,1463.01,605,311,70,1,0.49738,867,2.26215,1
APP-202506-04-060,2025-06-12,0,Dune,3204.15,3262.12,0.3264,0.32764,0.25244,0.25678,144,2,1590.16,618,330,117,32,0.43804,964,2.18115,1
APP-202506-04-061,2025-06-19,0,Dune,-1111,3779.35,0.31941,-1111,0.35803,0.36273,-999,3,-1111,-1111,,164,63,0.51278,64,2.45997,1
APP-202506-04-062,2025-06-26,0,Dune,3545.07,3610.53,0.32845,0.32342,0.37196,0.38107,166,4,1503.35,-1111,,0,94,0.53015,161,2.37225,1
APP-202506-04-063,2025-06-06,0,Dune,3869.11,3918.87,0.4197,0.41725,0.52299,0.54145,177,0,1655.52,-1111,,47,24,0.51731,258,2.27781,1
APP-202506-04-064,2025-06-13,1,Dune,3927.47,3991.87,0.55889,0.55717,0.27917,0.28357,8,3,1612.86,-1111,406,94,55,0.53424,355,1.58424,1
APP-202506-04-065,2025-06-20,0,Dune,3984.47,4021.73,-1111,0.44422,0.36696,0.37821,19,2,,-1111,425,141,86,0.53171,452,2.30978,1
APP-202506-04-066,2025-06-27,0,Dune,4108.14,4130.32,0.45327,0.44755,0.37121,0.38384,30,3,1294.98,-1111,-1,188,16,0.37575,549,2.10493,1
APP-202506-04-067,2025-06-07,0,Dune,4012.85,4045.97,0.4534,0.44411,0.43454,0.43003,41,4,1564.72,-1111,-1,24,47,0.40042,646,2.35804,1
APP-202506-04-068,2025-06-14,0,Dune,4269.39,4346.36,0.51911,0.52008,0.5528,0.56322,52,0,1434.7,-1111,-1,71,78,0.43127,743,2.02236,1
APP-202506-04-069,2025-06-21,0,Dune,4451.35,4512.53,0.20125,0.19528,0.45925,0.47568,63,1,-1,-1111,501,118,8,0.44378,840,3.6682,1
APP-202506-04-070,2025-06-01,0,Dune,4453.88,4491.17,0.21667,0.21598,0.37478,0.38711,74,2,2131.18,-1111,520,165,39,0.47378,937,3.53642,1
APP-202506-04-071,2025-06-08,0,Dune,4657.41,4721.58,0.2361,0.24001,0.13501,0.1297,-1111,3,2200.63,-1111,-999,1,70,0.47051,37,3.57566,1
APP-202506-04-072,2025-06-15,0,Dune,4925.48,4985.51,0.22322,0.224,0.20419,0.20045,96,4,2076.99,-1111,-999,48,0,0.46422,134,3.85965,1
APP-202506-04-073,2025-06-22,1,Dune,5031.33,5106.28,0.47775,0.48126,0.48075,0.48843,107,2,-999,-1111,-999,95,31,0.4754,231,2.63567,1
APP-202506-04-074,2025-06-02,0,Dune,5037.07,5120.23,0.25399,0.2521,0.45436,0.46172,118,1,2728.98,490,116,142,62,0.46919,328,3.88237,1
APP-202506-04-075,2025-06-09,0,Dune,4947.04,4993.72,0.27946,0.27845,0.37362,0.3857,129,2,2237.15,503,135,189,93,0.54407,425,3.41023,1
APP-202506-04-076,2025-06-16,0,Dune,5064.5,-1111,0.29094,0.28777,0.32462,0.33542,140,3,2364.3,516,-1111,25,23,0.53569,522,3.59798,1
APP-202506-04-077,2025-06-23,0,Dune,5577.37,5656.91,0.34207,0.33803,0.39178,0.41231,151,4,-1111,529,-1111,72,54,0.54551,619,3.61467,1
APP-202506-04-078,2025-06-03,0,Dune,5428.05,5468.97,0.32806,0.32607,0.18606,0.17741,162,0,2566.33,542,-1111,119,85,0.54452,716,3.53659,1
APP-202506-04-079,2025-06-10,0,Dune,5696.09,5723.65,0.40175,0.39763,0.15168,0.15779,173,1,2557.74,555,211,166,15,0.38863,813,3.4582,1
APP-202506-04-080,2025-06-17,0,Dune,5713.14,5734.52,0.45622,0.45129,0.44796,0.43743,184,2,2017.68,568,230,2,46,0.41715,910,3.31476,1
APP-202501-05-001,2025-01-05,0,Ember,,3431.22,,,,0.09164,,4,,,,116,28,0.28967,258,2.7117,1
APP-202501-05-002,2025-01-12,0,Ember,3628.28,3633.66,0.16647,0.16332,0.05,0.04854,55,0,1914.92,,,163,59,0.27636,355,3.04458,1
APP-202501-05-003,2025-01-19,0,Ember,3794.32,3843.53,0.1791,0.17843,0.20437,0.19264,66,1,1712.37,,,210,90,0.32738,452,3.0702,1
APP-202501-05-004,2025-01-26,1,Ember,3857.46,3860.59,0.45208,0.44675,0.33509,0.3401,77,4,1893.94,,249,46,20,0.32282,549,2.09708,1
APP-202501-05-005,2025-01-06,0,Ember,4066.33,4136.98,0.24626,0.23992,0.48132,0.48755,88,3,-1,,268,93,51,0.32775,646,3.13262,1
APP-202501-05-006,2025-01-13,0,Ember,4108.34,4159.2,0.25687,0.25663,0.53183,0.55852,99,4,1893.61,,-1,140,82,0.34349,743,3.06471,1
APP-202501-05-007,2025-01-20,0,Ember,4270.1,4309.05,0.32355,0.32026,0.46474,0.46716,110,0,2065.45,,-1,187,12,0.34232,840,2.85741,1
APP-202501-05-008,2025-01-27,0,Ember,4132.63,4184.3,0.28482,0.28556,0.08958,0.08178,121,1,1964.56,,-1,23,43,0.34933,937,2.99078,1
APP-202501-05-009,2025-01-07,0,Ember,4564.35,4601.88,0.34305,0.34537,0.33253,0.33039,132,2,-999,,344,70,74,0.35252,37,2.98396,1
APP-202501-05-010,2025-01-14,0,Ember,4438.82,4511.7,0.36735,0.36562,0.24594,0.2389,143,3,2003.86,,363,117,4,0.40957,134,2.75477,1
APP-202501-05-011,2025-01-21,0,Ember,4591.92,4671.33,0.32176,0.32271,0.58733,0.60087,-1,4,2269.84,,-999,164,35,0.39007,231,3.37195,1
APP-202501-05-012,2025-01-01,0,Ember,4798.57,4842.19,0.36095,0.35761,0.45026,0.46034,165,0,2098.7,,-999,0,66,0.3714,328,3.01097,1
APP-202501-05-013,2025-01-08,0,Ember,4883.76,4955.04,0.37427,0.3675,0.63019,0.64008,176,1,-1111,,-999,47,97,0.42127,425,2.95992,1
APP-202501-05-014,2025-01-15,0,Ember,4977.43,5021.4,0.39564,0.39284,0.61507,0.62184,187,2,2339.6,657,439,94,27,0.27195,522,2.99866,1
APP-202501-05-015,2025-01-22,1,Ember,5153.67,5245.57,0.64323,0.63088,0.66797,0.67952,18,5,1775.8,670,458,141,58,0.26727,619,1.77091,1
APP-202501-05-016,2025-01-02,0,Ember,5234.51,5282.74,0.421,0.40985,0.40907,0.42078,29,4,1914.26,683,-1111,188,89,0.31712,716,2.86791,1
APP-202501-05-017,2025-01-09,0,Ember,5512.65,5572.06,-1,0.49978,0.34854,-1111,40,0,,696,-1111,24,19,0.31969,813,2.88244,1
APP-202501-05-018,2025-01-16,0,Ember,5568.71,5647.17,0.2027,0.20228,0.16182,0.16375,51,1,2514.21,709,-1111,71,50,0.31657,910,4.47705,1
APP-202501-05-019,2025-01-23,0,Ember,5612.99,5719.79,0.17873,0.17582,0.31321,0.31769,62,2,2517.42,722,534,118,81,0.35407,10,4.64556,1
APP-202501-05-020,2025-01-03,0,Ember,5643.53,5730.24,0.18924,0.18492,0.38181,0.39111,73,3,2575.07,425,553,165,11,0.34672,107,4.65011,1
APP-202501-05-021,2025-01-10,0,Ember,-1,,0.21182,-1,0.35036,0.36065,-999,-999,-1,-1,,1,42,0.39132,204,4.69716,1
APP-202501-05-022,2025-01-17,0,Ember,5856.76,5919.92,0.24297,0.24072,0.1568,0.15434,95,0,2578.56,-1,,48,73,0.35407,301,4.39796,1
APP-202501-05-023,2025-01-24,0,Ember,5995.61,6066.54,0.23678,0.23653,0.0875,0.08406,106,1,2800.47,-1,,95,3,0.38677,398,4.4577,1
APP-202501-05-024,2025-01-04,0,Ember,6110.81,6174.71,0.30399,0.2961,0.34846,0.34343,117,2,2836.15,-1,149,142,34,0.38804,495,4.21022,1
APP-202501-05-025,2025-01-11,0,Ember,6239.42,6275.59,0.31304,0.30701,0.48269,0.48305,128,3,-999,-1,168,189,65,0.44908,592,4.36399,1
APP-202501-05-026,2025-01-18,1,Ember,6138.32,6212.15,0.55604,0.54656,0.63822,0.65187,139,6,2316.56,-1,-1,25,96,0.37905,689,2.6724,1
APP-202501-05-027,2025-01-25,0,Ember,6576.42,6678.24,0.36764,0.37041,0.38764,0.40289,150,0,2977.99,-1,-1,72,26,0.29344,786,4.12269,1
APP-202501-05-028,2025-01-05,0,Ember,6706.99,6830.69,0.33555,0.33605,0.31519,0.31495,161,1,2984.37,-1,-1,119,57,0.30797,883,4.50854,1
APP-202501-05-029,2025-01-12,0,Ember,6883.32,6993.55,0.35062,0.34375,0.19025,0.18523,172,2,-1111,-1,244,166,88,0.29242,980,4.34716,1
APP-202501-05-030,2025-01-19,0,Ember,3502.33,3543.07,0.3566,0.35781,0.24063,0.23365,183,3,1783.15,-1,263,2,18,0.2667,80,2.29048,1
APP-202501-05-031,2025-01-26,0,Ember,3470.59,3499.29,0.45303,0.44767,0.43334,0.44293,-1111,4,1282.41,-1,-999,49,49,0.35049,177,1.83249,1
APP-202501-05-032,2025-01-06,0,Ember,3454.44,3471.75,0.4231,0.41331,0.63503,0.63614,25,0,1577.03,-1,-999,96,80,0.35016,274,2.02889,1
APP-202501-05-033,2025-01-13,0,Ember,3851.3,3885.06,-999,0.43712,0.30997,0.3117,36,1,,-1,-999,143,10,0.35961,371,2.15142,1
APP-202501-05-034,2025-01-20,0,Ember,4035.34,4057.83,0.5085,0.51304,0.6291,0.627,47,2,1644.01,607,339,190,41,0.37111,468,1.87628,1
APP-202501-05-035,2025-01-27,0,Ember,4043.04,4129.87,0.20521,0.20227,0.31101,0.30552,58,3,2111.18,620,358,26,72,0.39672,565,3.20793,1
APP-202501-05-036,2025-01-07,0,Ember,4111.19,4145.28,0.22235,0.22446,0.05,0.04755,69,4,1987.67,633,-1111,73,2,0.37613,662,3.18788,1
APP-202501-05-037,2025-01-14,1,Ember,4301.58,4330.4,0.38974,0.3896,0.35246,0.36539,80,2,-1,646,-1111,120,33,0.38455,759,2.55201,1
APP-202501-05-038,2025-01-21,0,Ember,4204.96,4302.68,0.26882,0.27557,0.06954,0.07906,91,1,1991.21,659,-1111,167,64,0.43615,856,3.15713,1
APP-202501-05-039,2025-01-01,0,Ember,4240.43,4268.92,0.26937,0.26407,0.23196,0.246,102,2,2162.96,672,434,3,95,0.4315,953,3.25151,1
APP-202501-05-040,2025-01-08,0,Ember,4665.76,4760.29,0.28817,0.28456,0.07899,0.06406,113,3,2192.94,685,453,50,25,0.27898,53,3.44099,1
APP-202501-05-041,2025-01-15,0,Ember,-999,4781.06,0.27301,-999,-1,0.05321,,4,-999,-999,,97,56,0.29972,150,3.36202,1
APP-202501-05-042,2025-01-22,0,Ember,4960.08,5012.16,0.32797,0.32639,0.26953,0.26676,135,0,2160.41,-999,,144,87,0.29666,247,3.33569,1
APP-202501-05-043,2025-01-02,0,Ember,4865.68,4920.64,0.3447,0.3377,0.2705,0.26975,146,1,2202.71,-999,,191,17,0.29163,344,3.17899,1
APP-202501-05-044,2025-01-09,0,Ember,4939.94,5002.66,0.33784,0.34106,0.29062,0.31563,157,2,2081.08,-999,529,27,48,0.35895,441,3.14291,1
APP-202501-05-045,2025-01-16,0,Ember,5222.53,5272.15,0.36314,0.35462,0.41725,0.43352,168,3,-1111,-999,548,74,79,0.33157,538,3.36929,1
APP-202501-05-046,2025-01-23,0,Ember,5568.22,-1,0.37542,0.37768,0.20359,0.20507,179,4,2558.85,-999,-1,121,9,0.35246,635,3.31792,1
APP-202501-05-047,2025-01-03,0,Ember,5505.36,5546.87,0.38069,0.37931,0.65062,0.66369,10,0,2330.1,-999,-1,168,40,0.33631,732,3.30688,1
APP-202501-05-048,2025-01-10,1,Ember,5709.96,5784.58,0.57269,0.56234,0.43526,0.42975,21,3,2574.2,-999,-1,4,71,0.3713,829,2.42952,1
APP-202501-05-049,2025-01-17,0,Ember,5651.46,5713.17,-1111,0.43257,0.5012,0.5146,32,2,,-999,144,51,1,0.40916,926,3.23272,1
APP-202501-05-050,2025-01-24,0,Ember,5677.17,5738.67,0.44327,0.44087,0.28361,0.29152,43,3,1890.16,-999,163,98,32,0.3835,26,3.19513,1
APP-202501-05-051,2025-01-04,0,Ember,5771.05,5839.74,0.48209,0.48292,0.49888,0.50009,-1,4,2428.81,-999,-999,145,63,0.43132,123,3.09181,1
APP-202501-05-052,2025-01-11,0,Ember,6163.62,6227.11,0.16264,0.15794,0.34405,0.35006,65,0,3153.95,-999,-999,192,94,0.43746,220,5.11598,1
APP-202501-05-053,2025-01-18,0,Ember,6207.94,6234.46,0.20066,0.20377,0.28217,0.28438,76,1,-1,-999,-999,28,24,0.28616,317,4.85998,1
APP-202501-05-054,2025-01-25,0,Ember,6355.8,6431.83,0.24746,0.24631,0.36811,0.36982,87,2,2844.02,557,239,75,55,0.29447,414,4.88362,1
APP-202501-05-055,2025-01-05,0,Ember,6279.74,6357.93,0.22059,0.21745,0.536,0.53125,98,3,3005.27,570,258,122,86,0.30745,511,4.97506,1
APP-202501-05-056,2025-01-12,0,Ember,6569.98,6615.65,0.2509,0.2427,0.55032,0.54288,109,4,3364.98,583,-1111,169,16,0.28697,608,4.85824,1
APP-202501-05-057,2025-01-19,0,Ember,6778.62,6847.39,0.30599,0.30571,0.0918,0.09728,120,0,-999,596,-1111,5,47,0.33181,705,4.68427,1
APP-202501-05-058,2025-01-26,0,Ember,6609.87,6713.21,0.27463,0.26795,0.17435,0.17992,131,1,2709.15,609,-1111,52,78,0.36577,802,4.74926,1
APP-202501-05-059,2025-01-06,1,Ember,3467.42,3493.7,0.53497,0.53169,0.42478,0.42898,142,4,1537.13,622,334,99,8,0.33219,899,1.6178,1
APP-202501-05-060,2025-01-13,0,Ember,3512.4,3575.27,0.32262,0.31259,0.55482,0.5598,153,3,1452.15,635,353,146,39,0.38002,996,2.40679,1
APP-202501-05-061,2025-01-20,0,Ember,-1111,3724.85,0.3275,-1111,0.17429,0.17512,-999,4,-1111,-1111,,193,70,0.40589,96,2.42332,1
APP-202501-05-062,2025-01-27,0,Ember,3700.66,3692.49,0.35618,0.35834,0.41595,0.41386,175,0,1619.36,-1111,,29,0,0.39438,193,2.44686,1
APP-202501-05-063,2025-01-07,0,Ember,4021.92,4096.2,0.37577,0.37305,0.58914,0.58886,186,1,1631.41,-1111,,76,31,0.40025,290,2.58255,1
APP-202501-05-064,2025-01-14,0,Ember,3971.78,4016.76,0.39847,0.39405,0.12692,0.10745,17,2,1720.38,-1111,429,123,62,0.41242,387,2.2494,1
APP-202501-05-065,2025-01-21,0,Ember,4195.56,4251.02,,0.45933,0.38483,,28,3,,-1111,448,170,93,0.4055,484,2.35625,1
APP-202501-05-066,2025-01-01,0,Ember,4257.69,4310.96,0.40181,0.39828,0.37251,0.36384,39,4,1728.71,-1111,-1,6,23,0.29061,581,2.65018,1
APP-202501-05-067,2025-01-08,0,Ember,4443.59,4482.08,0.40793,0.40428,0.19136,0.18888,50,0,1711.91,-1111,-1,53,54,0.28213,678,2.72432,1
APP-202501-05-068,2025-01-15,0,Ember,4557.18,4614.08,0.50254,0.49563,0.63185,0.62141,61,1,1958.77,-1111,-1,100,85,0.28817,775,2.27653,1
APP-202501-05-069,2025-01-22,0,Ember,4596.86,4650.53,0.16387,0.16038,0.25866,0.25066,72,2,-1,-1111,524,147,15,0.30022,872,3.80406,1
APP-202501-05-070,2025-01-02,1,Ember,4557.4,4616.99,0.41056,0.41221,0.62717,0.63376,83,5,1845.1,-1111,543,194,46,0.32973,969,2.74441,1
APP-202501-05-071,2025-01-09,0,Ember,4789.92,-999,0.20505,0.20373,0.17575,0.16778,-1111,-1111,2215.64,-1111,-999,30,77,0.36434,69,3.75151,1
APP-202501-05-072,2025-01-16,0,Ember,5037.14,5105.65,0.2135,0.21498,0.12368,0.12877,105,0,2655.86,-1111,-999,77,7,0.30691,166,3.93608,1
APP-202501-05-073,2025-01-23,0,Ember,5051.91,5098.62,0.29491,0.29804,0.1973,0.19098,116,1,-999,-1111,-999,124,38,0.37816,263,3.55383,1
APP-202501-05-074,2025-01-03,0,Ember,5338.22,5422.11,0.27173,0.2711,0.22242,0.22935,127,2,2858.74,507,139,171,69,0.37925,360,3.88363,1
APP-202501-05-075,2025-01-10,0,Ember,5489.24,5584.49,0.30099,0.29549,0.20555,0.20504,138,3,2706.41,520,158,7,100,0.39816,457,3.91493,1
APP-202501-05-076,2025-01-17,0,Ember,5364.02,5411.53,0.29895,0.29401,0.37838,0.37549,149,4,2391.83,533,-1111,54,30,0.39627,554,3.82702,1
APP-202501-05-077,2025-01-24,0,Ember,5371.64,5457.98,0.33969,0.33932,0.38992,0.39234,160,0,-1111,546,-1111,101,61,0.41212,651,3.52108,1
APP-202501-05-078,2025-01-04,0,Ember,5633.39,5715.11,0.34206,0.33846,0.34616,0.33986,171,1,2652.59,559,-1111,148,92,0.43764,748,3.77013,1
APP-202501-05-079,2025-01-11,0,Ember,5906.47,5956.39,0.36948,0.36943,0.34804,0.35199,182,2,2594.45,572,234,195,22,0.27298,845,3.84305,1
APP-202501-05-080,2025-01-18,0,Ember,6114.02,6184.18,0.38015,0.37931,0.29672,0.29415,13,3,2498.27,585,253,31,53,0.27795,942,3.88028,1
APP-202502-05-001,2025-02-05,0,Ember,,3683.51,-1,,-999,0.04963,,4,,,,116,28,0.276,259,2.89854,1
APP-202502-05-002,2025-02-12,0,Ember,3543.09,3603.08,0.17592,0.16812,0.08007,0.08336,55,0,1876.77,,,163,59,0.30889,356,2.99496,1
APP-202502-05-003,2025-02-19,0,Ember,3491.46,3550.49,0.20864,0.19781,0.14037,0.15274,66,1,1730.83,,,210,90,0.30835,453,2.71774,1
APP-202502-05-004,2025-02-26,0,Ember,3853.6,3872.01,0.20672,0.20346,0.05,0.0487,77,2,1652.18,,249,46,20,0.31133,550,3.0503,1
APP-202502-05-005,2025-02-06,0,Ember,3991.77,4029.12,0.24419,0.24128,0.28632,0.29263,88,3,-1,,268,93,51,0.31469,647,3.06669,1
APP-202502-05-006,2025-02-13,0,Ember,4151.66,4222.49,0.23754,0.23747,0.27062,0.2744,99,4,1897.95,,-1,140,82,0.37289,744,3.02244,1
APP-202502-05-007,2025-02-20,1,Ember,3943.04,4004.92,0.52009,0.51893,0.57782,0.57226,110,2,1310.38,,-1,187,12,0.34933,841,1.7884,1
APP-202502-05-008,2025-02-27,0,Ember,4197.19,4225.14,0.32772,0.3253,0.3215,0.31513,121,1,2302.23,,-1,23,43,0.37326,938,2.84632,1
APP-202502-05-009,2025-02-07,0,Ember,4196.79,4260.18,0.32936,0.32742,0.20684,0.21563,132,2,-999,,344,70,74,0.40004,38,2.85626,1
APP-202502-05-010,2025-02-14,0,Ember,4453.45,4529.87,0.36331,0.35592,0.37123,0.37049,143,3,1933.57,,363,117,4,0.43268,135,2.86257,1
APP-202502-05-011,2025-02-21,0,Ember,4674.84,4747.2,0.37886,0.37421,0.35771,0.37028,-1,4,2330.23,,-999,164,35,0.41239,232,2.93694,1
APP-202502-05-012,2025-02-01,0,Ember,4796.91,4893.33,0.39447,0.38692,0.41276,0.41329,165,0,2009.93,,-999,0,66,0.44601,329,3.06539,1
APP-202502-05-013,2025-02-08,0,Ember,4717.48,4801.52,0.4171,0.41309,0.40608,0.40113,176,1,-1111,,-999,47,97,0.4417,426,2.74186,1
APP-202502-05-014,2025-02-15,0,Ember,4690.66,4719.42,0.46583,0.46755,0.49759,0.52403,187,2,1690.79,657,439,94,27,0.31808,523,2.50191,1
APP-202502-05-015,2025-02-22,0,Ember,5147.79,5251.91,0.4707,0.46395,0.37741,0.36893,18,3,2155.33,670,458,141,58,0.33132,620,2.73931,1
APP-202502-05-016,2025-02-02,1,Ember,5169.92,-1111,0.66178,0.65864,0.45506,0.43766,29,6,2033.03,683,-1111,188,89,0.3262,717,1.78335,1
APP-202502-05-017,2025-02-09,0,Ember,5444.77,5526.82,-999,0.44034,0.26128,0.28159,40,0,,696,-1111,24,19,0.35769,814,3.01571,1
APP-202502-05-018,2025-02-16,0,Ember,5333.25,5377.65,0.20828,0.21287,0.10739,0.1105,51,1,2783.48,709,-1111,71,50,0.32726,911,4.19911,1
APP-202502-05-019,2025-02-23,0,Ember,5558.41,5581.1,0.17311,0.17495,0.16308,0.15836,62,2,2773.97,722,534,118,81,0.4226,11,4.65638,1
APP-202502-05-020,2025-02-03,0,Ember,5589.9,5675.53,0.13785,0.1348,0.39164,0.39152,73,3,3111.96,425,553,165,11,0.35211,108,4.74112,1
APP-202502-05-021,2025-02-10,0,Ember,-1,5962.78,0.25312,-1,0.26376,0.25793,-999,4,-1,-1,,1,42,0.37553,205,4.29967,1
APP-202502-05-022,2025-02-17,0,Ember,5846.51,5901.91,0.28003,0.28354,0.2562,0.26064,95,0,2648.53,-1,,48,73,0.37994,302,4.15609,1
APP-202502-05-023,2025-02-24,0,Ember,5902.83,5953.0,0.28482,0.28075,0.2131,0.20342,106,1,2660.45,-1,,95,3,0.41249,399,4.19996,1
APP-202502-05-024,2025-02-04,0,Ember,6067.78,6120.99,0.28187,0.27951,0.14559,0.16058,117,2,2776.17,-1,149,142,34,0.44104,496,4.46845,1
APP-202502-05-025,2025-02-11,1,Ember,6300.16,6366.81,0.52222,0.51477,0.5475,0.54859,128,5,-999,-1,168,189,65,0.44764,593,2.9392,1
APP-202502-05-026,2025-02-18,0,Ember,6477.9,6557.14,0.35781,0.35436,0.05,0.04706,139,4,2789.97,-1,-1,25,96,0.41632,690,4.12023,1
APP-202502-05-027,2025-02-25,0,Ember,6418.02,6469.78,0.28577,0.28554,0.43465,0.43484,150,0,2955.32,-1,-1,72,26,0.30373,787,4.64849,1
APP-202502-05-028,2025-02-05,0,Ember,6564.04,6653.85,0.35642,0.35872,0.27257,0.28836,161,1,2628.44,-1,-1,119,57,0.29173,884,4.11294,1
APP-202502-05-029,2025-02-12,0,Ember,6494.54,6578.74,0.37526,0.37401,0.25156,0.26342,172,2,-1111,-1,244,166,88,0.31684,981,4.0858,1
APP-202502-05-030,2025-02-19,0,Ember,3353.67,3395.45,0.39266,0.38702,0.22434,0.22773,183,3,1633.62,-1,263,2,18,0.3179,81,2.13505,1
APP-202502-05-031,2025-02-26,0,Ember,3485.23,3516.56,0.46647,0.4627,0.3314,0.32874,-1111,4,1424.46,-1,-999,49,49,0.30494,178,1.94438,1
APP-202502-05-032,2025-02-06,0,Ember,3840.52,3891.48,0.42071,0.41639,0.46071,0.46202,25,0,1463.59,-1,-999,96,80,0.35733,275,2.20371,1
APP-202502-05-033,2025-02-13,0,Ember,3781.28,3860.05,-1111,0.44598,0.45598,-1,36,1,,-1,-999,143,10,0.37505,372,2.04946,1
APP-202502-05-034,2025-02-20,1,Ember,3953.34,3974.84,0.66976,0.66795,0.82264,0.82083,47,4,1215.84,607,339,190,41,0.37175,469,1.24075,1
APP-202502-05-035,2025-02-27,0,Ember,4196.99,4262.6,0.17558,0.17306,0.51045,0.50704,58,3,2181.28,620,358,26,72,0.40673,566,3.48535,1
APP-202502-05-036,2025-02-07,0,Ember,4214.22,4269.41,0.17561,0.17089,0.17498,0.17036,69,4,2217.52,633,-1111,73,2,0.40054,663,3.52004,1
APP-202502-05-037,2025-02-14,0,Ember,4173.86,4237.66,0.16003,0.15597,0.26454,0.25542,80,0,-1,646,-1111,120,33,0.43152,760,3.55354,1
APP-202502-05-038,2025-02-21,0,Ember,4638.76,4661.79,0.20679,0.20578,0.10465,0.11348,91,1,2400.61,659,-1111,167,64,0.45825,857,3.69156,1
APP-202502-05-039,2025-02-01,0,Ember,4539.29,4584.03,0.23878,0.24015,0.36398,0.37432,102,2,2173.58,672,434,3,95,0.41944,954,3.53088,1
APP-202502-05-040,2025-02-08,0,Ember,4565.47,4649.81,0.28078,0.28223,0.35086,0.35612,113,3,2035.34,685,453,50,25,0.31071,54,3.29836,1
APP-202502-05-041,2025-02-15,0,Ember,-999,,0.26972,-999,-1111,0.54643,,,-999,-999,,97,56,0.29718,151,3.56833,1
APP-202502-05-042,2025-02-22,0,Ember,5060.57,5123.62,0.29428,0.28114,0.46071,0.47112,135,0,2580.59,-999,,144,87,0.31163,248,3.52523,1
APP-202502-05-043,2025-02-02,1,Ember,4879.19,4920.26,0.50603,0.49908,0.46618,0.47875,146,3,2252.82,-999,,191,17,0.32076,345,2.56994,1
APP-202502-05-044,2025-02-09,0,Ember,5027.31,5120.58,0.33535,0.33253,0.05297,0.05658,157,2,2479.73,-999,529,27,48,0.35615,442,3.27075,1
APP-202502-05-045,2025-02-16,0,Ember,5263.08,5338.45,0.35496,0.35384,0.25641,0.25549,168,3,-1111,-999,548,74,79,0.3739,539,3.45961,1
APP-202502-05-046,2025-02-23,0,Ember,5161.72,5233.05,0.403,0.39873,0.49064,0.5085,179,4,2131.03,-999,-1,121,9,0.41596,636,3.14761,1
APP-202502-05-047,2025-02-03,0,Ember,5222.81,5279.24,0.4078,0.40423,0.428,0.42557,10,0,2258.48,-999,-1,168,40,0.38975,733,3.07148,1
APP-202502-05-048,2025-02-10,0,Ember,5521.8,5605.39,0.41625,0.41536,0.6293,0.639,21,1,2135.74,-999,-1,4,71,0.39983,830,3.23687,1
APP-202502-05-049,2025-02-17,0,Ember,5665.66,5704.56,,0.4032,0.26862,0.27389,32,2,,-999,144,51,1,0.39077,927,3.29093,1
APP-202502-05-050,2025-02-24,0,Ember,5685.93,5767.12,0.43291,0.42047,0.21119,0.22851,43,3,2583.91,-999,163,98,32,0.4237,27,3.21074,1
APP-202502-05-051,2025-02-04,0,Ember,5848.83,5903.8,0.48384,0.46841,0.5223,0.51953,-1,4,2406.55,-999,-999,145,63,0.44462,124,3.00188,1
APP-202502-05-052,2025-02-11,1,Ember,5735.74,5833.53,0.36575,0.36261,0.40738,0.40769,65,2,2546.94,-999,-999,192,94,0.41091,221,3.61206,1
APP-202502-05-053,2025-02-18,0,Ember,6185.61,6251.52,0.18363,0.18468,0.15925,0.15434,76,1,-1,-999,-999,28,24,0.31642,318,4.98146,1
APP-202502-05-054,2025-02-25,0,Ember,6462.1,6519.41,0.20872,0.20475,0.36694,0.36724,87,2,3200.84,557,239,75,55,0.29227,415,5.15061,1
APP-202502-05-055,2025-02-05,0,Ember,6352.66,6394.2,0.22808,0.22412,0.23798,0.23669,98,3,2788.72,570,258,122,86,0.33271,512,4.80058,1
APP-202502-05-056,2025-02-12,0,Ember,6358.69,6482.47,0.24301,0.23681,0.3583,0.35444,109,4,2515.04,583,-1111,169,16,0.34636,609,4.89354,1
APP-202502-05-057,2025-02-19,0,Ember,6531.94,6633.4,0.28693,0.28274,0.20147,0.19473,120,0,-999,596,-1111,5,47,0.36922,706,4.56102,1
APP-202502-05-058,2025-02-26,0,Ember,6763.36,6903.76,0.29211,0.2902,0.27917,0.26091,131,1,3061.25,609,-1111,52,78,0.33223,803,4.78145,1
APP-202502-05-059,2025-02-06,0,Ember,3385.85,3432.06,0.29144,0.29042,0.14016,0.14132,142,2,1228.79,622,334,99,8,0.37691,900,2.35359,1
APP-202502-05-060,2025-02-13,0,Ember,3575.75,3614.64,0.29192,0.29759,0.24574,0.23206,153,3,1972.49,635,353,146,39,0.39628,0,2.56472,1
APP-202502-05-061,2025-02-20,1,Ember,-1111,3888.13,0.58187,-1111,0.59331,0.59293,-999,6,-1111,-1111,,193,70,0.40854,97,1.48647,1
APP-202502-05-062,2025-02-27,0,Ember,3821.42,3837.74,0.3265,0.33027,0.43503,0.43632,175,0,1853.62,-1111,,29,0,0.37864,194,2.6485,1
APP-202502-05-063,2025-02-07,0,Ember,4069.28,4130.64,0.39806,0.38856,0.50079,0.51085,186,1,1165.85,-1111,,76,31,0.41524,291,2.50983,1
APP-202502-05-064,2025-02-14,0,Ember,3834.05,3851.21,0.38731,0.38143,0.07763,0.08835,17,2,1206.04,-1111,429,123,62,0.46263,388,2.25817,1
APP-202502-05-065,2025-02-21,0,Ember,4152.12,4256.44,-1,0.40549,0.53865,0.54496,28,3,,-1111,448,170,93,0.41104,485,2.5589,1
APP-202502-05-066,2025-02-01,0,Ember,4326.86,-1,0.39234,0.38409,0.18959,0.18994,39,4,1964.28,-1111,-1,6,23,0.29187,582,2.54079,1
APP-202502-05-067,2025-02-08,0,Ember,4450.89,4496.34,0.4804,0.47663,0.10189,0.108,50,0,1641.52,-1111,-1,53,54,0.29596,679,2.3161,1
APP-202502-05-068,2025-02-15,0,Ember,4459.13,4495.76,0.45139,0.44851,0.53598,0.53305,61,1,1391.79,-1111,-1,100,85,0.30702,776,2.58763,1
APP-202502-05-069,2025-02-22,0,Ember,4656.47,4747.18,0.18026,0.17958,0.38483,0.37993,72,2,-1,-1111,524,147,15,0.33827,873,3.77711,1
APP-202502-05-070,2025-02-02,1,Ember,4832.79,4922.91,0.40788,0.40296,0.48322,0.5044,83,5,1910.61,-1111,543,194,46,0.36382,970,2.83221,1
APP-202502-05-071,2025-02-09,0,Ember,4895.86,4978.6,0.26789,0.26279,0.32756,0.33365,-1111,4,1890.26,-1111,-999,30,77,0.38364,70,3.67824,1
APP-202502-05-072,2025-02-16,0,Ember,4866.84,4921.25,0.21339,0.21084,0.1476,0.14017,105,0,2126.24,-1111,-999,77,7,0.37262,167,3.85145,1
APP-202502-05-073,2025-02-23,0,Ember,4834.27,4893.3,0.29586,0.29719,0.2917,0.29062,116,1,-999,-1111,-999,124,38,0.41438,264,3.39912,1
APP-202502-05-074,2025-02-03,0,Ember,5303.17,5316.0,0.29859,0.29393,0.31974,0.33166,127,2,2402.75,507,139,171,69,0.40714,361,3.74985,1
APP-202502-05-075,2025-02-10,0,Ember,5365.77,5420.44,0.27094,0.27126,0.35226,0.34392,138,3,2560.44,520,158,7,100,0.39914,458,4.00854,1
APP-202502-05-076,2025-02-17,0,Ember,5435.54,5525.92,0.35216,0.35075,0.40325,0.42003,149,4,2098.97,533,-1111,54,30,0.43899,555,3.58097,1
APP-202502-05-077,2025-02-24,0,Ember,5416.67,5459.58,0.30984,0.30294,0.45797,0.47027,160,0,-1111,546,-1111,101,61,0.42541,652,3.8798,1
APP-202502-05-078,2025-02-04,0,Ember,5754.46,5841.3,0.30116,0.29751,0.23741,0.25172,171,1,2721.76,559,-1111,148,92,0.43047,749,4.08781,1
APP-202502-05-079,2025-02-11,1,Ember,5800.4,5872.9,0.5671,0.56515,0.6818,0.67754,182,4,2107.54,572,234,195,22,0.28729,846,2.55515,1
APP-202502-05-080,2025-02-18,0,Ember,5724.88,5773.41,0.38742,0.38177,0.26507,0.26831,13,3,2368.37,585,253,31,53,0.30132,943,3.45442,1
APP-202503-05-001,2025-03-05,0,Ember,,3462.32,-999,,,-999,,4,,,,116,28,0.33245,260,2.84188,1
APP-202503-05-002,2025-03-12,0,Ember,3601.99,3612.18,0.14786,0.14714,0.23994,0.25295,55,0,1926.69,,,163,59,0.33492,357,3.07358,1
APP-202503-05-003,2025-03-19,0,Ember,3649.95,3683.03,0.23326,0.23223,0.12343,0.11093,66,1,1966.03,,,210,90,0.3412,454,2.60134,1
APP-202503-05-004,2025-03-26,0,Ember,3771.6,3842.3,0.21144,0.20783,0.05,0.05622,77,2,2156.45,,249,46,20,0.36483,551,2.82743,1
APP-202503-05-005,2025-03-06,1,Ember,3894.12,3959.88,0.43585,0.42531,0.52359,0.53712,88,5,-1,,268,93,51,0.36777,648,2.29881,1
APP-202503-05-006,2025-03-13,0,Ember,4022.88,4075.15,0.28016,0.27961,0.40695,0.40742,99,4,1888.13,,-1,140,82,0.39352,745,2.99252,1
APP-202503-05-007,2025-03-20,0,Ember,4019.39,4071.94,0.25728,0.25345,0.33107,0.34601,110,0,2146.7,,-1,187,12,0.37591,842,3.03979,1
APP-202503-05-008,2025-03-27,0,Ember,4082.2,4138.2,0.30274,0.29073,0.21275,0.21011,121,1,2038.72,,-1,23,43,0.38233,939,2.84596,1
APP-202503-05-009,2025-03-07,0,Ember,4280.51,4331.17,0.30272,0.3018,0.2123,0.21609,132,2,-999,,344,70,74,0.41934,39,2.96825,1
APP-202503-05-010,2025-03-14,0,Ember,4495.07,4556.75,0.35913,0.3581,0.39813,0.38716,143,3,1971.41,,363,117,4,0.45044,136,2.92949,1
APP-202503-05-011,2025-03-21,0,Ember,4687.5,-999,0.36564,0.36862,0.2859,0.29339,-1,-1,2088.54,,-999,164,35,0.42607,233,2.88988,1
APP-202503-05-012,2025-03-01,0,Ember,4770.0,4837.99,0.37153,0.36766,0.456,0.46115,165,0,2077.09,,-999,0,66,0.47803,330,3.06054,1
APP-202503-05-013,2025-03-08,0,Ember,4841.44,4898.66,0.41708,0.41389,0.31585,0.30682,176,1,-1111,,-999,47,97,0.45134,427,2.78121,1
APP-202503-05-014,2025-03-15,0,Ember,4864.99,4947.06,0.42472,0.4244,0.56724,0.57039,187,2,1845.01,657,439,94,27,0.29531,524,2.80467,1
APP-202503-05-015,2025-03-22,1,Ember,5089.14,5214.07,0.68742,0.68008,0.70236,0.70745,18,5,1608.11,670,458,141,58,0.36981,621,1.58732,1
APP-202503-05-016,2025-03-02,0,Ember,5229.25,5299.25,0.48086,0.47512,0.28961,0.29605,29,4,1903.32,683,-1111,188,89,0.34286,718,2.79509,1
APP-202503-05-017,2025-03-09,0,Ember,5266.05,5329.05,-1111,0.46235,0.56992,0.5634,40,0,,696,-1111,24,19,0.38395,815,2.87439,1
APP-202503-05-018,2025-03-16,0,Ember,5514.7,5601.02,0.1768,0.17725,0.09955,0.09604,51,1,2810.61,709,-1111,71,50,0.3602,912,4.70421,1
APP-202503-05-019,2025-03-23,0,Ember,5625.19,5668.38,0.23085,0.22672,0.48831,0.48917,62,2,2702.37,722,534,118,81,0.37286,12,4.3633,1
APP-202503-05-020,2025-03-03,0,Ember,5769.75,5819.4,0.19365,0.19658,0.28857,0.29616,73,3,2573.36,425,553,165,11,0.37811,109,4.61246,1
APP-202503-05-021,2025-03-10,0,Ember,-1,5883.6,0.27004,-1,0.43031,0.44094,-999,4,-1,-1,,1,42,0.44861,206,4.2562,1
APP-202503-05-022,2025-03-17,0,Ember,5929.39,5998.19,0.29181,0.29015,0.13921,0.12605,95,0,2641.42,-1,,48,73,0.38398,303,4.16844,1
APP-202503-05-023,2025-03-24,0,Ember,6000.96,6071.57,0.24199,0.24836,0.26119,0.25704,106,1,2542.05,-1,,95,3,0.44583,400,4.71105,1
APP-202503-05-024,2025-03-04,0,Ember,6024.98,6094.71,0.31583,0.31665,0.34272,0.36011,117,2,2767.37,-1,149,142,34,0.44084,497,4.15584,1
APP-202503-05-025,2025-03-11,1,Ember,6153.18,6227.59,0.53361,0.5243,0.71685,0.71252,128,5,-999,-1,168,189,65,0.43902,594,2.82035,1
APP-202503-05-026,2025-03-18,0,Ember,6374.3,6494.46,0.30581,0.29988,0.33014,0.32063,139,4,2826.57,-1,-1,25,96,0.48279,691,4.49032,1
APP-202503-05-027,2025-03-25,0,Ember,6386.09,6457.93,0.36106,0.35369,0.24164,0.23719,150,0,2632.93,-1,-1,72,26,0.32847,788,4.0323,1
APP-202503-05-028,2025-03-05,0,Ember,6674.08,6776.8,0.33348,0.32964,0.4814,0.48561,161,1,2877.86,-1,-1,119,57,0.35301,885,4.35459,1
APP-202503-05-029,2025-03-12,0,Ember,6872.48,6972.74,0.37599,0.37314,0.18154,0.17308,172,2,-1111,-1,244,166,88,0.36088,982,4.25253,1
APP-202503-05-030,2025-03-19,0,Ember,3388.25,3439.29,0.38149,0.38203,0.282,0.29026,183,3,1224.17,-1,263,2,18,0.35829,82,2.13758,1
APP-202503-05-031,2025-03-26,0,Ember,3435.91,3515.62,0.44546,0.44057,0.38629,0.39613,-1111,4,1334.4,-1,-999,49,49,0.39551,179,1.94743,1
APP-202503-05-032,2025-03-06,0,Ember,3650.36,3729.12,0.44754,0.44599,0.18132,0.18722,25,0,1312.59,-1,-999,96,80,0.33168,276,2.09178,1
APP-202503-05-033,2025-03-13,0,Ember,3798.01,3825.65,,0.40189,0.46559,0.46558,36,1,,-1,-999,143,10,0.38878,373,2.27884,1
APP-202503-05-034,2025-03-20,0,Ember,3985.67,4037.98,0.45427,0.44713,0.40155,0.40152,47,2,1714.03,607,339,190,41,0.39754,470,2.16475,1
APP-202503-05-035,2025-03-27,1,Ember,4011.58,4078.71,0.36767,0.36333,0.58791,0.59346,58,5,1859.31,620,358,26,72,0.4025,567,2.6201,1
APP-202503-05-036,2025-03-07,0,Ember,4065.58,-1111,0.16507,0.15738,0.07918,0.07931,69,4,1956.8,633,-1111,73,2,0.41825,664,3.32812,1
APP-202503-05-037,2025-03-14,0,Ember,4312.95,4390.92,0.21802,0.21438,0.05,0.04943,80,0,-1,646,-1111,120,33,0.45598,761,3.2948,1
APP-202503-05-038,2025-03-21,0,Ember,4391.93,4442.81,0.24512,0.2447,0.1825,0.18483,91,1,1737.35,659,-1111,167,64,0.49696,858,3.31103,1
APP-202503-05-039,2025-03-01,0,Ember,4524.56,4596.09,0.23183,0.23545,0.39454,0.38962,102,2,1839.12,672,434,3,95,0.49983,955,3.29075,1
APP-202503-05-040,2025-03-08,0,Ember,4740.46,4781.8,0.26441,0.25743,0.58038,0.57075,113,3,2159.26,685,453,50,25,0.2713,55,3.61301,1
APP-202503-05-041,2025-03-15,0,Ember,-999,4890.8,0.29655,-999,-1,0.28056,,4,-999,-999,,97,56,0.32439,152,3.42424,1
APP-202503-05-042,2025-03-22,0,Ember,4858.6,4928.07,0.28569,0.279,0.5607,0.56254,135,0,2047.74,-999,,144,87,0.3555,249,3.46195,1
APP-202503-05-043,2025-03-02,0,Ember,5032.02,5102.56,0.29092,0.2918,0.21959,0.22301,146,1,2629.39,-999,,191,17,0.36236,346,3.52686,1
APP-202503-05-044,2025-03-09,0,Ember,4992.81,5048.12,0.3155,0.30925,0.28632,0.28396,157,2,2450.43,-999,529,27,48,0.36106,443,3.56906,1
APP-202503-05-045,2025-03-16,1,Ember,5389.83,5455.94,0.54626,0.5368,0.58958,0.59197,168,5,-1111,-999,548,74,79,0.40862,540,2.41474,1
APP-202503-05-046,2025-03-23,0,Ember,5282.88,5316.77,0.37041,0.36487,0.50507,0.50027,179,4,2736.71,-999,-1,121,9,0.40479,637,3.28223,1
APP-202503-05-047,2025-03-03,0,Ember,5317.1,5361.9,0.43953,0.44419,0.59623,0.59627,10,0,2316.02,-999,-1,168,40,0.40108,734,2.93148,1
APP-202503-05-048,2025-03-10,0,Ember,5298.73,5328.24,0.4381,0.4354,0.52094,0.52728,21,1,2145.04,-999,-1,4,71,0.39546,831,2.88894,1
APP-202503-05-049,2025-03-17,0,Ember,5574.23,5620.7,-1,0.42943,0.36152,-1111,32,2,,-999,144,51,1,0.437,928,3.21619,1
APP-202503-05-050,2025-03-24,0,Ember,5602.25,5671.89,0.42647,0.41829,0.33627,0.34596,43,3,2540.46,-999,163,98,32,0.45138,28,3.17275,1
APP-202503-05-051,2025-03-04,0,Ember,5990.08,6047.87,0.50738,0.50033,0.43024,0.41,-1,4,2336.72,-999,-999,145,63,0.46768,125,3.00072,1
APP-202503-05-052,2025-03-11,0,Ember,5941.94,6010.28,0.19277,0.18973,0.29504,0.2809,65,0,2783.18,-999,-999,192,94,0.47241,222,4.67461,1
APP-202503-05-053,2025-03-18,0,Ember,6067.22,6144.98,0.19593,0.19468,0.28925,0.29687,76,1,-1,-999,-999,28,24,0.33475,319,4.86644,1
APP-202503-05-054,2025-03-25,0,Ember,6239.03,6270.19,0.22276,0.2184,0.40754,0.41222,87,2,3035.51,557,239,75,55,0.34866,416,4.72032,1
APP-202503-05-055,2025-03-05,1,Ember,6610.58,6666.78,0.45471,0.4577,0.41003,0.42575,98,5,2693.16,570,258,122,86,0.3604,513,3.56685,1
APP-202503-05-056,2025-03-12,0,Ember,6601.05,6697.31,0.22823,0.22592,0.30319,0.301,109,4,2928.72,583,-1111,169,16,0.3715,610,5.08662,1
APP-202503-05-057,2025-03-19,0,Ember,6623.39,6687.6,0.26124,0.26301,0.05,0.05464,120,0,-999,596,-1111,5,47,0.3473,707,4.67928,1
APP-202503-05-058,2025-03-26,0,Ember,6771.21,6869.7,0.2686,0.27226,0.21907,0.23218,131,1,3017.65,609,-1111,52,78,0.35665,804,5.01794,1
APP-202503-05-059,2025-03-06,0,Ember,3303.95,3319.33,0.33951,0.33295,0.16108,0.15317,142,2,1333.33,622,334,99,8,0.36778,901,2.24688,1
APP-202503-05-060,2025-03-13,0,Ember,3551.33,3554.92,0.32499,0.31889,0.27617,0.28479,153,3,1449.7,635,353,146,39,0.40474,1,2.38932,1
APP-202503-05-061,2025-03-20,0,Ember,-1111,,0.3448,-1111,0.22978,0.22571,-999,-999,-1111,-1111,,193,70,0.38822,98,2.45369,1
APP-202503-05-062,2025-03-27,0,Ember,3845.75,3916.31,0.37132,0.37426,0.44994,0.44813,175,0,1477.38,-1111,,29,0,0.4276,195,2.55078,1
APP-202503-05-063,2025-03-07,0,Ember,4105.07,4147.12,0.3967,0.39364,0.49089,0.4882,186,1,1761.92,-1111,,76,31,0.44279,292,2.53435,1
APP-202503-05-064,2025-03-14,0,Ember,3995.12,4052.18,0.38282,0.38672,0.25736,0.26906,17,2,1802.73,-1111,429,123,62,0.47176,389,2.57701,1
APP-202503-05-065,2025-03-21,1,Ember,4134.94,4181.57,-999,0.6179,0.59285,0.59641,28,5,,-1111,448,170,93,0.47977,486,1.67359,1
APP-202503-05-066,2025-03-01,0,Ember,4395.53,4424.29,0.40505,0.4045,0.41331,0.4112,39,4,1990.46,-1111,-1,6,23,0.31744,583,2.63768,1
APP-202503-05-067,2025-03-08,0,Ember,4559.49,4630.81,0.46021,0.45614,0.42263,0.4245,50,0,2042.21,-1111,-1,53,54,0.3451,680,2.66081,1
APP-202503-05-068,2025-03-15,0,Ember,4402.28,4456.52,0.46138,0.45649,0.38227,0.37999,61,1,1426.53,-1111,-1,100,85,0.34484,777,2.37105,1
APP-202503-05-069,2025-03-22,0,Ember,4397.11,4442.41,0.18002,0.18341,0.26394,0.27696,72,2,-1,-1111,524,147,15,0.37425,874,3.58195,1
APP-202503-05-070,2025-03-02,0,Ember,4549.07,4582.94,0.19928,0.19861,0.29759,0.2987,83,3,2122.6,-1111,543,194,46,0.41327,971,3.61644,1
APP-202503-05-071,2025-03-09,0,Ember,4725.32,4751.19,0.17725,0.16922,0.07342,0.08166,-1111,4,2266.01,-1111,-999,30,77,0.38351,71,3.91635,1
APP-202503-05-072,2025-03-16,0,Ember,5032.91,5083.1,0.22538,0.22467,0.25946,0.24905,105,0,2149.06,-1111,-999,77,7,0.39362,168,3.93099,1
APP-202503-05-073,2025-03-23,0,Ember,4896.96,4941.33,0.23568,0.22984,0.37003,0.3648,116,1,-999,-1111,-999,124,38,0.40308,265,3.68034,1
APP-202503-05-074,2025-03-03,0,Ember,5049.1,5129.58,0.28047,0.27516,0.3563,0.37236,127,2,2400.22,507,139,171,69,0.43846,362,3.64014,1
APP-202503-05-075,2025-03-10,1,Ember,5297.73,5379.1,0.53009,0.52564,0.61154,0.61242,138,5,1800.37,520,158,7,100,0.45188,459,2.50429,1
APP-202503-05-076,2025-03-17,0,Ember,5607.65,5645.09,0.29978,0.30227,0.31874,0.33443,149,4,2485.54,533,-1111,54,30,0.44531,556,3.91058,1
APP-202503-05-077,2025-03-24,0,Ember,5422.74,5468.82,0.33744,0.33454,0.34451,0.3471,160,0,-1111,546,-1111,101,61,0.48798,653,3.66038,1
APP-202503-05-078,2025-03-04,0,Ember,5764.56,5800.81,0.36565,0.3579,0.23175,0.23225,171,1,2533.94,559,-1111,148,92,0.47376,750,3.69301,1
APP-202503-05-079,2025-03-11,0,Ember,5782.18,5862.1,0.36419,0.36411,0.22546,0.22343,182,2,2733.57,572,234,195,22,0.31975,847,3.58483,1
APP-202503-05-080,2025-03-18,0,Ember,6100.91,6172.13,0.37849,0.37151,0.35579,0.36858,13,3,2474.58,585,253,31,53,0.32939,944,3.8887,1
APP-202504-05-001,2025-04-05,0,Ember,3633.15,3677.31,0.17962,0.17421,0.20443,0.20773,44,4,1754.46,488,192,116,28,0.33835,261,3.06796,1
APP-202504-05-002,2025-04-12,0,Ember,3539.29,3619.48,0.20787,0.20455,0.07632,0.07899,55,0,1376.01,501,211,163,59,0.41163,358,2.75754,1
APP-202504-05-003,2025-04-19,0,Ember,3851.04,3933.79,0.20316,0.2015,0.25303,0.25813,66,1,2068.74,514,230,210,90,0.37342,455,3.12611,1
APP-202504-05-004,2025-04-26,1,Ember,3950.12,4006.88,0.44308,0.43782,0.60286,0.60781,77,4,1780.97,527,249,46,20,0.40195,552,2.13279,1
APP-202504-05-005,2025-04-06,0,Ember,3990.93,4044.52,0.28006,0.27592,0.46559,0.47252,88,3,1866.44,540,268,93,51,0.4267,649,2.83238,1
APP-202504-05-006,2025-04-13,0,Ember,3879.71,3912.71,0.28618,0.27914,0.50706,0.49779,99,4,1681.82,553,287,140,82,0.36423,746,2.78436,1
APP-202504-05-007,2025-04-20,0,Ember,4346.07,4399.42,0.31431,0.31603,0.30214,0.29611,110,0,1798.41,566,306,187,12,0.41798,843,3.11543,1
APP-202504-05-008,2025-04-27,0,Ember,4253.96,4291.84,0.30592,0.30856,0.28093,0.28116,121,1,1759.72,579,325,23,43,0.45744,940,2.83511,1
APP-202504-05-009,2025-04-07,0,Ember,4573.44,4616.3,0.34212,0.33276,0.25272,0.23678,132,2,2041.86,592,344,70,74,0.4134,40,3.06571,1
APP-202504-05-010,2025-04-14,0,Ember,4556.93,4646.48,0.36952,0.36752,0.30117,0.31622,143,3,2349.28,605,363,117,4,0.47978,137,2.92953,1
APP-202504-05-011,2025-04-21,0,Ember,4723.43,4794.21,0.3479,0.35262,0.17855,0.17685,154,4,1788.08,618,382,164,35,0.45148,234,3.17019,1
APP-202504-05-012,2025-04-01,0,Ember,4827.22,4873.29,0.3738,0.37558,0.56481,0.57567,165,0,1906.35,631,401,0,66,0.48017,331,2.96378,1
APP-202504-05-013,2025-04-08,0,Ember,4825.16,4868.07,0.38263,0.37532,0.26523,0.28184,176,1,1904.34,644,420,47,97,0.48915,428,2.77899,1
APP-202504-05-014,2025-04-15,0,Ember,5082.63,5119.61,0.45364,0.45054,0.55665,0.55561,187,2,1726.63,657,439,94,27,0.33731,525,2.77325,1
APP-202504-05-015,2025-04-22,1,Ember,5045.42,5127.07,0.6239,0.62086,0.49269,0.49991,18,5,1941.33,670,458,141,58,0.39279,622,1.99472,1
APP-202504-05-016,2025-04-02,0,Ember,4967.51,5025.74,0.4419,0.43794,0.49524,0.49528,29,4,1901.26,683,477,188,89,0.37631,719,2.82196,1
APP-202504-05-017,2025-04-09,0,Ember,5425.54,5524.72,0.49107,0.4901,0.2415,0.23849,40,0,1927.37,696,496,24,19,0.39959,816,2.75895,1
APP-202504-05-018,2025-04-16,0,Ember,5376.86,5429.14,0.17649,0.17217,0.21836,0.21354,51,1,2267.87,709,515,71,50,0.38741,913,4.47032,1
APP-202504-05-019,2025-04-23,0,Ember,5584.8,5664.43,0.27366,0.26617,0.4538,0.45749,62,2,2226.27,722,534,118,81,0.41018,13,4.0424,1
APP-202504-05-020,2025-04-03,0,Ember,5643.71,5690.53,0.21536,0.21035,0.36927,0.37761,73,3,2745.24,425,553,165,11,0.41116,110,4.30287,1
APP-202504-05-021,2025-04-10,0,Ember,5627.53,5710.47,0.23935,0.23772,0.38018,0.37233,84,4,2596.03,438,572,1,42,0.46341,207,4.35203,1
APP-202504-05-022,2025-04-17,0,Ember,5982.92,6021.91,0.27849,0.27607,0.0515,0.04952,95,0,2571.08,451,111,48,73,0.46348,304,4.37731,1
APP-202504-05-023,2025-04-24,0,Ember,5728.24,5798.59,0.28092,0.28038,0.26738,0.2682,106,1,2388.39,464,130,95,3,0.45841,401,4.08554,1
APP-202504-05-024,2025-04-04,0,Ember,5955.12,5979.02,0.21421,0.21607,0.27047,0.26676,117,2,2472.64,477,149,142,34,0.51233,498,4.65322,1
APP-202504-05-025,2025-04-11,0,Ember,6150.73,6244.81,0.33188,0.33208,0.23338,0.23332,128,3,2775.0,490,168,189,65,0.46216,595,4.05436,1
APP-202504-05-026,2025-04-18,1,Ember,6401.22,6466.87,0.55462,0.55095,0.80124,0.82936,139,6,2496.03,503,187,25,96,0.50662,692,2.84885,1
APP-202504-05-027,2025-04-25,0,Ember,6299.27,6355.27,0.31301,0.30704,0.52962,0.53953,150,0,2887.82,516,206,72,26,0.3396,789,4.30391,1
APP-202504-05-028,2025-04-05,0,Ember,6731.77,6837.76,0.35375,0.35341,0.58079,0.59114,161,1,2517.48,529,225,119,57,0.38411,886,4.38857,1
APP-202504-05-029,2025-04-12,0,Ember,6819.33,6869.87,0.38009,0.37746,0.29318,0.28496,172,2,2998.74,542,244,166,88,0.37253,983,4.25527,1
APP-202504-05-030,2025-04-19,0,Ember,3293.74,3329.46,0.40851,0.4035,0.40532,0.40811,183,3,1154.6,555,263,2,18,0.3833,83,1.91858,1
APP-202504-05-031,2025-04-26,0,Ember,3656.34,3671.99,0.41325,0.41329,0.37902,0.3773,14,4,1553.26,568,282,49,49,0.40401,180,2.14462,1
APP-202504-05-032,2025-04-06,0,Ember,3702.51,3735.06,0.47393,0.4652,0.55496,0.56934,25,0,1428.02,581,301,96,80,0.42336,277,2.06251,1
APP-202504-05-033,2025-04-13,0,Ember,3874.86,3932.56,0.47191,0.4684,0.46903,0.4753,36,1,1631.4,594,320,143,10,0.42337,374,2.04045,1
APP-202504-05-034,2025-04-20,0,Ember,3847.36,3893.88,0.45846,0.45933,0.38566,0.39115,47,2,1596.36,607,339,190,41,0.40213,471,2.09084,1
APP-202504-05-035,2025-04-27,0,Ember,3914.91,3982.39,0.15889,0.1578,0.39344,0.39066,58,3,1909.97,620,358,26,72,0.40695,568,3.27363,1
APP-202504-05-036,2025-04-07,0,Ember,4180.52,4215.56,0.21692,0.21665,0.284,0.29683,69,4,1890.59,633,377,73,2,0.44602,665,3.2839,1
APP-202504-05-037,2025-04-14,1,Ember,4409.94,4441.26,0.43929,0.43606,0.6007,0.62018,80,2,1479.98,646,396,120,33,0.47115,762,2.35076,1
APP-202504-05-038,2025-04-21,0,Ember,4400.14,4461.68,0.23097,0.23072,0.15296,0.16533,91,1,1897.39,659,415,167,64,0.48372,859,3.34768,1
APP-202504-05-039,2025-04-01,0,Ember,4539.87,4580.17,0.24147,0.23904,0.45103,0.44526,102,2,2424.11,672,434,3,95,0.48375,956,3.39543,1
APP-202504-05-040,2025-04-08,0,Ember,4770.4,4829.63,0.31249,0.3122,0.2759,0.28641,113,3,2003.45,685,453,50,25,0.35673,56,3.37855,1
APP-202505-05-001,2025-05-05,0,Ember,3602.98,3673.18,0.2314,0.2287,0.21843,0.23359,44,4,1518.68,488,192,116,28,0.40244,262,2.65461,1
APP-202505-05-002,2025-05-12,0,Ember,3724.0,3812.75,0.19176,0.18538,0.14621,0.15426,55,0,2079.81,501,211,163,59,0.42354,359,2.98451,1
APP-202505-05-003,2025-05-19,0,Ember,3736.34,3756.53,0.23691,0.23317,0.3448,0.36938,66,1,1983.48,514,230,210,90,0.39617,456,2.68472,1
APP-202505-05-004,2025-05-26,0,Ember,3612.98,3651.31,0.22003,0.21826,0.16322,0.17184,77,2,1718.81,527,249,46,20,0.41826,553,2.78302,1
APP-202505-05-005,2025-05-06,0,Ember,4041.27,4075.58,0.28961,0.28829,0.40793,0.41196,88,3,1744.17,540,268,93,51,0.41496,650,2.90209,1
APP-202505-05-006,2025-05-13,0,Ember,3987.37,4048.67,0.22816,0.22977,0.31313,0.31812,99,4,1827.55,553,287,140,82,0.44271,747,2.99762,1
APP-202505-05-007,2025-05-20,0,Ember,4110.15,4155.82,0.31067,0.30841,0.37644,0.37941,110,0,1531.49,566,306,187,12,0.4619,844,2.7061,1
APP-202505-05-008,2025-05-27,1,Ember,4251.69,4309.34,0.52431,0.51698,0.49605,0.50236,121,3,1627.33,579,325,23,43,0.47361,941,2.05271,1
APP-202505-05-009,2025-05-07,0,Ember,4428.35,4481.15,0.30345,0.30542,0.23589,0.24396,132,2,2225.91,592,344,70,74,0.48499,41,3.16943,1
APP-202505-05-010,2025-05-14,0,Ember,4688.5,4778.11,0.34732,0.33886,0.40782,0.41511,143,3,1972.07,605,363,117,4,0.49647,138,3.01634,1
APP-202505-05-011,2025-05-21,0,Ember,4577.82,4621.07,0.35738,0.35511,0.20161,0.19284,154,4,1924.71,618,382,164,35,0.46811,235,2.89977,1
APP-202505-05-012,2025-05-01,0,Ember,4775.32,4822.78,0.36776,0.36824,0.30465,0.30117,165,0,2065.05,631,401,0,66,0.5257,332,3.03548,1
APP-202505-05-013,2025-05-08,0,Ember,4820.89,4856.36,0.39479,0.39207,0.5585,0.55765,176,1,1696.2,644,420,47,97,0.53275,429,2.95476,1
APP-202505-05-014,2025-05-15,0,Ember,5041.97,5094.76,0.42772,0.42526,0.43991,0.44187,187,2,2099.63,657,439,94,27,0.34732,526,2.8308,1
APP-202505-05-015,2025-05-22,0,Ember,4884.72,4931.99,0.44781,0.44144,0.14646,0.15633,18,3,1851.55,670,458,141,58,0.3844,623,2.61414,1
APP-202505-05-016,2025-05-02,0,Ember,5215.24,5283.76,0.46601,0.45589,0.21463,0.2019,29,4,2068.75,683,477,188,89,0.42364,720,2.68692,1
APP-202505-05-017,2025-05-09,0,Ember,5271.64,5287.72,0.46104,0.45978,0.32176,0.32187,40,0,2272.0,696,496,24,19,0.39796,817,2.95241,1
APP-202505-05-018,2025-05-16,0,Ember,5452.14,5506.1,0.18321,0.18183,0.11712,0.1224,51,1,2662.35,709,515,71,50,0.45314,914,4.38831,1
APP-202505-05-019,2025-05-23,0,Ember,5467.19,5543.54,0.19329,0.19655,0.28983,0.29361,62,2,2724.9,722,534,118,81,0.46795,14,4.20466,1
APP-202505-05-020,2025-05-03,0,Ember,5663.18,5735.9,0.23547,0.23835,0.1284,0.1346,73,3,2669.57,425,553,165,11,0.47383,111,4.37929,1
APP-202505-05-021,2025-05-10,0,Ember,5835.28,5915.71,0.22655,0.21978,0.1655,0.17062,84,4,3066.9,438,572,1,42,0.46861,208,4.62535,1
APP-202505-05-022,2025-05-17,0,Ember,5734.51,5846.68,0.2325,0.23327,0.20146,0.20865,95,0,3099.06,451,111,48,73,0.45434,305,4.34691,1
APP-202505-05-023,2025-05-24,0,Ember,6019.67,6094.07,0.27065,0.26317,0.24852,0.2501,106,1,2721.48,464,130,95,3,0.46872,402,4.36094,1
APP-202505-05-024,2025-05-04,0,Ember,6026.15,6100.81,0.32353,0.3128,0.45275,0.43951,117,2,2286.5,477,149,142,34,0.49795,499,4.05088,1
APP-202505-05-025,2025-05-11,0,Ember,6383.9,6458.84,0.31358,0.30803,0.31408,0.32903,128,3,3252.25,490,168,189,65,0.54836,596,4.45905,1
APP-202505-05-026,2025-05-18,0,Ember,6305.1,6429.5,0.28623,0.28461,0.40129,0.40189,139,4,2549.71,503,187,25,96,0.53399,693,4.53005,1
APP-202505-05-027,2025-05-25,0,Ember,6468.08,6549.49,0.33421,0.3294,0.3314,0.34173,150,0,2923.84,516,206,72,26,0.37144,790,4.34716,1
APP-202505-05-028,2025-05-05,0,Ember,6735.4,6815.35,0.40157,0.40408,0.52034,0.5363,161,1,2665.48,529,225,119,57,0.38002,887,4.06512,1
APP-202505-05-029,2025-05-12,0,Ember,6694.0,6770.77,0.34964,0.34732,0.05342,0.0493,172,2,2620.3,542,244,166,88,0.40615,984,4.36373,1
APP-202505-05-030,2025-05-19,0,Ember,3446.7,3463.09,0.38556,0.37992,0.27515,0.26617,183,3,1310.84,555,263,2,18,0.43026,84,2.07155,1
APP-202505-05-031,2025-05-26,0,Ember,3600.22,3677.56,0.42627,0.42218,0.35998,0.36395,14,4,1907.02,568,282,49,49,0.39902,181,2.04982,1
APP-202505-05-032,2025-05-06,0,Ember,3691.82,3697.89,0.42262,0.41803,0.27284,0.27448,25,0,1327.13,581,301,96,80,0.44808,278,2.19912,1
APP-202505-05-033,2025-05-13,0,Ember,3850.01,3903.62,0.44408,0.44148,0.37939,0.39183,36,1,1211.03,594,320,143,10,0.43664,375,2.1526,1
APP-202505-05-034,2025-05-20,0,Ember,4042.06,4134.06,0.45467,0.45745,0.46361,0.47018,47,2,1477.79,607,339,190,41,0.46507,472,2.04251,1
APP-202505-05-035,2025-05-27,0,Ember,3981.29,4059.82,0.22649,0.23146,0.41296,0.43598,58,3,1751.44,620,358,26,72,0.46009,569,3.05094,1
APP-202505-05-036,2025-05-07,0,Ember,4074.89,4134.43,0.18801,0.18914,0.36181,0.36997,69,4,1916.82,633,377,73,2,0.4984,666,3.31584,1
APP-202505-05-037,2025-05-14,0,Ember,4283.69,4318.6,0.1577,0.15543,0.05,0.04425,80,0,1946.05,646,396,120,33,0.52757,763,3.67756,1
APP-202505-05-038,2025-05-21,0,Ember,4444.3,4485.95,0.26357,0.26396,0.2299,0.23191,91,1,1879.89,659,415,167,64,0.52671,860,3.13055,1
APP-202505-05-039,2025-05-01,0,Ember,4490.24,4506.46,0.25104,0.24998,0.18557,0.19244,102,2,1855.1,672,434,3,95,0.49052,957,3.33349,1
APP-202505-05-040,2025-05-08,0,Ember,4587.37,4641.42,0.25964,0.26223,0.46085,0.44513,113,3,1997.98,685,453,50,25,0.39052,57,3.37076,1
APP-202505-05-041,2025-05-15,0,Ember,4759.84,4812.37,0.23081,0.2322,0.29919,0.30263,124,4,2223.6,698,472,97,56,0.35487,154,3.75604,1
APP-202505-05-042,2025-05-22,0,Ember,4942.48,5007.31,0.30959,0.3084,0.46166,0.4791,135,0,2290.06,711,491,144,87,0.38685,251,3.4817,1
APP-202505-05-043,2025-05-02,0,Ember,5007.17,5013.18,0.34356,0.34095,0.39735,0.41256,146,1,2204.88,724,510,191,17,0.43008,348,3.33748,1
APP-202505-05-044,2025-05-09,1,Ember,5109.23,5128.47,0.56059,0.56056,0.45754,0.45972,157,4,1901.67,427,529,27,48,0.42279,445,2.21248,1
APP-202505-05-045,2025-05-16,0,Ember,5206.12,5250.03,0.38495,0.38066,0.45545,0.45272,168,3,2512.64,440,548,74,79,0.42947,542,3.15885,1
APP-202505-05-046,2025-05-23,0,Ember,5420.59,5484.2,0.35528,0.35081,0.28533,0.27737,179,4,2336.98,453,567,121,9,0.45166,639,3.47834,1
APP-202505-05-047,2025-05-03,0,Ember,5494.02,5580.94,0.37754,0.37971,0.53391,0.54642,10,0,2431.74,466,106,168,40,0.42089,736,3.39436,1
APP-202505-05-048,2025-05-10,0,Ember,5493.75,5568.28,0.43242,0.43323,0.29136,0.28241,21,1,1924.42,479,125,4,71,0.45209,833,3.03853,1
APP-202505-05-049,2025-05-17,0,Ember,5627.73,5719.74,0.45943,0.45274,0.68998,0.69015,32,2,2338.08,492,144,51,1,0.46256,930,3.06796,1
APP-202505-05-050,2025-05-24,0,Ember,5595.86,5655.51,0.42154,0.42188,0.44842,0.45932,43,3,2094.75,505,163,98,32,0.47482,30,3.22447,1
APP-202505-05-051,2025-05-04,0,Ember,6137.75,6238.5,0.44066,0.4398,0.2679,0.26182,54,4,2622.98,518,182,145,63,0.49222,127,3.50396,1
APP-202505-05-052,2025-05-11,0,Ember,6089.08,6202.91,0.1924,0.19111,0.23769,0.23507,65,0,3434.95,531,201,192,94,0.50645,224,4.92409,1
APP-202505-05-053,2025-05-18,0,Ember,5886.84,5940.15,0.19306,0.19109,0.22781,0.23468,76,1,2743.15,544,220,28,24,0.34412,321,4.50534,1
APP-202505-05-054,2025-05-25,0,Ember,6238.84,6320.08,0.18036,0.18295,0.4234,0.43731,87,2,3234.12,557,239,75,55,0.37983,418,5.0705,1
APP-202505-05-055,2025-05-05,0,Ember,6255.8,6350.44,0.26114,0.25336,0.30663,0.30474,98,3,2926.04,570,258,122,86,0.3898,515,4.60209,1
APP-202505-05-056,2025-05-12,0,Ember,6510.96,6579.3,0.29745,0.29583,0.42386,0.42171,109,4,2870.68,583,277,169,16,0.39962,612,4.65103,1
APP-202505-05-057,2025-05-19,0,Ember,6666.15,6758.67,0.28025,0.27982,0.42181,0.41941,120,0,2801.0,596,296,5,47,0.43128,709,4.83295,1
APP-202505-05-058,2025-05-26,0,Ember,6644.01,6680.01,0.29494,0.28834,0.19229,0.20084,131,1,2849.83,609,315,52,78,0.42817,806,4.7241,1
APP-202505-05-059,2025-05-06,0,Ember,3448.63,3509.51,0.25492,0.25719,0.27215,0.27013,142,2,1311.42,622,334,99,8,0.43373,903,2.50529,1
APP-202505-05-060,2025-05-13,0,Ember,3756.02,3792.31,0.35836,0.35372,0.10964,0.10349,153,3,1697.26,635,353,146,39,0.45182,3,2.41444,1
APP-202505-05-061,2025-05-20,0,Ember,3661.43,3671.72,0.30444,0.29522,0.3563,0.35051,164,4,1792.52,648,372,193,70,0.47006,100,2.68747,1
APP-202505-05-062,2025-05-27,0,Ember,3641.27,3643.63,0.34925,0.34086,0.34646,0.35028,175,0,1192.66,661,391,29,0,0.51006,197,2.47138,1
APP-202505-05-063,2025-05-07,0,Ember,4005.25,4040.42,0.33858,0.33178,0.37602,0.36982,186,1,1844.11,674,410,76,31,0.50049,294,2.62021,1
APP-202505-05-064,2025-05-14,0,Ember,4250.92,4311.83,0.4152,0.4117,0.1968,0.18983,17,2,1468.13,687,429,123,62,0.53403,391,2.35589,1
APP-202505-05-065,2025-05-21,0,Ember,4097.78,4113.77,0.43894,0.43343,0.19916,0.19351,28,3,1590.99,700,448,170,93,0.55916,488,2.30977,1
APP-202505-05-066,2025-05-01,0,Ember,4221.32,4301.16,0.44115,0.43924,0.34932,0.35911,39,4,1291.73,713,467,6,23,0.37697,585,2.34088,1
APP-202505-05-067,2025-05-08,0,Ember,4448.7,4533.0,0.41805,0.42751,0.22601,0.23513,50,0,1948.09,726,486,53,54,0.38098,682,2.63165,1
APP-202505-05-068,2025-05-15,0,Ember,4672.12,4741.56,0.46006,0.46019,0.58163,0.58975,61,1,1855.64,429,505,100,85,0.37711,779,2.51752,1
APP-202505-05-069,2025-05-22,0,Ember,4620.82,4707.48,0.21246,0.21289,0.31253,0.30911,72,2,1985.34,442,524,147,15,0.39055,876,3.62809,1
APP-202505-05-070,2025-05-02,0,Ember,4616.84,4675.16,0.18855,0.18777,0.39201,0.37715,83,3,2061.27,455,543,194,46,0.45513,973,3.83573,1
APP-202505-05-071,2025-05-09,0,Ember,4670.66,4734.39,0.24671,0.23966,0.21596,0.21083,94,4,2632.75,468,562,30,77,0.47753,73,3.6654,1
APP-202505-05-072,2025-05-16,0,Ember,4710.49,4761.34,0.23499,0.22776,0.19299,0.20714,105,0,2349.52,481,101,77,7,0.41774,170,3.57725,1
APP-202505-05-073,2025-05-23,0,Ember,4931.13,5001.96,0.27923,0.27078,0.30056,0.3092,116,1,2006.31,494,120,124,38,0.45668,267,3.6241,1
APP-202505-05-074,2025-05-03,0,Ember,5192.51,5237.75,0.25836,0.25403,0.33028,0.32168,127,2,2700.77,507,139,171,69,0.47906,364,3.86839,1
APP-202505-05-075,2025-05-10,0,Ember,5376.68,5466.85,0.33266,0.329,0.42688,0.4338,138,3,2357.85,520,158,7,100,0.51245,461,3.63442,1
APP-202505-05-076,2025-05-17,0,Ember,5399.04,5446.63,0.31568,0.32136,0.40952,0.42392,149,4,2645.69,533,177,54,30,0.48217,558,3.68103,1
APP-202505-05-077,2025-05-24,0,Ember,5616.49,5704.76,0.30769,0.30705,0.5768,0.57901,160,0,2502.3,546,196,101,61,0.48683,655,3.9845,1
APP-202505-05-078,2025-05-04,0,Ember,5751.72,5792.72,0.36863,0.36608,0.35187,0.35571,171,1,2457.26,559,215,148,92,0.52032,752,3.69254,1
APP-202505-05-079,2025-05-11,0,Ember,5538.5,5587.78,0.37672,0.3831,0.17961,0.1769,182,2,2413.71,572,234,195,22,0.35978,849,3.62921,1
APP-202505-05-080,2025-05-18,0,Ember,6012.54,6080.97,0.38459,0.38409,0.16951,0.16608,13,3,2172.84,585,253,31,53,0.36492,946,3.61094,1
APP-202506-05-001,2025-06-05,0,Ember,,3425.42,-1111,,-999,0.04447,,4,,,,116,28,0.40914,263,2.74749,1
APP-202506-05-002,2025-06-12,0,Ember,3340.89,3368.76,0.21656,0.21819,0.24114,0.24049,55,0,1656.41,,,163,59,0.41596,360,2.62383,1
APP-202506-05-003,2025-06-19,0,Ember,3614.52,3687.06,0.23067,0.22498,0.33162,0.33118,66,1,1720.92,,,210,90,0.42165,457,2.88724,1
APP-202506-05-004,2025-06-26,0,Ember,3726.87,3779.35,0.1823,0.1774,0.13249,0.14328,77,2,1690.96,,249,46,20,0.42017,554,2.97544,1
APP-202506-05-005,2025-06-06,1,Ember,3830.04,3871.25,0.43305,0.43193,0.65103,0.65216,88,5,-1,,268,93,51,0.44657,651,2.04937,1
APP-202506-05-006,2025-06-13,0,Ember,4094.47,-1,0.28879,0.29406,0.42171,0.43007,99,4,2024.91,,-1,140,82,0.43953,748,3.01308,1
APP-202506-05-007,2025-06-20,0,Ember,4140.02,4176.32,0.27274,0.269,0.29661,0.29203,110,0,2029.26,,-1,187,12,0.46652,845,2.97067,1
APP-202506-05-008,2025-06-27,0,Ember,4315.84,4350.31,0.28478,0.283,0.10277,0.09942,121,1,2107.53,,-1,23,43,0.44588,942,3.18838,1
APP-202506-05-009,2025-06-07,0,Ember,4414.85,4472.42,0.29062,0.28578,0.05,0.04974,132,2,-999,,344,70,74,0.48575,42,3.14981,1
APP-202506-05-010,2025-06-14,0,Ember,4523.25,4589.94,0.35055,0.34978,0.27405,0.26722,143,3,2099.55,,363,117,4,0.4808,139,2.9577,1
APP-202506-05-011,2025-06-21,0,Ember,4511.49,4542.93,0.40087,0.40285,0.33499,0.33106,-1,4,1690.69,,-999,164,35,0.48027,236,2.70354,1
APP-202506-05-012,2025-06-01,0,Ember,4677.28,4754.08,0.41751,0.41217,0.53057,0.53177,165,0,2232.88,,-999,0,66,0.49556,333,2.67657,1
APP-202506-05-013,2025-06-08,0,Ember,4949.43,4974.93,0.33032,0.33,0.3783,0.37178,176,1,-1111,,-999,47,97,0.51888,430,3.28556,1
APP-202506-05-014,2025-06-15,0,Ember,5111.71,5154.58,0.41163,0.41351,0.42575,0.42651,187,2,2255.04,657,439,94,27,0.39483,527,3.10695,1
APP-202506-05-015,2025-06-22,1,Ember,4894.6,4983.51,0.61084,0.60482,0.41655,0.42062,18,5,1869.12,670,458,141,58,0.41612,624,1.87467,1
APP-202506-05-016,2025-06-02,0,Ember,5116.02,5180.81,0.4202,0.41447,0.449,0.46428,29,4,2322.7,683,-1111,188,89,0.41558,721,2.92753,1
APP-202506-05-017,2025-06-09,0,Ember,5341.73,5421.77,,0.42786,0.44011,,40,0,,696,-1111,24,19,0.42822,818,3.01697,1
APP-202506-05-018,2025-06-16,0,Ember,5567.18,5626.81,0.19311,0.19251,0.20118,0.1962,51,1,2969.85,709,-1111,71,50,0.42565,915,4.51854,1
APP-202506-05-019,2025-06-23,0,Ember,5764.33,5797.86,0.20971,0.21009,0.42992,0.43799,62,2,2565.63,722,534,118,81,0.44462,15,4.51312,1
APP-202506-05-020,2025-06-03,0,Ember,5683.18,5775.27,0.15705,0.16463,0.30304,0.29747,73,3,2860.99,425,553,165,11,0.46116,112,4.96795,1
APP-202506-05-021,2025-06-10,0,Ember,-1,5799.21,0.2624,-1,0.11648,0.10443,-999,4,-1,-1,,1,42,0.49676,209,4.336,1
APP-202506-05-022,2025-06-17,0,Ember,5810.45,5876.83,0.237,0.23993,0.17975,0.18532,95,0,2917.79,-1,,48,73,0.53104,306,4.37934,1
APP-202506-05-023,2025-06-24,0,Ember,6068.38,6158.56,0.25139,0.25136,0.26333,0.2718,106,1,2670.42,-1,,95,3,0.49131,403,4.58027,1
APP-202506-05-024,2025-06-04,0,Ember,6119.3,6221.28,0.33195,0.32646,0.17522,0.17288,117,2,2568.63,-1,149,142,34,0.52105,500,3.80188,1
APP-202506-05-025,2025-06-11,1,Ember,6367.21,6428.87,0.48435,0.47488,0.48965,0.49264,128,5,-999,-1,168,189,65,0.51582,597,3.30021,1
APP-202506-05-026,2025-06-18,0,Ember,6661.24,6746.67,0.34005,0.33761,0.32305,0.33257,139,4,2832.37,-1,-1,25,96,0.5343,694,4.46154,1
APP-202506-05-027,2025-06-25,0,Ember,6554.65,6598.25,0.33769,0.34155,0.38846,0.39723,150,0,2980.66,-1,-1,72,26,0.41353,791,4.3764,1
APP-202506-05-028,2025-06-05,0,Ember,6507.77,6600.28,0.37642,0.3715,0.44977,0.46997,161,1,2500.77,-1,-1,119,57,0.42148,888,4.03349,1
APP-202506-05-029,2025-06-12,0,Ember,6771.89,6882.99,0.37587,0.37486,0.38291,0.38631,172,2,-1111,-1,244,166,88,0.39819,985,4.16282,1
APP-202506-05-030,2025-06-19,0,Ember,3390.15,3433.48,0.41141,0.40363,0.32985,0.33062,183,3,1376.86,-1,263,2,18,0.42284,85,2.12174,1
APP-202506-05-031,2025-06-26,0,Ember,3461.96,-999,0.37955,0.37973,0.39003,0.37966,-1111,-1111,1378.19,-1,-999,49,49,0.40037,182,2.06941,1
APP-202506-05-032,2025-06-06,0,Ember,3563.89,3635.63,0.43459,0.4231,0.53338,0.52105,25,0,1362.48,-1,-999,96,80,0.41748,279,2.02057,1
APP-202506-05-033,2025-06-13,0,Ember,3871.83,3946.55,-1,0.4,0.49667,0.50504,36,1,,-1,-999,143,10,0.48043,376,2.25795,1
APP-202506-05-034,2025-06-20,0,Ember,3988.39,4084.2,0.49752,0.49687,0.60432,0.60702,47,2,1607.83,607,339,190,41,0.47512,473,2.00472,1
APP-202506-05-035,2025-06-27,1,Ember,4214.05,4247.17,0.38116,0.37034,0.44603,0.4455,58,5,1912.2,620,358,26,72,0.48307,570,2.58113,1
APP-202506-05-036,2025-06-07,0,Ember,4011.48,4076.92,0.22769,0.22986,0.22264,0.21558,69,4,2081.82,633,-1111,73,2,0.50047,667,3.1888,1
APP-202506-05-037,2025-06-14,0,Ember,4311.36,4391.1,0.18984,0.1898,0.18028,0.16036,80,0,-1,646,-1111,120,33,0.5408,764,3.65958,1
APP-202506-05-038,2025-06-21,0,Ember,4412.21,4482.86,0.22051,0.21362,0.09676,0.09619,91,1,2440.16,659,-1111,167,64,0.52621,861,3.38326,1
APP-202506-05-039,2025-06-01,0,Ember,4524.16,4604.87,0.2546,0.26152,0.10794,0.11142,102,2,2017.34,672,434,3,95,0.54779,958,3.4184,1
APP-202506-05-040,2025-06-08,0,Ember,4548.61,4620.06,0.28127,0.27584,0.44578,0.44001,113,3,1778.95,685,453,50,25,0.37848,58,3.23344,1
APP-202506-05-041,2025-06-15,0,Ember,-999,4774.66,0.28299,-999,-1111,0.43023,,4,-999,-999,,97,56,0.43002,155,3.39515,1
APP-202506-05-042,2025-06-22,0,Ember,4787.44,4816.45,0.3108,0.31449,0.52442,0.52634,135,0,1917.83,-999,,144,87,0.45936,252,3.20877,1
APP-202506-05-043,2025-06-02,0,Ember,5050.59,5100.14,0.31133,0.31296,0.35202,0.37034,146,1,2162.06,-999,,191,17,0.4236,349,3.4738,1
APP-202506-05-044,2025-06-09,0,Ember,4882.12,4958.68,0.34838,0.34511,0.39978,0.39111,157,2,2388.93,-999,529,27,48,0.4425,446,3.20222,1
APP-202506-05-045,2025-06-16,1,Ember,5071.88,5139.47,0.56286,0.55491,0.69931,0.70865,168,5,-1111,-999,548,74,79,0.45503,543,2.14248,1
APP-202506-05-046,2025-06-23,0,Ember,5156.01,5234.76,0.3879,0.38715,0.29265,0.29755,179,4,2098.54,-999,-1,121,9,0.46669,640,3.1391,1
APP-202506-05-047,2025-06-03,0,Ember,5475.19,5519.65,0.43084,0.42073,0.30808,0.30165,10,0,2308.93,-999,-1,168,40,0.47059,737,3.00684,1
APP-202506-05-048,2025-06-10,0,Ember,5727.98,5800.78,0.39055,0.39015,0.53492,0.54253,21,1,2626.08,-999,-1,4,71,0.50281,834,3.48492,1
APP-202506-05-049,2025-06-17,0,Ember,5712.16,5806.31,-999,0.40728,0.46512,0.47095,32,2,,-999,144,51,1,0.49333,931,3.23401,1
APP-202506-05-050,2025-06-24,0,Ember,5851.93,5958.23,0.4647,0.4603,0.28304,0.28695,43,3,2350.87,-999,163,98,32,0.52858,31,3.08892,1
APP-202506-05-051,2025-06-04,0,Ember,5816.9,5925.42,0.49179,0.48334,0.48456,0.4734,-1,4,2197.4,-999,-999,145,63,0.53192,128,2.88323,1
APP-202506-05-052,2025-06-11,0,Ember,5920.42,6006.66,0.1663,0.16352,0.1434,0.14627,65,0,2908.04,-999,-999,192,94,0.50358,225,5.01106,1
APP-202506-05-053,2025-06-18,0,Ember,6440.26,6466.51,0.19981,0.19753,0.17673,0.16765,76,1,-1,-999,-999,28,24,0.40519,322,5.17044,1
APP-202506-05-054,2025-06-25,0,Ember,6093.09,6193.66,0.22803,0.23329,0.12057,0.11425,87,2,2942.94,557,239,75,55,0.4051,419,4.74569,1
APP-202506-05-055,2025-06-05,1,Ember,6396.0,6458.58,0.45558,0.45584,0.35575,0.35027,98,5,2604.53,570,258,122,86,0.43989,516,3.26341,1
APP-202506-05-056,2025-06-12,0,Ember,6529.74,-1111,0.28077,0.27823,0.51672,0.51472,109,4,2966.61,583,-1111,169,16,0.44578,613,4.57583,1
APP-202506-05-057,2025-06-19,0,Ember,6623.19,6721.39,0.28522,0.2846,0.14173,0.13914,120,0,-999,596,-1111,5,47,0.45835,710,4.60357,1
APP-202506-05-058,2025-06-26,0,Ember,6780.16,6842.74,0.31409,0.31506,0.18649,0.19102,131,1,2711.62,609,-1111,52,78,0.41277,807,4.57529,1
APP-202506-05-059,2025-06-06,0,Ember,3608.41,3662.19,0.25862,0.26111,0.25381,0.25093,142,2,1988.03,622,334,99,8,0.44214,904,2.68783,1
APP-202506-05-060,2025-06-13,0,Ember,3673.51,3710.98,0.33646,0.33273,0.27515,0.28292,153,3,1462.51,635,353,146,39,0.47099,4,2.5368,1
APP-202506-05-061,2025-06-20,0,Ember,-1111,3592.08,0.33405,-1111,0.47867,0.49161,-999,4,-1111,-1111,,193,70,0.51814,101,2.33141,1
APP-202506-05-062,2025-06-27,0,Ember,3831.68,3872.64,0.3336,0.33069,0.34738,0.35136,175,0,2286.19,-1111,,29,0,0.50205,198,2.55191,1
APP-202506-05-063,2025-06-07,0,Ember,3928.53,3981.85,0.37407,0.37363,0.45101,0.46374,186,1,1503.05,-1111,,76,31,0.50863,295,2.38473,1
APP-202506-05-064,2025-06-14,0,Ember,4138.57,4178.3,0.37679,0.37665,0.20378,0.21183,17,2,1605.71,-1111,429,123,62,0.51167,392,2.62804,1
APP-202506-05-065,2025-06-21,1,Ember,3999.28,4036.64,-1111,0.62071,0.61724,-1,28,5,,-1111,448,170,93,0.57408,489,1.45921,1
APP-202506-05-066,2025-06-01,0,Ember,4307.73,4314.05,0.42021,0.41886,0.27196,0.25526,39,4,1377.13,-1111,-1,6,23,0.38534,586,2.51099,1
APP-202506-05-067,2025-06-08,0,Ember,4410.19,4477.51,0.39301,0.39071,0.42887,0.43198,50,0,1959.27,-1111,-1,53,54,0.41381,683,2.75622,1
APP-202506-05-068,2025-06-15,0,Ember,4682.75,4752.63,0.45787,0.45332,0.45736,0.46036,61,1,1897.14,-1111,-1,100,85,0.3968,780,2.38058,1
APP-202506-05-069,2025-06-22,0,Ember,4623.51,4665.67,0.21479,0.21376,0.47513,0.48625,72,2,-1,-1111,524,147,15,0.45761,877,3.59246,1
APP-202506-05-070,2025-06-02,0,Ember,4595.94,4640.29,0.2211,0.22315,0.42734,0.43299,83,3,2107.62,-1111,543,194,46,0.46224,974,3.36771,1
APP-202506-05-071,2025-06-09,0,Ember,5018.9,5053.17,0.21227,0.20075,0.05,0.03521,-1111,4,2599.21,-1111,-999,30,77,0.42934,74,3.84688,1
APP-202506-05-072,2025-06-16,0,Ember,4998.18,5090.25,0.26059,0.2597,0.24988,0.25272,105,0,2275.3,-1111,-999,77,7,0.47377,171,3.62272,1
APP-202506-05-073,2025-06-23,0,Ember,5084.31,5142.39,0.26731,0.26177,0.26332,0.26853,116,1,-999,-1111,-999,124,38,0.47156,268,3.63901,1
APP-202506-05-074,2025-06-03,0,Ember,5231.12,5281.85,0.2539,0.24733,0.40296,0.4044,127,2,2341.41,507,139,171,69,0.47944,365,4.03421,1
APP-202506-05-075,2025-06-10,1,Ember,5393.15,5415.38,0.435,0.42976,0.64337,0.66616,138,5,2386.64,520,158,7,100,0.50034,462,2.93813,1
APP-202506-05-076,2025-06-17,0,Ember,5506.19,5594.44,0.2745,0.27512,0.33967,0.35052,149,4,2331.7,533,-1111,54,30,0.4788,559,3.87901,1
APP-202506-05-077,2025-06-24,0,Ember,5423.19,5485.22,0.34067,0.33852,0.3284,0.32446,160,0,-1111,546,-1111,101,61,0.52677,656,3.54709,1
APP-202506-05-078,2025-06-04,0,Ember,5673.31,5728.43,0.37223,0.36923,0.23409,0.24078,171,1,2100.46,559,-1111,148,92,0.53088,753,3.38277,1
APP-202506-05-079,2025-06-11,0,Ember,5730.05,5805.46,0.35714,0.35257,0.05,0.05684,182,2,2240.99,572,234,195,22,0.41531,850,3.70334,1
APP-202506-05-080,2025-06-18,0,Ember,5986.39,6064.02,0.3332,0.32821,0.39117,0.3993,13,3,2786.12,585,253,31,53,0.39531,947,4.09242,1
APP-202501-06-001,2025-01-06,0,Fjord,,,,,,0.10526,,,,,,145,35,0.31453,295,2.90631,1
APP-202501-06-002,2025-01-13,0,Fjord,3552.28,3575.07,0.20827,0.20003,0.11125,0.09976,64,1,1799.82,,,192,66,0.2802,392,2.7333,1
APP-202501-06-003,2025-01-20,0,Fjord,3824.88,3877.05,0.19616,0.20173,0.18948,0.20567,75,2,1823.31,,,28,97,0.30929,489,3.07167,1
APP-202501-06-004,2025-01-27,1,Fjord,4099.87,4130.25,0.47392,0.47741,0.50611,0.49981,86,5,1461.1,,272,75,27,0.31509,586,2.09912,1
APP-202501-06-005,2025-01-07,0,Fjord,4056.75,4093.43,0.24521,0.23872,0.45141,0.45172,97,4,-1,,291,122,58,0.32155,683,3.13156,1
APP-202501-06-006,2025-01-14,0,Fjord,4281.6,4337.73,0.24763,0.25444,0.56882,0.58405,108,0,2031.14,,-1,169,89,0.33415,780,3.16381,1
APP-202501-06-007,2025-01-21,0,Fjord,4495.55,4524.12,0.26068,0.25549,0.25663,0.24528,119,1,2095.59,,-1,5,19,0.33114,877,3.37296,1
APP-202501-06-008,2025-01-01,0,Fjord,4272.26,4351.0,0.25847,0.25491,0.44547,0.45595,130,2,2066.84,,-1,52,50,0.39736,974,3.22512,1
APP-202501-06-009,2025-01-08,0,Fjord,4463.03,4507.9,0.31715,0.32005,0.52724,0.52836,141,3,-999,,367,99,81,0.3581,74,3.02301,1
APP-202501-06-010,2025-01-15,0,Fjord,4612.58,4677.09,0.3495,0.35312,0.51076,0.51452,152,4,1748.36,,386,146,11,0.37356,171,3.1134,1
APP-202501-06-011,2025-01-22,0,Fjord,4844.73,4896.54,0.38164,0.37352,0.42042,0.43689,-1,0,1790.97,,-999,193,42,0.39776,268,2.90902,1
APP-202501-06-012,2025-01-02,0,Fjord,4897.9,4965.94,0.35939,0.36173,0.46869,0.48043,174,1,2258.76,,-999,29,73,0.38852,365,2.97521,1
APP-202501-06-013,2025-01-09,1,Fjord,5063.8,5118.15,0.5975,0.59291,0.89066,0.89791,185,4,-1111,,-999,76,3,0.40563,462,2.10013,1
APP-202501-06-014,2025-01-16,0,Fjord,5051.19,5101.21,0.43417,0.426,0.44387,0.44931,16,3,2321.8,674,462,123,34,0.3049,559,2.78856,1
APP-202501-06-015,2025-01-23,0,Fjord,5225.07,5296.15,0.39054,0.38456,0.36731,0.3628,27,4,2222.74,687,481,170,65,0.27693,656,3.31829,1
APP-202501-06-016,2025-01-03,0,Fjord,5514.24,5595.28,0.47893,0.47473,0.32562,0.32797,38,0,2399.46,700,-1111,6,96,0.31404,753,2.76878,1
APP-202501-06-017,2025-01-10,0,Fjord,5693.59,5766.16,-1,0.43821,0.28026,0.28203,49,1,,713,-1111,53,26,0.27806,850,3.06758,1
APP-202501-06-018,2025-01-17,0,Fjord,5577.08,5649.65,0.16387,0.16071,0.32042,0.33467,60,2,2515.05,726,-1111,100,57,0.29771,947,4.54025,1
APP-202501-06-019,2025-01-24,0,Fjord,5766.39,5795.65,0.19806,0.19748,0.431,0.4295,71,3,3006.26,429,557,147,88,0.36286,47,4.44306,1
APP-202501-06-020,2025-01-04,0,Fjord,5668.66,5691.83,0.2759,0.27806,0.36605,0.37054,82,4,2692.2,442,576,194,18,0.36545,144,4.21478,1
APP-202501-06-021,2025-01-11,0,Fjord,-1,6098.82,0.20629,-1,0.31668,0.31044,-999,0,-1,-1,,30,49,0.35809,241,4.64781,1
APP-202501-06-022,2025-01-18,1,Fjord,6173.37,6250.76,0.41897,0.4144,0.26991,0.26339,104,3,2557.67,-1,,77,80,0.3748,338,3.49779,1
APP-202501-06-023,2025-01-25,0,Fjord,6138.69,6204.17,0.28837,0.29133,0.263,0.26412,115,2,2526.9,-1,,124,10,0.34151,435,4.33683,1
APP-202501-06-024,2025-01-05,0,Fjord,6374.17,6450.45,0.31258,0.30956,0.32499,0.32744,126,3,2880.1,-1,172,171,41,0.38952,532,4.40233,1
APP-202501-06-025,2025-01-12,0,Fjord,6326.75,6369.6,0.31142,0.31633,0.30718,0.31141,137,4,-999,-1,191,7,72,0.43651,629,4.48195,1
APP-202501-06-026,2025-01-19,0,Fjord,6252.05,-1,0.3001,0.30373,0.19057,0.18626,148,0,2817.9,-1,-1,54,2,0.4072,726,4.33427,1
APP-202501-06-027,2025-01-26,0,Fjord,6694.8,6781.7,0.35274,0.35371,0.45906,0.4744,159,1,2754.15,-1,-1,101,33,0.26657,823,4.32347,1
APP-202501-06-028,2025-01-06,0,Fjord,6892.66,6971.21,0.34823,0.34468,0.46467,0.47959,170,2,3025.75,-1,-1,148,64,0.31068,920,4.6129,1
APP-202501-06-029,2025-01-13,0,Fjord,6961.75,7014.7,0.3746,0.3719,0.32132,0.31225,181,3,-1111,-1,267,195,95,0.28123,20,4.36358,1
APP-202501-06-030,2025-01-20,0,Fjord,3771.76,3843.5,0.37318,0.37191,0.40179,0.41471,12,4,1437.07,-1,286,31,25,0.33229,117,2.43281,1
APP-202501-06-031,2025-01-27,1,Fjord,3625.73,3641.46,0.60303,0.60586,0.5431,0.54774,-1111,2,1596.91,-1,-999,78,56,0.32302,214,1.50608,1
APP-202501-06-032,2025-01-07,0,Fjord,3828.94,3883.87,0.38933,0.38893,0.19468,0.1887,34,1,1827.11,-1,-999,125,87,0.32251,311,2.4405,1
APP-202501-06-033,2025-01-14,0,Fjord,3754.67,3813.95,-999,0.44196,0.55864,-999,45,2,,-1,-999,172,17,0.33559,408,2.08296,1
APP-202501-06-034,2025-01-21,0,Fjord,4254.58,4329.79,0.41834,0.41412,0.38121,0.39465,56,3,1997.17,624,362,8,48,0.37655,505,2.49172,1
APP-202501-06-035,2025-01-01,0,Fjord,4418.0,4441.42,0.2042,0.20179,0.20564,0.20564,67,4,1911.9,637,381,55,79,0.39508,602,3.54003,1
APP-202501-06-036,2025-01-08,0,Fjord,4238.01,4329.36,0.21668,0.21143,0.22202,0.21674,78,0,2268.79,650,-1111,102,9,0.43828,699,3.28539,1
APP-202501-06-037,2025-01-15,0,Fjord,4327.36,4333.96,0.24732,0.24406,0.3637,0.36022,89,1,-1,663,-1111,149,40,0.38185,796,3.38558,1
APP-202501-06-038,2025-01-22,0,Fjord,4505.05,4594.16,0.21273,0.20866,0.21882,0.20528,100,2,2614.56,676,-1111,196,71,0.42189,893,3.4568,1
APP-202501-06-039,2025-01-02,0,Fjord,4966.6,5025.14,0.23059,0.2311,0.399,0.38942,111,3,2417.84,689,457,32,1,0.42205,990,3.82685,1
APP-202501-06-040,2025-01-09,1,Fjord,4915.61,4969.41,0.47561,0.47575,0.54253,0.53474,122,6,1777.55,702,476,79,32,0.25068,90,2.70595,1
APP-202501-06-041,2025-01-16,0,Fjord,-999,4878.33,0.2958,-999,-1,0.54023,,0,-999,-999,,126,63,0.28358,187,3.40193,1
APP-202501-06-042,2025-01-23,0,Fjord,5220.64,5308.04,0.35407,0.35123,0.37312,0.38451,144,1,2280.36,-999,,173,94,0.31343,284,3.25171,1
APP-202501-06-043,2025-01-03,0,Fjord,5331.34,5380.58,0.26833,0.27079,0.05,0.06085,155,2,2530.74,-999,,9,24,0.31789,381,3.93296,1
APP-202501-06-044,2025-01-10,0,Fjord,5363.65,5452.92,0.34052,0.33743,0.32015,0.30971,166,3,2568.05,-999,552,56,55,0.33602,478,3.4901,1
APP-202501-06-045,2025-01-17,0,Fjord,5441.7,5533.11,0.39055,0.38276,0.4255,0.43633,177,4,-1111,-999,571,103,86,0.34382,575,3.18902,1
APP-202501-06-046,2025-01-24,0,Fjord,5468.43,5517.33,0.37965,0.36974,0.46322,0.47973,8,0,1990.61,-999,-1,150,16,0.32647,672,3.46732,1
APP-202501-06-047,2025-01-04,0,Fjord,5415.5,5480.12,0.39989,0.39356,0.53796,0.53259,19,1,2165.11,-999,-1,197,47,0.35542,769,3.34083,1
APP-202501-06-048,2025-01-11,0,Fjord,5722.71,5798.14,0.39006,0.38531,0.46849,0.47156,30,2,2562.98,-999,-1,33,78,0.36059,866,3.4762,1
APP-202501-06-049,2025-01-18,1,Fjord,6008.42,6072.83,-1111,0.64028,0.81406,0.82295,41,5,,-999,167,80,8,0.38369,963,2.17243,1
APP-202501-06-050,2025-01-25,0,Fjord,6006.97,6054.1,0.46754,0.46336,0.1701,0.16944,52,4,2692.55,-999,186,127,39,0.41644,63,3.24081,1
APP-202501-06-051,2025-01-05,0,Fjord,6016.1,-999,0.46712,0.45925,0.31344,0.30857,-1,-1,2550.24,-999,-999,174,70,0.45556,160,3.2338,1
APP-202501-06-052,2025-01-12,0,Fjord,6378.92,6459.26,0.16224,0.16716,0.29031,0.2952,74,1,2797.85,-999,-999,10,0,0.41526,257,5.35472,1
APP-202501-06-053,2025-01-19,0,Fjord,6211.42,6264.47,0.21434,0.20762,0.09225,0.1016,85,2,-1,-999,-999,57,31,0.30498,354,4.83633,1
APP-202501-06-054,2025-01-26,0,Fjord,6411.06,6511.64,0.2275,0.22553,0.23426,0.23355,96,3,3176.06,574,262,104,62,0.28462,451,5.00265,1
APP-202501-06-055,2025-01-06,0,Fjord,6375.03,6475.92,0.24217,0.2357,0.31048,0.31608,107,4,2773.9,587,281,151,93,0.32773,548,4.74018,1
APP-202501-06-056,2025-01-13,0,Fjord,6494.85,6556.19,0.23323,0.23143,0.27195,0.27479,118,0,3102.46,600,-1111,198,23,0.28459,645,5.02367,1
APP-202501-06-057,2025-01-20,0,Fjord,6636.97,6693.48,0.26341,0.26332,0.31166,0.30737,129,1,-999,613,-1111,34,54,0.31182,742,4.95996,1
APP-202501-06-058,2025-01-27,1,Fjord,6913.76,6995.61,0.45788,0.44866,0.56194,0.57033,140,4,3022.16,626,-1111,81,85,0.33841,839,3.87249,1
APP-202501-06-059,2025-01-07,0,Fjord,3776.96,3828.35,0.36411,0.35888,0.32573,0.32191,151,3,1487.6,639,357,128,15,0.3379,936,2.40738,1
APP-202501-06-060,2025-01-14,0,Fjord,3504.16,3551.49,0.32981,0.32836,0.30239,0.29743,162,4,1466.88,652,376,175,46,0.34659,36,2.31472,1
APP-202501-06-061,2025-01-21,0,Fjord,-1111,4058.49,0.30797,-1111,0.47714,0.48619,-999,0,-1111,-1111,,11,77,0.39024,133,2.80405,1
APP-202501-06-062,2025-01-01,0,Fjord,4073.53,4114.11,0.35559,0.36273,0.36555,0.37983,184,1,1650.04,-1111,,58,7,0.40726,230,2.63015,1
APP-202501-06-063,2025-01-08,0,Fjord,4093.71,4154.51,0.38008,0.38845,0.59883,0.58931,15,2,1906.56,-1111,,105,38,0.36174,327,2.53821,1
APP-202501-06-064,2025-01-15,0,Fjord,4181.95,4236.78,0.40869,0.40619,0.23586,0.2399,26,3,1579.13,-1111,452,152,69,0.41851,424,2.38851,1
APP-202501-06-065,2025-01-22,0,Fjord,4252.67,4270.51,,0.40849,0.07215,0.07016,37,4,,-1111,471,199,100,0.41063,521,2.55498,1
APP-202501-06-066,2025-01-02,0,Fjord,4375.31,4428.87,0.43858,0.44203,0.35011,0.34324,48,0,1435.37,-1111,-1,35,30,0.28247,618,2.51948,1
APP-202501-06-067,2025-01-09,1,Fjord,4538.77,4595.94,0.69137,0.68614,0.66859,0.67134,59,3,1516.1,-1111,-1,82,61,0.25685,715,1.36089,1
APP-202501-06-068,2025-01-16,0,Fjord,4536.18,4579.84,0.45411,0.45523,0.25145,0.25025,70,2,1677.53,-1111,-1,129,92,0.28457,812,2.52439,1
APP-202501-06-069,2025-01-23,0,Fjord,4762.43,4838.13,0.15861,0.15735,0.27778,0.272,81,3,-1,-1111,547,176,22,0.29797,909,3.89205,1
APP-202501-06-070,2025-01-03,0,Fjord,4880.13,4923.74,0.20951,0.21214,0.36543,0.36256,92,4,2249.09,-1111,566,12,53,0.31497,9,3.83372,1
APP-202501-06-071,2025-01-10,0,Fjord,5015.21,5073.44,0.26101,0.25316,0.15152,0.15123,-1111,0,2372.61,-1111,-999,59,84,0.34883,106,3.73201,1
APP-202501-06-072,2025-01-17,0,Fjord,4918.82,5006.39,0.26638,0.26627,0.28343,0.2909,114,1,2202.05,-1111,-999,106,14,0.32047,203,3.68115,1
APP-202501-06-073,2025-01-24,0,Fjord,5317.26,5328.06,0.26483,0.26051,0.21183,0.22151,125,2,-999,-1111,-999,153,45,0.36246,300,3.99134,1
APP-202501-06-074,2025-01-04,0,Fjord,5333.92,5395.8,0.24456,0.24015,0.22313,0.20949,136,3,2043.1,524,162,200,76,0.3567,397,4.06385,1
APP-202501-06-075,2025-01-11,0,Fjord,5264.09,5315.21,0.29855,0.29232,0.43633,0.42692,147,4,2386.04,537,181,36,6,0.37423,494,3.84259,1
APP-202501-06-076,2025-01-18,1,Fjord,5376.87,-1111,0.49997,0.49197,0.59849,0.59495,158,2,2190.45,550,-1111,83,37,0.40356,591,2.62892,1
APP-202501-06-077,2025-01-25,0,Fjord,5839.09,5893.96,0.28799,0.28644,0.34225,0.34186,169,1,-1111,563,-1111,130,68,0.39814,688,4.24389,1
APP-202501-06-078,2025-01-05,0,Fjord,5967.97,6035.08,0.33187,0.32687,0.12941,0.12942,180,2,2967.84,576,-1111,177,99,0.39269,785,3.90563,1
APP-202501-06-079,2025-01-12,0,Fjord,5795.94,5891.71,0.37019,0.36731,0.10705,0.10341,11,3,2289.89,589,257,13,29,0.28353,882,3.79645,1
APP-202501-06-080,2025-01-19,0,Fjord,6271.13,6300.05,0.41699,0.41417,0.36542,0.36028,22,4,2564.3,602,276,60,60,0.29904,979,3.54173,1
APP-202502-06-001,2025-02-06,0,Fjord,,3535.93,-1,,-999,-1111,,0,,,,145,35,0.27864,296,2.69396,1
APP-202502-06-002,2025-02-13,0,Fjord,3797.94,3856.88,0.2329,0.2295,0.43421,0.45458,64,1,1833.16,,,192,66,0.31187,393,3.02675,1
APP-202502-06-003,2025-02-20,0,Fjord,4099.91,4169.88,0.1901,0.19194,0.29305,0.29053,75,2,2001.38,,,28,97,0.33315,490,3.2902,1
APP-202502-06-004,2025-02-27,0,Fjord,3836.18,3874.1,0.24169,0.241,0.40663,0.39381,86,3,1424.26,,272,75,27,0.36059,587,2.96636,1
APP-202502-06-005,2025-02-07,0,Fjord,3951.23,4008.85,0.24215,0.2429,0.46696,0.47295,97,4,-1,,291,122,58,0.33612,684,2.96436,1
APP-202502-06-006,2025-02-14,1,Fjord,4244.26,4307.29,0.45774,0.45756,0.66181,0.6648,108,2,1976.17,,-1,169,89,0.38874,781,2.24968,1
APP-202502-06-007,2025-02-21,0,Fjord,4350.02,4391.14,0.25526,0.25333,0.53082,0.53423,119,1,2020.38,,-1,5,19,0.36858,878,3.12003,1
APP-202502-06-008,2025-02-01,0,Fjord,4409.58,4475.47,0.28283,0.28755,0.05,0.05346,130,2,2116.15,,-1,52,50,0.38126,975,3.12345,1
APP-202502-06-009,2025-02-08,0,Fjord,4561.42,4641.59,0.30144,0.29705,0.19891,0.19136,141,3,-999,,367,99,81,0.40107,75,3.10104,1
APP-202502-06-010,2025-02-15,0,Fjord,4662.9,4754.35,0.35289,0.34464,0.2705,0.27312,152,4,1979.17,,386,146,11,0.40585,172,3.05365,1
APP-202502-06-011,2025-02-22,0,Fjord,4844.98,4910.79,0.30877,0.2957,0.14492,0.14811,-1,0,2416.78,,-999,193,42,0.42538,269,3.42461,1
APP-202502-06-012,2025-02-02,0,Fjord,4792.75,4856.9,0.37149,0.36904,0.30462,0.30447,174,1,2138.92,,-999,29,73,0.41452,366,2.98217,1
APP-202502-06-013,2025-02-09,0,Fjord,4973.43,4996.46,0.4002,0.40026,0.50343,0.52063,185,2,-1111,,-999,76,3,0.48723,463,2.95174,1
APP-202502-06-014,2025-02-16,0,Fjord,5187.08,5228.02,0.4233,0.42533,0.5246,0.53303,16,3,1874.91,674,462,123,34,0.31227,560,2.88242,1
APP-202502-06-015,2025-02-23,0,Fjord,5414.93,5468.76,0.43833,0.44014,0.33163,0.31971,27,4,2193.51,687,481,170,65,0.30163,657,3.02205,1
APP-202502-06-016,2025-02-03,1,Fjord,5520.71,5587.24,0.64331,0.64475,0.67655,0.67096,38,2,2092.07,700,-1111,6,96,0.29902,754,1.93557,1
APP-202502-06-017,2025-02-10,0,Fjord,5430.5,5458.35,-999,0.47654,0.29151,0.29641,49,1,,713,-1111,53,26,0.32394,851,2.8204,1
APP-202502-06-018,2025-02-17,0,Fjord,5715.41,5797.22,0.13893,0.14043,0.05,0.06226,60,2,2922.67,726,-1111,100,57,0.36875,948,4.92797,1
APP-202502-06-019,2025-02-24,0,Fjord,5731.69,5797.51,0.18239,0.18415,0.25548,0.26819,71,3,2823.93,429,557,147,88,0.33913,48,4.62824,1
APP-202502-06-020,2025-02-04,0,Fjord,5784.68,5854.27,0.22594,0.21878,0.27216,0.28055,82,4,2716.65,442,576,194,18,0.38441,145,4.61482,1
APP-202502-06-021,2025-02-11,0,Fjord,-1,,0.20716,-1,0.46041,0.45766,-999,-999,-1,-1,,30,49,0.37838,242,4.63932,1
APP-202502-06-022,2025-02-18,0,Fjord,5989.38,6053.15,0.30822,0.307,0.22722,0.23093,104,1,2862.96,-1,,77,80,0.3862,339,4.17698,1
APP-202502-06-023,2025-02-25,0,Fjord,6220.03,6304.08,0.26008,0.25569,0.40243,0.40445,115,2,2946.48,-1,,124,10,0.42465,436,4.64915,1
APP-202502-06-024,2025-02-05,0,Fjord,6292.19,6368.16,0.27481,0.27695,0.28683,0.28103,126,3,2719.35,-1,172,171,41,0.39316,533,4.57528,1
APP-202502-06-025,2025-02-12,0,Fjord,6470.21,6545.18,0.32036,0.31295,0.21946,0.22248,137,4,-999,-1,191,7,72,0.42675,630,4.46041,1
APP-202502-06-026,2025-02-19,1,Fjord,6619.33,6703.86,0.51203,0.51666,0.49312,0.47271,148,2,2752.07,-1,-1,54,2,0.46194,727,3.23122,1
APP-202502-06-027,2025-02-26,0,Fjord,6911.36,7011.49,0.33115,0.33087,0.43711,0.45436,159,1,3160.13,-1,-1,101,33,0.31563,824,4.64003,1
APP-202502-06-028,2025-02-06,0,Fjord,6704.77,6780.31,0.39699,0.39286,0.48178,0.48633,170,2,3226.02,-1,-1,148,64,0.30099,921,4.10959,1
APP-202502-06-029,2025-02-13,0,Fjord,6958.19,7064.92,0.35276,0.34867,0.11727,0.10681,181,3,-1111,-1,267,195,95,0.32195,21,4.54271,1
APP-202502-06-030,2025-02-20,0,Fjord,3609.68,3629.13,0.39885,0.3965,0.46404,0.4571,12,4,1510.02,-1,286,31,25,0.38079,118,2.17269,1
APP-202502-06-031,2025-02-27,0,Fjord,3728.41,3772.64,0.38808,0.38957,0.35187,0.36509,-1111,0,1360.21,-1,-999,78,56,0.33314,215,2.14958,1
APP-202502-06-032,2025-02-07,0,Fjord,3820.82,3871.42,0.43424,0.42916,0.38481,0.38361,34,1,1251.29,-1,-999,125,87,0.36157,312,2.24175,1
APP-202502-06-033,2025-02-14,0,Fjord,3942.23,4000.75,-1111,0.44258,0.58076,0.58127,45,2,,-1,-999,172,17,0.37136,409,2.11581,1
APP-202502-06-034,2025-02-21,0,Fjord,4101.6,4177.78,0.47036,0.46775,0.41716,0.42052,56,3,1181.5,624,362,8,48,0.39298,506,2.09979,1
APP-202502-06-035,2025-02-01,0,Fjord,4231.06,4327.97,0.24038,0.23414,0.52227,0.51999,67,4,1940.02,637,381,55,79,0.40972,603,3.2081,1
APP-202502-06-036,2025-02-08,1,Fjord,4255.58,4295.15,0.41051,0.40473,0.13989,0.13223,78,2,1797.9,650,-1111,102,9,0.40729,700,2.38922,1
APP-202502-06-037,2025-02-15,0,Fjord,4526.84,4580.84,0.19197,0.18695,0.24707,0.24335,89,1,-1,663,-1111,149,40,0.41975,797,3.79136,1
APP-202502-06-038,2025-02-22,0,Fjord,4655.36,4702.01,0.25567,0.25357,0.41504,0.41832,100,2,2471.42,676,-1111,196,71,0.41902,894,3.48983,1
APP-202502-06-039,2025-02-02,0,Fjord,4692.68,4769.77,0.2351,0.22902,0.35051,0.34923,111,3,1885.98,689,457,32,1,0.43094,991,3.73648,1
APP-202502-06-040,2025-02-09,0,Fjord,4787.74,4854.36,0.25213,0.2408,0.43804,0.43195,122,4,1962.96,702,476,79,32,0.28783,91,3.49891,1
APP-202502-06-041,2025-02-16,0,Fjord,-999,5043.97,0.27084,-999,-1111,0.31065,,0,-999,-999,,126,63,0.30158,188,3.61646,1
APP-202502-06-042,2025-02-23,0,Fjord,5143.06,5164.21,0.30371,0.30386,0.43088,0.4295,144,1,2055.6,-999,,173,94,0.33273,285,3.50988,1
APP-202502-06-043,2025-02-03,0,Fjord,5081.65,5147.13,0.32958,0.3326,0.21059,0.20731,155,2,2070.55,-999,,9,24,0.33331,382,3.60336,1
APP-202502-06-044,2025-02-10,0,Fjord,5185.84,5215.54,0.39998,0.39396,0.2903,0.30288,166,3,2115.37,-999,552,56,55,0.34857,479,3.12133,1
APP-202502-06-045,2025-02-17,0,Fjord,5356.0,5397.34,0.36612,0.36103,0.05945,0.06934,177,4,-1111,-999,571,103,86,0.37712,576,3.36713,1
APP-202502-06-046,2025-02-24,1,Fjord,5556.26,-1,0.60459,0.59725,0.69609,0.69599,8,2,1912.87,-999,-1,150,16,0.39983,673,2.34278,1
APP-202502-06-047,2025-02-04,0,Fjord,5687.47,5732.92,0.38766,0.38645,0.45819,0.48122,19,1,2301.51,-999,-1,197,47,0.37595,770,3.46094,1
APP-202502-06-048,2025-02-11,0,Fjord,5642.65,5718.73,0.43633,0.43217,0.4653,0.46294,30,2,2313.33,-999,-1,33,78,0.40626,867,3.26889,1
APP-202502-06-049,2025-02-18,0,Fjord,5813.66,5881.21,,0.41403,0.39671,,41,3,,-999,167,80,8,0.40409,964,3.36527,1
APP-202502-06-050,2025-02-25,0,Fjord,5760.31,5844.83,0.45359,0.44551,0.18256,0.18708,52,4,2395.11,-999,186,127,39,0.40901,64,3.276,1
APP-202502-06-051,2025-02-05,0,Fjord,6223.46,6270.27,0.42464,0.42061,0.3095,0.31643,-1,0,2096.3,-999,-999,174,70,0.37973,161,3.51598,1
APP-202502-06-052,2025-02-12,0,Fjord,6161.77,6238.17,0.18183,0.18015,0.28673,0.28325,74,1,2779.76,-999,-999,10,0,0.4753,258,4.97994,1
APP-202502-06-053,2025-02-19,0,Fjord,6209.3,6241.78,0.22118,0.21942,0.10967,0.11402,85,2,-1,-999,-999,57,31,0.29534,355,4.83373,1
APP-202502-06-054,2025-02-26,0,Fjord,6358.6,6442.65,0.20939,0.20693,0.33986,0.34997,96,3,3225.46,574,262,104,62,0.32696,452,4.96212,1
APP-202502-06-055,2025-02-06,0,Fjord,6706.09,6748.85,0.19972,0.19509,0.3516,0.35759,107,4,3258.76,587,281,151,93,0.32162,549,5.37775,1
APP-202502-06-056,2025-02-13,1,Fjord,6749.47,6819.37,0.48015,0.47714,0.56245,0.57261,118,2,2850.55,600,-1111,198,23,0.32907,646,3.26492,1
APP-202502-06-057,2025-02-20,0,Fjord,6945.86,7051.9,0.26708,0.27102,0.1482,0.1562,129,1,-999,613,-1111,34,54,0.33344,743,5.15015,1
APP-202502-06-058,2025-02-27,0,Fjord,7089.42,7179.11,0.26292,0.26643,0.31223,0.31842,140,2,3397.84,626,-1111,81,85,0.35545,840,5.26082,1
APP-202502-06-059,2025-02-07,0,Fjord,3380.75,3407.81,0.3251,0.32225,0.27384,0.28933,151,3,1270.89,639,357,128,15,0.37315,937,2.25307,1
APP-202502-06-060,2025-02-14,0,Fjord,3727.89,3805.8,0.30673,0.3068,0.43413,0.45007,162,4,1820.09,652,376,175,46,0.3581,37,2.50383,1
APP-202502-06-061,2025-02-21,0,Fjord,-1111,3868.03,0.3481,-1111,0.4845,0.48806,-999,0,-1111,-1111,,11,77,0.37949,134,2.50398,1
APP-202502-06-062,2025-02-01,0,Fjord,3893.96,3906.7,0.33849,0.34291,0.42883,0.42039,184,1,1525.6,-1111,,58,7,0.40778,231,2.52891,1
APP-202502-06-063,2025-02-08,0,Fjord,4223.73,4285.73,0.32566,0.32746,0.41011,0.40184,15,2,1664.97,-1111,,105,38,0.41025,328,2.85638,1
APP-202502-06-064,2025-02-15,0,Fjord,4270.08,4315.7,0.41245,0.411,0.19754,0.2124,26,3,1811.8,-1111,452,152,69,0.47214,425,2.55353,1
APP-202502-06-065,2025-02-22,0,Fjord,4421.36,4477.4,-1,0.40185,0.11018,0.1168,37,4,,-1111,471,199,100,0.45736,522,2.71621,1
APP-202502-06-066,2025-02-02,1,Fjord,4546.05,4622.02,0.62643,0.61626,0.56224,0.58367,48,2,1104.0,-1111,-1,35,30,0.25644,619,1.69948,1
APP-202502-06-067,2025-02-09,0,Fjord,4666.5,4710.21,0.42106,0.41115,0.28884,0.28912,59,1,2200.36,-1111,-1,82,61,0.32323,716,2.75953,1
APP-202502-06-068,2025-02-16,0,Fjord,4852.07,4939.94,0.46179,0.45526,0.56276,0.57884,70,2,2005.42,-1111,-1,129,92,0.31382,813,2.55578,1
APP-202502-06-069,2025-02-23,0,Fjord,4722.14,4753.27,0.23487,0.23355,0.19588,0.1947,81,3,-1,-1111,547,176,22,0.31379,910,3.5987,1
APP-202502-06-070,2025-02-03,0,Fjord,4917.9,4992.11,0.19682,0.19786,0.29437,0.29815,92,4,2454.35,-1111,566,12,53,0.38416,10,3.95573,1
APP-202502-06-071,2025-02-10,0,Fjord,4962.09,-999,0.23071,0.23618,0.30839,0.31106,-1111,-1111,2215.11,-1111,-999,59,84,0.35455,107,3.87789,1
APP-202502-06-072,2025-02-17,0,Fjord,5088.55,5162.85,0.24186,0.2433,0.16111,0.15862,114,1,2280.81,-1111,-999,106,14,0.37002,204,3.98485,1
APP-202502-06-073,2025-02-24,0,Fjord,5327.02,5386.06,0.28716,0.2808,0.3451,0.36181,125,2,-999,-1111,-999,153,45,0.36622,301,3.72395,1
APP-202502-06-074,2025-02-04,0,Fjord,5109.47,5171.17,0.25481,0.25841,0.15616,0.16304,136,3,2189.66,524,162,200,76,0.41937,398,3.97399,1
APP-202502-06-075,2025-02-11,0,Fjord,5628.54,5650.21,0.26529,0.26437,0.28692,0.28861,147,4,2109.22,537,181,36,6,0.39029,495,4.02862,1
APP-202502-06-076,2025-02-18,1,Fjord,5721.57,5769.06,0.49746,0.49895,0.46699,0.48038,158,2,1967.84,550,-1111,83,37,0.41269,592,3.05946,1
APP-202502-06-077,2025-02-25,0,Fjord,5810.49,5848.23,0.36037,0.35691,0.57189,0.57425,169,1,-1111,563,-1111,130,68,0.44454,689,3.70192,1
APP-202502-06-078,2025-02-05,0,Fjord,5604.03,5661.1,0.31239,0.30389,0.36371,0.37028,180,2,2805.49,576,-1111,177,99,0.45438,786,3.90134,1
APP-202502-06-079,2025-02-12,0,Fjord,5894.17,5933.13,0.36791,0.36621,0.11814,0.1228,11,3,2428.24,589,257,13,29,0.32894,883,3.77936,1
APP-202502-06-080,2025-02-19,0,Fjord,6000.47,6074.15,0.38345,0.38472,0.3205,0.33061,22,4,2608.45,602,276,60,60,0.31607,980,3.7081,1
APP-202503-06-001,2025-03-06,0,Fjord,,3622.09,-999,,,0.04734,,0,,,,145,35,0.31463,297,3.1671,1
APP-202503-06-002,2025-03-13,1,Fjord,3778.15,3807.99,0.41668,0.41514,0.35136,0.35777,64,3,1810.28,,,192,66,0.32345,394,2.16482,1
APP-202503-06-003,2025-03-20,0,Fjord,3798.89,3870.19,0.21261,0.20013,0.20299,0.21261,75,2,1878.74,,,28,97,0.36468,491,3.00452,1
APP-202503-06-004,2025-03-27,0,Fjord,4017.59,4098.53,0.20804,0.20727,0.25837,0.26512,86,3,1721.37,,272,75,27,0.3742,588,3.17726,1
APP-202503-06-005,2025-03-07,0,Fjord,4026.41,4093.57,0.23117,0.22843,0.20007,0.18693,97,4,-1,,291,122,58,0.40809,685,3.10101,1
APP-202503-06-006,2025-03-14,0,Fjord,4162.12,4182.49,0.27484,0.27533,0.2499,0.25812,108,0,1965.6,,-1,169,89,0.37735,782,2.96856,1
APP-202503-06-007,2025-03-21,0,Fjord,4332.12,4397.77,0.2911,0.29473,0.22655,0.21265,119,1,1969.32,,-1,5,19,0.43086,879,3.0766,1
APP-202503-06-008,2025-03-01,0,Fjord,4428.17,4454.15,0.31054,0.30677,0.05,0.05027,130,2,2092.13,,-1,52,50,0.42185,976,3.14438,1
APP-202503-06-009,2025-03-08,0,Fjord,4616.22,4676.12,0.29765,0.29071,0.51612,0.50459,141,3,-999,,367,99,81,0.39352,76,3.19769,1
APP-202503-06-010,2025-03-15,0,Fjord,4601.06,4644.69,0.36707,0.35402,0.42444,0.44287,152,4,1816.4,,386,146,11,0.41573,173,3.01731,1
APP-202503-06-011,2025-03-22,0,Fjord,4957.77,4995.18,0.35399,0.35266,0.29907,0.29288,-1,0,2124.87,,-999,193,42,0.42927,270,3.26133,1
APP-202503-06-012,2025-03-02,0,Fjord,4827.4,4886.76,0.41458,0.41063,0.60352,0.61858,174,1,2290.44,,-999,29,73,0.43398,367,2.88922,1
APP-202503-06-013,2025-03-09,1,Fjord,5124.36,5214.92,0.59329,0.59017,0.78679,0.79561,185,4,-1111,,-999,76,3,0.50277,464,1.93092,1
APP-202503-06-014,2025-03-16,0,Fjord,5253.11,5312.73,0.38927,0.3862,0.47049,0.4803,16,3,2193.59,674,462,123,34,0.34161,561,3.22838,1
APP-202503-06-015,2025-03-23,0,Fjord,5278.0,5291.64,0.39923,0.39768,0.18491,0.184,27,4,2268.08,687,481,170,65,0.31999,658,3.06664,1
APP-202503-06-016,2025-03-03,0,Fjord,5543.32,-1111,0.48301,0.48418,0.39846,0.40099,38,0,2029.49,700,-1111,6,96,0.35085,755,2.8054,1
APP-202503-06-017,2025-03-10,0,Fjord,5402.32,5500.96,-1111,0.48727,0.34094,-1,49,1,,713,-1111,53,26,0.34766,852,2.65002,1
APP-202503-06-018,2025-03-17,0,Fjord,5597.9,5658.23,0.22162,0.22066,0.2633,0.27189,60,2,3162.15,726,-1111,100,57,0.362,949,4.48681,1
APP-202503-06-019,2025-03-24,0,Fjord,5609.83,5680.98,0.20929,0.20328,0.26998,0.2782,71,3,2743.03,429,557,147,88,0.39169,49,4.40755,1
APP-202503-06-020,2025-03-04,0,Fjord,5762.46,5830.42,0.22169,0.21307,0.37055,0.3714,82,4,2941.56,442,576,194,18,0.37161,146,4.53073,1
APP-202503-06-021,2025-03-11,0,Fjord,-1,6138.57,0.20866,-1,0.21539,0.22653,-999,0,-1,-1,,30,49,0.391,243,4.95592,1
APP-202503-06-022,2025-03-18,0,Fjord,5978.29,6057.42,0.20729,0.20103,0.09856,0.10214,104,1,2998.4,-1,,77,80,0.4381,340,4.65633,1
APP-202503-06-023,2025-03-25,0,Fjord,6245.7,6299.98,0.26012,0.24988,0.28541,0.29434,115,2,2814.15,-1,,124,10,0.43365,437,4.6708,1
APP-202503-06-024,2025-03-05,1,Fjord,6231.59,6286.55,0.51851,0.51766,0.4391,0.43586,126,5,2292.81,-1,172,171,41,0.45329,534,2.8852,1
APP-202503-06-025,2025-03-12,0,Fjord,6526.32,6598.84,0.3268,0.32476,0.36458,0.36448,137,4,-999,-1,191,7,72,0.51278,631,4.43756,1
APP-202503-06-026,2025-03-19,0,Fjord,6565.59,6624.28,0.34135,0.33723,0.26547,0.24484,148,0,2960.39,-1,-1,54,2,0.44528,728,4.31512,1
APP-202503-06-027,2025-03-26,0,Fjord,6614.19,6685.96,0.33561,0.33531,0.39797,0.38776,159,1,2898.63,-1,-1,101,33,0.32698,825,4.53569,1
APP-202503-06-028,2025-03-06,0,Fjord,6867.08,6967.79,0.33285,0.33028,0.50127,0.49623,170,2,3223.1,-1,-1,148,64,0.31588,922,4.48382,1
APP-202503-06-029,2025-03-13,0,Fjord,6986.93,7047.44,0.40716,0.39883,0.30393,0.29015,181,3,-1111,-1,267,195,95,0.3371,22,4.06403,1
APP-202503-06-030,2025-03-20,0,Fjord,3649.7,3676.83,0.43616,0.43288,0.35574,0.35895,12,4,1518.43,-1,286,31,25,0.39918,119,2.07845,1
APP-202503-06-031,2025-03-27,0,Fjord,3788.14,3819.1,0.47381,0.46771,0.35021,0.35285,-1111,0,1386.02,-1,-999,78,56,0.39068,216,2.11018,1
APP-202503-06-032,2025-03-07,0,Fjord,3907.89,3974.08,0.35626,0.35249,0.29138,0.28951,34,1,1952.04,-1,-999,125,87,0.36522,313,2.45588,1
APP-202503-06-033,2025-03-14,0,Fjord,3897.51,3913.97,,0.46816,0.34898,0.35623,45,2,,-1,-999,172,17,0.43658,410,2.1565,1
APP-202503-06-034,2025-03-21,0,Fjord,3895.15,3947.64,0.48839,0.48277,0.66631,0.66018,56,3,1293.61,624,362,8,48,0.41947,507,1.99537,1
APP-202503-06-035,2025-03-01,1,Fjord,4208.05,4247.66,0.39511,0.38984,0.68173,0.67802,67,6,2355.66,637,381,55,79,0.40179,604,2.58782,1
APP-202503-06-036,2025-03-08,0,Fjord,4356.88,4407.36,0.23446,0.23245,0.09952,0.09241,78,0,1902.22,650,-1111,102,9,0.44768,701,3.24037,1
APP-202503-06-037,2025-03-15,0,Fjord,4273.95,4317.27,0.18124,0.18079,0.38942,0.38598,89,1,-1,663,-1111,149,40,0.44482,798,3.41321,1
APP-202503-06-038,2025-03-22,0,Fjord,4524.69,4572.49,0.22869,0.2341,0.28472,0.29174,100,2,1971.87,676,-1111,196,71,0.40075,895,3.49497,1
APP-202503-06-039,2025-03-02,0,Fjord,4668.54,4700.59,0.25349,0.24689,0.61542,0.61989,111,3,2088.52,689,457,32,1,0.45953,992,3.49334,1
APP-202503-06-040,2025-03-09,0,Fjord,4694.97,4733.2,0.26191,0.26166,0.22769,0.23932,122,4,2250.18,702,476,79,32,0.31919,92,3.36,1
APP-202503-06-041,2025-03-16,0,Fjord,-999,,0.30227,-999,-1,0.49824,,,-999,-999,,126,63,0.34723,189,3.46332,1
APP-202503-06-042,2025-03-23,0,Fjord,4970.73,5002.29,0.2866,0.27822,0.37395,0.38067,144,1,2131.9,-999,,173,94,0.32026,286,3.56701,1
APP-202503-06-043,2025-03-03,0,Fjord,5308.4,5375.98,0.35256,0.34614,0.23608,0.23866,155,2,2205.3,-999,,9,24,0.35154,383,3.45267,1
APP-202503-06-044,2025-03-10,0,Fjord,5297.78,5349.48,0.33109,0.33632,0.08418,0.08151,166,3,2173.75,-999,552,56,55,0.38737,480,3.60978,1
APP-202503-06-045,2025-03-17,0,Fjord,5342.87,5413.93,0.3391,0.33895,0.32922,0.34267,177,4,-1111,-999,571,103,86,0.39161,577,3.52267,1
APP-202503-06-046,2025-03-24,1,Fjord,5440.21,5524.93,0.58342,0.56968,0.63536,0.6494,8,2,1852.49,-999,-1,150,16,0.41739,674,2.14852,1
APP-202503-06-047,2025-03-04,0,Fjord,5575.37,5647.93,0.40842,0.4065,0.34552,0.3497,19,1,2294.5,-999,-1,197,47,0.40418,771,3.28596,1
APP-202503-06-048,2025-03-11,0,Fjord,5792.73,5868.08,0.36289,0.36067,0.37961,0.38298,30,2,2780.83,-999,-1,33,78,0.41377,868,3.71099,1
APP-202503-06-049,2025-03-18,0,Fjord,5773.18,5821.49,-1,0.42938,0.35885,0.37052,41,3,,-999,167,80,8,0.44271,965,3.40301,1
APP-202503-06-050,2025-03-25,0,Fjord,5865.32,5932.86,0.44207,0.43905,0.38139,0.3927,52,4,2325.42,-999,186,127,39,0.42417,65,3.29496,1
APP-202503-06-051,2025-03-05,0,Fjord,6111.83,6198.22,0.49008,0.48346,0.26863,0.26401,-1,0,2675.68,-999,-999,174,70,0.4692,162,3.09696,1
APP-202503-06-052,2025-03-12,0,Fjord,6164.22,6246.03,0.21398,0.21049,0.09506,0.07577,74,1,2909.1,-999,-999,10,0,0.48676,259,4.88782,1
APP-202503-06-053,2025-03-19,0,Fjord,6338.34,6374.13,0.18088,0.18093,0.07022,0.06887,85,2,-1,-999,-999,57,31,0.37071,356,5.1337,1
APP-202503-06-054,2025-03-26,0,Fjord,6602.46,6678.35,0.21801,0.21645,0.21205,0.21187,96,3,2957.52,574,262,104,62,0.31749,453,5.14078,1
APP-202503-06-055,2025-03-06,0,Fjord,6680.37,6722.75,0.2353,0.23123,0.2451,0.23781,107,4,3022.82,587,281,151,93,0.34314,550,5.09106,1
APP-202503-06-056,2025-03-13,0,Fjord,6570.18,6639.22,0.28966,0.29538,0.50191,0.50357,118,0,3058.34,600,-1111,198,23,0.33468,647,4.62712,1
APP-202503-06-057,2025-03-20,1,Fjord,6784.05,6864.55,0.48321,0.48235,0.50001,0.51117,129,3,-999,613,-1111,34,54,0.40227,744,3.48023,1
APP-202503-06-058,2025-03-27,0,Fjord,6991.45,7064.02,0.25889,0.25588,0.37082,0.38708,140,2,3131.76,626,-1111,81,85,0.3921,841,5.14377,1
APP-202503-06-059,2025-03-07,0,Fjord,3741.36,3754.03,0.30262,0.304,0.21786,0.21926,151,3,1930.49,639,357,128,15,0.39525,938,2.56217,1
APP-202503-06-060,2025-03-14,0,Fjord,3850.74,3912.61,0.33801,0.33597,0.32759,0.33455,162,4,1713.9,652,376,175,46,0.40635,38,2.42531,1
APP-202503-06-061,2025-03-21,0,Fjord,-1111,4071.32,0.33543,-1111,0.44525,0.44996,-999,0,-1111,-1111,,11,77,0.43098,135,2.72685,1
APP-202503-06-062,2025-03-01,0,Fjord,3708.71,3769.76,0.39152,0.38798,0.42346,0.42244,184,1,1535.39,-1111,,58,7,0.4204,232,2.32807,1
APP-202503-06-063,2025-03-08,0,Fjord,4238.08,4269.31,0.36482,0.35787,0.42787,0.4272,15,2,1957.28,-1111,,105,38,0.41147,329,2.66251,1
APP-202503-06-064,2025-03-15,0,Fjord,4199.81,4265.12,0.38932,0.3834,0.23457,0.23069,26,3,1955.9,-1111,452,152,69,0.4449,426,2.6166,1
APP-202503-06-065,2025-03-22,0,Fjord,4190.08,4256.56,-999,0.44025,0.16652,-999,37,4,,-1111,471,199,100,0.4638,523,2.38353,1
APP-202503-06-066,2025-03-02,0,Fjord,4374.9,-1,0.42078,0.41741,0.24075,0.26477,48,0,1925.54,-1111,-1,35,30,0.31787,620,2.51049,1
APP-202503-06-067,2025-03-09,0,Fjord,4586.88,4674.05,0.4243,0.41715,0.39691,0.40308,59,1,1895.44,-1111,-1,82,61,0.36908,717,2.73113,1
APP-202503-06-068,2025-03-16,1,Fjord,4584.89,4656.46,0.64173,0.63553,0.81551,0.82712,70,4,1200.58,-1111,-1,129,92,0.34808,814,1.6197,1
APP-202503-06-069,2025-03-23,0,Fjord,4873.65,4921.92,0.15578,0.15096,0.34772,0.33923,81,3,-1,-1111,547,176,22,0.33624,911,4.16345,1
APP-202503-06-070,2025-03-03,0,Fjord,5069.44,5095.96,0.25651,0.26045,0.55933,0.57343,92,4,2584.66,-1111,566,12,53,0.40008,11,3.9549,1
APP-202503-06-071,2025-03-10,0,Fjord,4991.23,5055.51,0.20306,0.20868,0.20858,0.22577,-1111,0,2463.93,-1111,-999,59,84,0.3879,108,4.06803,1
APP-202503-06-072,2025-03-17,0,Fjord,5338.66,5403.76,0.20192,0.20143,0.25791,0.26231,114,1,2747.58,-1111,-999,106,14,0.41659,205,4.28944,1
APP-202503-06-073,2025-03-24,0,Fjord,5240.15,5297.32,0.27766,0.28287,0.17657,0.17478,125,2,-999,-1111,-999,153,45,0.42443,302,3.80934,1
APP-202503-06-074,2025-03-04,0,Fjord,5408.42,5458.27,0.26219,0.26259,0.24888,0.24729,136,3,2865.3,524,162,200,76,0.41401,399,3.95554,1
APP-202503-06-075,2025-03-11,0,Fjord,5384.94,5415.02,0.22645,0.22027,0.26051,0.2841,147,4,2622.97,537,181,36,6,0.43778,496,4.17397,1
APP-202503-06-076,2025-03-18,0,Fjord,5603.24,5645.34,0.3226,0.31695,0.44081,0.43,158,0,2054.14,550,-1111,83,37,0.43267,593,3.80095,1
APP-202503-06-077,2025-03-25,0,Fjord,5596.68,5660.74,0.31584,0.3111,0.49005,0.49941,169,1,-1111,563,-1111,130,68,0.47743,690,3.79877,1
APP-202503-06-078,2025-03-05,0,Fjord,5660.53,5729.25,0.30529,0.30817,0.05,0.05394,180,2,2687.72,576,-1111,177,99,0.46389,787,3.92225,1
APP-202503-06-079,2025-03-12,1,Fjord,6028.94,6127.44,0.56891,0.56068,0.54303,0.54549,11,5,2205.36,589,257,13,29,0.37204,884,2.51462,1
APP-202503-06-080,2025-03-19,0,Fjord,6230.15,6268.76,0.40478,0.40522,0.57381,0.59806,22,4,2566.12,602,276,60,60,0.321,981,3.63833,1
APP-202504-06-001,2025-04-06,0,Fjord,3460.48,3513.24,0.20703,0.20505,0.25639,0.25409,53,0,1695.2,505,215,145,35,0.36611,298,2.79313,1
APP-202504-06-002,2025-04-13,0,Fjord,3685.98,3709.43,0.17831,0.17478,0.15164,0.14299,64,1,1463.23,518,234,192,66,0.35995,395,3.13874,1
APP-202504-06-003,2025-04-20,0,Fjord,3846.11,3863.46,0.22069,0.21956,0.25466,0.25092,75,2,2166.76,531,253,28,97,0.36286,492,3.0176,1
APP-202504-06-004,2025-04-27,1,Fjord,4121.02,4140.94,0.4731,0.47375,0.45286,0.45762,86,5,1349.98,544,272,75,27,0.39782,589,2.2415,1
APP-202504-06-005,2025-04-07,0,Fjord,4149.53,4190.29,0.2431,0.23882,0.32002,0.31676,97,4,1860.93,557,291,122,58,0.34942,686,3.0978,1
APP-202504-06-006,2025-04-14,0,Fjord,4226.47,4300.07,0.27274,0.27176,0.4224,0.41193,108,0,2295.73,570,310,169,89,0.41553,783,3.06691,1
APP-202504-06-007,2025-04-21,0,Fjord,4203.88,4216.41,0.29552,0.29555,0.4324,0.44175,119,1,1898.85,583,329,5,19,0.4184,880,3.00212,1
APP-202504-06-008,2025-04-01,0,Fjord,4483.18,4511.78,0.33116,0.33269,0.31454,0.32753,130,2,1658.34,596,348,52,50,0.43785,977,2.96283,1
APP-202504-06-009,2025-04-08,0,Fjord,4483.7,4550.8,0.3252,0.31782,0.09836,0.10361,141,3,2022.62,609,367,99,81,0.44074,77,2.9846,1
APP-202504-06-010,2025-04-15,0,Fjord,4838.69,4913.32,0.3329,0.32712,0.36418,0.36186,152,4,2020.92,622,386,146,11,0.44668,174,3.16568,1
APP-202504-06-011,2025-04-22,0,Fjord,4853.09,4917.18,0.35344,0.35189,0.34803,0.34374,163,0,2037.93,635,405,193,42,0.4699,271,3.11327,1
APP-202504-06-012,2025-04-02,0,Fjord,5237.91,5274.37,0.38,0.37647,0.53348,0.53941,174,1,2492.7,648,424,29,73,0.48112,368,3.17001,1
APP-202504-06-013,2025-04-09,1,Fjord,5060.78,5147.19,0.63074,0.62372,0.56474,0.56275,185,4,1999.47,661,443,76,3,0.48856,465,1.7732,1
APP-202504-06-014,2025-04-16,0,Fjord,5268.37,5322.74,0.4249,0.4245,0.61795,0.61747,16,3,1870.66,674,462,123,34,0.38895,562,2.9563,1
APP-202504-06-015,2025-04-23,0,Fjord,5267.94,5320.69,0.42063,0.41525,0.50956,0.50805,27,4,2387.96,687,481,170,65,0.32675,659,3.02933,1
APP-202504-06-016,2025-04-03,0,Fjord,5385.88,5451.32,0.44254,0.43892,0.19214,0.19427,38,0,2080.13,700,500,6,96,0.35402,756,2.97769,1
APP-202504-06-017,2025-04-10,0,Fjord,5454.97,5484.58,0.48761,0.47713,0.49838,0.49919,49,1,2398.72,713,519,53,26,0.38292,853,2.90815,1
APP-202504-06-018,2025-04-17,0,Fjord,5539.31,5585.77,0.16133,0.15711,0.13023,0.13377,60,2,2982.41,726,538,100,57,0.39153,950,4.61802,1
APP-202504-06-019,2025-04-24,0,Fjord,5816.91,5884.22,0.25407,0.25031,0.43222,0.42748,71,3,2608.24,429,557,147,88,0.43176,50,4.3244,1
APP-202504-06-020,2025-04-04,0,Fjord,6038.57,6130.11,0.19577,0.19656,0.37321,0.36412,82,4,3283.9,442,576,194,18,0.44806,147,4.7426,1
APP-202504-06-021,2025-04-11,0,Fjord,5701.42,5744.87,0.27876,0.28022,0.42973,0.44638,93,0,2624.66,455,115,30,49,0.40514,244,4.12116,1
APP-202504-06-022,2025-04-18,1,Fjord,6045.85,6103.62,0.49024,0.48798,0.41452,0.41864,104,3,2191.94,468,134,77,80,0.44013,341,3.21441,1
APP-202504-06-023,2025-04-25,0,Fjord,6107.29,6176.76,0.29949,0.30322,0.33232,0.33851,115,2,2728.87,481,153,124,10,0.43468,438,4.34126,1
APP-202504-06-024,2025-04-05,0,Fjord,6295.23,6339.88,0.31682,0.31598,0.16768,0.17368,126,3,2805.52,494,172,171,41,0.47202,535,4.2691,1
APP-202504-06-025,2025-04-12,0,Fjord,6202.17,6309.64,0.31046,0.30546,0.23831,0.23973,137,4,2854.96,507,191,7,72,0.49176,632,4.30569,1
APP-202504-06-026,2025-04-19,0,Fjord,6497.37,6576.67,0.32744,0.31886,0.31897,0.32181,148,0,3163.07,520,210,54,2,0.49427,729,4.37797,1
APP-202504-06-027,2025-04-26,0,Fjord,6680.91,6784.64,0.32758,0.32178,0.4693,0.4916,159,1,2604.46,533,229,101,33,0.35834,826,4.608,1
APP-202504-06-028,2025-04-06,0,Fjord,6748.07,6828.71,0.37264,0.36742,0.52539,0.52033,170,2,2796.13,546,248,148,64,0.35863,923,4.36747,1
APP-202504-06-029,2025-04-13,0,Fjord,6830.26,6946.53,0.38805,0.38061,0.35788,0.36351,181,3,2479.61,559,267,195,95,0.36679,23,4.23524,1
APP-202504-06-030,2025-04-20,0,Fjord,3716.65,3735.27,0.44096,0.44323,0.51423,0.51153,12,4,1576.32,572,286,31,25,0.38003,120,2.1563,1
APP-202504-06-031,2025-04-27,1,Fjord,3645.35,3726.05,0.63143,0.63222,0.59196,0.60039,23,2,1317.47,585,305,78,56,0.42732,217,1.3734,1
APP-202504-06-032,2025-04-07,0,Fjord,3636.83,3663.31,0.44631,0.44095,0.24856,0.23525,34,1,1339.06,598,324,125,87,0.41465,314,2.06243,1
APP-202504-06-033,2025-04-14,0,Fjord,3917.54,3978.75,0.40792,0.406,0.39114,0.39206,45,2,1442.02,611,343,172,17,0.43646,411,2.26459,1
APP-202504-06-034,2025-04-21,0,Fjord,4088.34,4136.71,0.49578,0.49056,0.48266,0.48177,56,3,1907.24,624,362,8,48,0.42614,508,1.98722,1
APP-202504-06-035,2025-04-01,0,Fjord,4279.44,4324.71,0.1922,0.19794,0.4274,0.43784,67,4,2082.0,637,381,55,79,0.44411,605,3.32359,1
APP-202504-06-036,2025-04-08,0,Fjord,4352.59,4433.14,0.23742,0.23805,0.25876,0.27052,78,0,2075.66,650,400,102,9,0.46374,702,3.25872,1
APP-202504-06-037,2025-04-15,0,Fjord,4273.16,4366.65,0.27029,0.2638,0.18587,0.18226,89,1,2362.33,663,419,149,40,0.45745,799,3.01591,1
APP-202504-06-038,2025-04-22,0,Fjord,4452.07,4562.31,0.24106,0.23893,0.28723,0.29498,100,2,2084.38,676,438,196,71,0.46209,896,3.52181,1
APP-202504-06-039,2025-04-02,0,Fjord,4684.02,4759.84,0.24468,0.2414,0.34744,0.35942,111,3,2287.34,689,457,32,1,0.48391,993,3.50235,1
APP-202504-06-040,2025-04-09,1,Fjord,4745.18,4785.86,0.46345,0.46307,0.51871,0.53093,122,6,2049.5,702,476,79,32,0.34441,93,2.55228,1
APP-202505-06-001,2025-05-06,0,Fjord,3650.97,3686.67,0.16668,0.17134,0.1951,0.18804,53,0,2099.5,505,215,145,35,0.37697,299,3.05213,1
APP-202505-06-002,2025-05-13,0,Fjord,3538.89,3601.2,0.17309,0.17347,0.21725,0.20501,64,1,1731.64,518,234,192,66,0.37264,396,2.90379,1
APP-202505-06-003,2025-05-20,0,Fjord,3669.03,3727.09,0.22929,0.22194,0.27367,0.26236,75,2,1588.28,531,253,28,97,0.39801,493,2.76141,1
APP-202505-06-004,2025-05-27,0,Fjord,3957.71,4006.29,0.24275,0.24231,0.46832,0.47346,86,3,1639.99,544,272,75,27,0.43107,590,3.04695,1
APP-202505-06-005,2025-05-07,0,Fjord,3981.46,4021.28,0.28963,0.28642,0.2481,0.22769,97,4,1844.12,557,291,122,58,0.39721,687,2.78845,1
APP-202505-06-006,2025-05-14,0,Fjord,4304.99,4352.32,0.29658,0.29225,0.41966,0.43275,108,0,1977.79,570,310,169,89,0.40421,784,3.185,1
APP-202505-06-007,2025-05-21,0,Fjord,4717.08,4801.46,0.29647,0.29875,0.38251,0.40085,119,1,2404.01,583,329,5,19,0.43692,881,3.38261,1
APP-202505-06-008,2025-05-01,1,Fjord,4603.14,4678.03,0.49991,0.48874,0.32891,0.33941,130,4,1963.99,596,348,52,50,0.44447,978,2.37671,1
APP-202505-06-009,2025-05-08,0,Fjord,4425.04,4456.6,0.29586,0.29377,0.17504,0.19224,141,3,1512.82,609,367,99,81,0.44596,78,3.17509,1
APP-202505-06-010,2025-05-15,0,Fjord,4842.5,4880.4,0.33683,0.33461,0.23459,0.22863,152,4,1894.85,622,386,146,11,0.44721,175,3.23093,1
APP-202505-06-011,2025-05-22,0,Fjord,4730.5,4739.85,0.37114,0.37458,0.28262,0.293,163,0,2224.53,635,405,193,42,0.48789,272,3.0801,1
APP-202505-06-012,2025-05-02,0,Fjord,4880.39,4937.71,0.34933,0.35218,0.22607,0.23705,174,1,2417.92,648,424,29,73,0.53097,369,3.14607,1
APP-202505-06-013,2025-05-09,0,Fjord,5341.94,5384.34,0.38644,0.38466,0.48743,0.48213,185,2,2205.95,661,443,76,3,0.4981,466,3.29875,1
APP-202505-06-014,2025-05-16,0,Fjord,5040.48,5094.13,0.38493,0.38574,0.47559,0.47614,16,3,2111.22,674,462,123,34,0.37204,563,3.16567,1
APP-202505-06-015,2025-05-23,0,Fjord,5385.61,5457.63,0.43976,0.4311,0.18066,0.18685,27,4,2276.53,687,481,170,65,0.39596,660,3.0476,1
APP-202505-06-016,2025-05-03,0,Fjord,5454.18,5486.58,0.41011,0.41016,0.39531,0.40976,38,0,2068.57,700,500,6,96,0.39214,757,3.2864,1
APP-202505-06-017,2025-05-10,0,Fjord,5380.99,5469.91,0.51852,0.5103,0.57147,0.57939,49,1,2165.6,713,519,53,26,0.43689,854,2.55513,1
APP-202505-06-018,2025-05-17,0,Fjord,5740.14,5822.31,0.18323,0.18925,0.05,0.05951,60,2,2931.34,726,538,100,57,0.4063,951,4.61221,1
APP-202505-06-019,2025-05-24,0,Fjord,5678.54,5761.76,0.1386,0.13976,0.47693,0.47154,71,3,3056.55,429,557,147,88,0.43713,51,4.81095,1
APP-202505-06-020,2025-05-04,0,Fjord,5984.73,6058.48,0.23112,0.22508,0.25828,0.26723,82,4,3490.88,442,576,194,18,0.44577,148,4.58588,1
APP-202505-06-021,2025-05-11,0,Fjord,6006.62,6089.46,0.223,0.21488,0.30626,0.3134,93,0,2817.17,455,115,30,49,0.42195,245,4.62203,1
APP-202505-06-022,2025-05-18,0,Fjord,6158.78,6228.96,0.27153,0.2667,0.17148,0.16401,104,1,2657.52,468,134,77,80,0.4953,342,4.43306,1
APP-202505-06-023,2025-05-25,0,Fjord,6210.37,6310.12,0.26729,0.27181,0.34417,0.34995,115,2,2771.38,481,153,124,10,0.51681,439,4.46697,1
APP-202505-06-024,2025-05-05,0,Fjord,6302.2,6353.5,0.29939,0.29745,0.40336,0.38995,126,3,3168.01,494,172,171,41,0.51268,536,4.41226,1
APP-202505-06-025,2025-05-12,0,Fjord,6347.02,6443.68,0.33511,0.33815,0.53857,0.54293,137,4,2230.69,507,191,7,72,0.52949,633,4.34062,1
APP-202505-06-026,2025-05-19,0,Fjord,6572.68,6650.01,0.32619,0.33102,0.23773,0.23191,148,0,2869.02,520,210,54,2,0.53025,730,4.36492,1
APP-202505-06-027,2025-05-26,0,Fjord,6784.09,6929.5,0.32775,0.32982,0.37195,0.36917,159,1,2806.34,533,229,101,33,0.37489,827,4.54799,1
APP-202505-06-028,2025-05-06,0,Fjord,6741.26,6816.5,0.4067,0.41438,0.64446,0.63039,170,2,2986.3,546,248,148,64,0.39287,924,3.82302,1
APP-202505-06-029,2025-05-13,0,Fjord,6917.48,7009.14,0.40545,0.40557,0.3835,0.38285,181,3,3071.33,559,267,195,95,0.37868,24,4.17048,1
APP-202505-06-030,2025-05-20,0,Fjord,3517.29,3580.91,0.44827,0.44164,0.29233,0.30245,12,4,1461.03,572,286,31,25,0.41525,121,1.78181,1
APP-202505-06-031,2025-05-27,0,Fjord,3752.96,3803.26,0.40465,0.40444,0.2724,0.26142,23,0,1307.51,585,305,78,56,0.43058,218,2.16924,1
APP-202505-06-032,2025-05-07,0,Fjord,3879.52,3928.33,0.45597,0.45825,0.33278,0.33658,34,1,1541.33,598,324,125,87,0.45635,315,2.17729,1
APP-202505-06-033,2025-05-14,0,Fjord,4123.21,4201.41,0.44739,0.44537,0.43026,0.44081,45,2,1798.8,611,343,172,17,0.40892,412,2.3664,1
APP-202505-06-034,2025-05-21,0,Fjord,4306.04,4372.66,0.4545,0.45151,0.55857,0.55475,56,3,1527.71,624,362,8,48,0.49288,509,2.33311,1
APP-202505-06-035,2025-05-01,0,Fjord,4306.52,4379.39,0.19526,0.18981,0.13386,0.12655,67,4,1954.82,637,381,55,79,0.46684,606,3.52693,1
APP-202505-06-036,2025-05-08,0,Fjord,4277.85,4380.36,0.21371,0.21126,0.06504,0.05509,78,0,2174.69,650,400,102,9,0.48524,703,3.34093,1
APP-202505-06-037,2025-05-15,0,Fjord,4413.95,4436.23,0.23872,0.23443,0.09148,0.09455,89,1,2532.38,663,419,149,40,0.49943,800,3.3138,1
APP-202505-06-038,2025-05-22,0,Fjord,4647.92,4691.15,0.25715,0.2571,0.35431,0.35756,100,2,2157.53,676,438,196,71,0.47191,897,3.45377,1
APP-202505-06-039,2025-05-02,0,Fjord,4779.51,4859.51,0.24999,0.24631,0.40354,0.41691,111,3,2270.34,689,457,32,1,0.50248,994,3.50137,1
APP-202505-06-040,2025-05-09,0,Fjord,4776.56,4841.37,0.25394,0.25147,0.42019,0.42201,122,4,1961.94,702,476,79,32,0.34301,94,3.48655,1
APP-202505-06-041,2025-05-16,0,Fjord,4930.52,4987.44,0.25312,0.25004,0.28632,0.28256,133,0,2141.56,715,495,126,63,0.38868,191,3.62221,1
APP-202505-06-042,2025-05-23,0,Fjord,5029.95,5102.3,0.30733,0.3076,0.34606,0.33759,144,1,2328.7,728,514,173,94,0.37082,288,3.3386,1
APP-202505-06-043,2025-05-03,0,Fjord,5075.91,5165.48,0.33395,0.33155,0.10579,0.11512,155,2,2161.41,431,533,9,24,0.39589,385,3.51733,1
APP-202505-06-044,2025-05-10,1,Fjord,5205.23,5305.05,0.53698,0.53141,0.49784,0.50449,166,5,1906.47,444,552,56,55,0.42966,482,2.49984,1
APP-202505-06-045,2025-05-17,0,Fjord,5350.63,5442.53,0.32838,0.31933,0.31473,0.32779,177,4,2181.56,457,571,103,86,0.43979,579,3.43321,1
APP-202505-06-046,2025-05-24,0,Fjord,5420.78,5506.94,0.39927,0.39948,0.43212,0.43311,8,0,2286.13,470,110,150,16,0.44679,676,3.09238,1
APP-202505-06-047,2025-05-04,0,Fjord,5761.22,5868.96,0.41409,0.41119,0.27661,0.27769,19,1,2318.61,483,129,197,47,0.45209,773,3.18499,1
APP-202505-06-048,2025-05-11,0,Fjord,5785.49,5878.99,0.40203,0.40105,0.58502,0.57119,30,2,2330.35,496,148,33,78,0.4512,870,3.36267,1
APP-202505-06-049,2025-05-18,0,Fjord,5720.58,5838.12,0.41843,0.41303,0.50227,0.50997,41,3,2182.8,509,167,80,8,0.44895,967,3.26874,1
APP-202505-06-050,2025-05-25,0,Fjord,5861.94,5930.17,0.44604,0.44392,0.38397,0.37967,52,4,2063.63,522,186,127,39,0.51326,67,3.25024,1
APP-202505-06-051,2025-05-05,0,Fjord,5924.76,5989.18,0.4741,0.46729,0.26065,0.26369,63,0,2371.8,535,205,174,70,0.51152,164,3.17548,1
APP-202505-06-052,2025-05-12,0,Fjord,6273.33,6345.45,0.14009,0.13463,0.14494,0.14802,74,1,3392.42,548,224,10,0,0.53865,261,5.31323,1
APP-202505-06-053,2025-05-19,0,Fjord,6222.87,6306.0,0.23505,0.23738,0.18155,0.17973,85,2,3193.46,561,243,57,31,0.39371,358,4.76606,1
APP-202505-06-054,2025-05-26,0,Fjord,6371.07,6457.97,0.22739,0.2327,0.1838,0.20244,96,3,3185.16,574,262,104,62,0.40588,455,4.81378,1
APP-202505-06-055,2025-05-06,0,Fjord,6769.25,6838.36,0.26149,0.2581,0.1222,0.11615,107,4,2919.44,587,281,151,93,0.39195,552,5.03148,1
APP-202505-06-056,2025-05-13,0,Fjord,6502.25,6610.82,0.19792,0.19843,0.45056,0.45812,118,0,3195.12,600,300,198,23,0.39057,649,5.23538,1
APP-202505-06-057,2025-05-20,0,Fjord,6717.06,6840.06,0.27767,0.27407,0.05,0.02891,129,1,3111.94,613,319,34,54,0.42744,746,4.88353,1
APP-202505-06-058,2025-05-27,0,Fjord,6813.44,6899.35,0.30401,0.30559,0.07248,0.07241,140,2,3106.57,626,338,81,85,0.41767,843,4.68738,1
APP-202505-06-059,2025-05-07,0,Fjord,3873.04,3896.71,0.30917,0.29961,0.16321,0.16695,151,3,1631.98,639,357,128,15,0.42285,940,2.6578,1
APP-202505-06-060,2025-05-14,0,Fjord,3713.47,3754.11,0.34144,0.33634,0.37816,0.39312,162,4,1531.03,652,376,175,46,0.43505,40,2.38236,1
APP-202505-06-061,2025-05-21,0,Fjord,3848.04,3882.3,0.3456,0.3416,0.24402,0.25275,173,0,1868.62,665,395,11,77,0.48437,137,2.68968,1
APP-202505-06-062,2025-05-01,0,Fjord,4020.58,4060.23,0.39199,0.39058,0.57722,0.58316,184,1,1729.47,678,414,58,7,0.51605,234,2.44914,1
APP-202505-06-063,2025-05-08,0,Fjord,4214.29,4272.55,0.38009,0.37706,0.41101,0.40411,15,2,1623.57,691,433,105,38,0.4816,331,2.66904,1
APP-202505-06-064,2025-05-15,0,Fjord,4175.15,4216.61,0.34295,0.34043,0.23755,0.23269,26,3,2130.29,704,452,152,69,0.48958,428,2.58645,1
APP-202505-06-065,2025-05-22,0,Fjord,4417.25,4494.2,0.48796,0.48064,0.41002,0.41541,37,4,1446.42,717,471,199,100,0.51859,525,2.36573,1
APP-202505-06-066,2025-05-02,0,Fjord,4375.52,4453.52,0.42143,0.41131,0.33192,0.33245,48,0,2162.6,420,490,35,30,0.37602,622,2.43771,1
APP-202505-06-067,2025-05-09,0,Fjord,4751.82,4827.37,0.40567,0.40241,0.25468,0.2493,59,1,2011.9,433,509,82,61,0.36501,719,2.69623,1
APP-202505-06-068,2025-05-16,0,Fjord,4623.0,4702.26,0.507,0.50324,0.62071,0.60214,70,2,1992.08,446,528,129,92,0.36966,816,2.5082,1
APP-202505-06-069,2025-05-23,0,Fjord,4589.17,4650.89,0.12674,0.12258,0.05,0.03519,81,3,2362.2,459,547,176,22,0.42757,913,3.95037,1
APP-202505-06-070,2025-05-03,0,Fjord,5020.28,5077.26,0.16548,0.1672,0.29564,0.2887,92,4,2580.85,472,566,12,53,0.44327,13,4.25391,1
APP-202505-06-071,2025-05-10,0,Fjord,5089.55,5133.54,0.26795,0.26271,0.17853,0.16902,103,0,2264.19,485,105,59,84,0.43076,110,3.66904,1
APP-202505-06-072,2025-05-17,0,Fjord,5182.1,5255.84,0.24759,0.24778,0.19237,0.2036,114,1,2683.3,498,124,106,14,0.42304,207,3.89238,1
APP-202505-06-073,2025-05-24,0,Fjord,5274.39,5370.0,0.29023,0.29196,0.26398,0.26969,125,2,2512.47,511,143,153,45,0.45776,304,3.81441,1
APP-202505-06-074,2025-05-04,0,Fjord,5376.72,5428.26,0.23271,0.23643,0.23225,0.23806,136,3,2765.51,524,162,200,76,0.47388,401,3.99967,1
APP-202505-06-075,2025-05-11,0,Fjord,5796.72,5863.17,0.25241,0.25579,0.36,0.36455,147,4,2916.49,537,181,36,6,0.46857,498,4.29672,1
APP-202505-06-076,2025-05-18,0,Fjord,5734.17,5795.84,0.27889,0.26827,0.34895,0.37122,158,0,2343.86,550,200,83,37,0.49442,595,4.23459,1
APP-202505-06-077,2025-05-25,0,Fjord,5615.28,5668.81,0.3812,0.38428,0.32425,0.3136,169,1,2307.33,563,219,130,68,0.51687,692,3.3654,1
APP-202505-06-078,2025-05-05,0,Fjord,5737.71,5811.93,0.3317,0.32539,0.088,0.07454,180,2,2496.11,576,238,177,99,0.53149,789,3.81498,1
APP-202505-06-079,2025-05-12,0,Fjord,5892.65,5975.84,0.39178,0.38818,0.1498,0.17259,11,3,2534.64,589,257,13,29,0.33872,886,3.59135,1
APP-202505-06-080,2025-05-19,0,Fjord,5921.69,5954.92,0.37259,0.37054,0.2197,0.22748,22,4,2844.62,602,276,60,60,0.38013,983,3.55001,1
APP-202506-06-001,2025-06-06,0,Fjord,,3619.97,-1111,,-999,0.0453,,0,,,,145,35,0.38748,300,3.28041,1
APP-202506-06-002,2025-06-13,1,Fjord,3828.57,3886.02,0.40507,0.40363,0.08375,0.09212,64,3,2107.28,,,192,66,0.44644,397,2.26678,1
APP-202506-06-003,2025-06-20,0,Fjord,3814.02,3841.45,0.24111,0.24387,0.35452,0.34383,75,2,1962.74,,,28,97,0.42931,494,2.94276,1
APP-202506-06-004,2025-06-27,0,Fjord,3931.09,3966.16,0.24604,0.24592,0.16544,0.16048,86,3,1551.02,,272,75,27,0.43671,591,3.02474,1
APP-202506-06-005,2025-06-07,0,Fjord,4212.33,4258.43,0.23965,0.24103,0.30321,0.31781,97,4,-1,,291,122,58,0.40841,688,3.21057,1
APP-202506-06-006,2025-06-14,0,Fjord,4152.49,4221.74,0.26661,0.2726,0.32053,0.30711,108,0,1755.43,,-1,169,89,0.48688,785,3.01289,1
APP-202506-06-007,2025-06-21,0,Fjord,4221.88,4273.98,0.32583,0.32903,0.39973,0.39199,119,1,2114.41,,-1,5,19,0.48671,882,3.00725,1
APP-202506-06-008,2025-06-01,0,Fjord,4482.24,4554.95,0.31028,0.30928,0.18237,0.19065,130,2,1927.24,,-1,52,50,0.48213,979,2.97797,1
APP-202506-06-009,2025-06-08,0,Fjord,4613.69,4662.2,0.28723,0.28786,0.29794,0.29708,141,3,-999,,367,99,81,0.47008,79,3.49294,1
APP-202506-06-010,2025-06-15,0,Fjord,4585.16,4640.94,0.37864,0.36998,0.4946,0.50788,152,4,1407.07,,386,146,11,0.50748,176,2.83418,1
APP-202506-06-011,2025-06-22,0,Fjord,4977.57,-999,0.34682,0.34381,0.1658,0.18366,-1,-1,2039.44,,-999,193,42,0.52219,273,3.3422,1
APP-202506-06-012,2025-06-02,0,Fjord,4816.19,4874.52,0.43459,0.43255,0.43978,0.42333,174,1,1751.69,,-999,29,73,0.51942,370,2.74766,1
APP-202506-06-013,2025-06-09,1,Fjord,5076.5,5106.37,0.6108,0.61128,0.52638,0.54407,185,4,-1111,,-999,76,3,0.56031,467,1.87794,1
APP-202506-06-014,2025-06-16,0,Fjord,5209.75,5283.85,0.41976,0.4227,0.46404,0.44946,16,3,2465.69,674,462,123,34,0.38278,564,3.03251,1
APP-202506-06-015,2025-06-23,0,Fjord,5462.48,5532.8,0.45386,0.458,0.40949,0.41863,27,4,2294.55,687,481,170,65,0.42138,661,2.86903,1
APP-202506-06-016,2025-06-03,0,Fjord,5262.47,5314.61,0.46712,0.46041,0.41097,0.40463,38,0,2335.44,700,-1111,6,96,0.41687,758,2.85366,1
APP-202506-06-017,2025-06-10,0,Fjord,5300.63,5343.47,,0.50236,0.4577,0.47818,49,1,,713,-1111,53,26,0.42518,855,2.68692,1
APP-202506-06-018,2025-06-17,0,Fjord,5796.79,5846.03,0.20911,0.20955,0.50476,0.51161,60,2,3151.17,726,-1111,100,57,0.43389,952,4.46861,1
APP-202506-06-019,2025-06-24,0,Fjord,5636.71,5706.64,0.20378,0.20195,0.23548,0.23575,71,3,2834.1,429,557,147,88,0.47028,52,4.40282,1
APP-202506-06-020,2025-06-04,0,Fjord,5940.54,6020.89,0.21235,0.20784,0.28612,0.2882,82,4,2679.45,442,576,194,18,0.45287,149,4.69166,1
APP-202506-06-021,2025-06-11,0,Fjord,-1,5977.38,0.24176,-1,0.4297,0.45442,-999,0,-1,-1,,30,49,0.43677,246,4.5998,1
APP-202506-06-022,2025-06-18,0,Fjord,5881.63,5927.66,0.2469,0.2377,0.15075,0.14341,104,1,3111.83,-1,,77,80,0.46263,343,4.4374,1
APP-202506-06-023,2025-06-25,0,Fjord,6154.79,6236.33,0.2449,0.24789,0.05,0.05499,115,2,2956.11,-1,,124,10,0.50729,440,4.55516,1
APP-202506-06-024,2025-06-05,1,Fjord,6291.02,6365.11,0.46854,0.46844,0.67672,0.69062,126,5,2791.7,-1,172,171,41,0.5549,537,3.25101,1
APP-202506-06-025,2025-06-12,0,Fjord,6355.65,6387.88,0.35138,0.34876,0.39092,0.38746,137,4,-999,-1,191,7,72,0.50595,634,4.27243,1
APP-202506-06-026,2025-06-19,0,Fjord,6405.46,6507.77,0.35985,0.35898,0.32299,0.33727,148,0,2609.52,-1,-1,54,2,0.52776,731,4.10468,1
APP-202506-06-027,2025-06-26,0,Fjord,6904.16,6988.57,0.31285,0.31233,0.31623,0.32287,159,1,3098.06,-1,-1,101,33,0.42708,828,4.76817,1
APP-202506-06-028,2025-06-06,0,Fjord,6959.74,7018.92,0.3688,0.36075,0.55862,0.55932,170,2,3141.66,-1,-1,148,64,0.38873,925,4.51327,1
APP-202506-06-029,2025-06-13,0,Fjord,6976.24,7045.28,0.40642,0.40006,0.29666,0.30766,181,3,-1111,-1,267,195,95,0.44185,25,3.99896,1
APP-202506-06-030,2025-06-20,0,Fjord,3283.26,3331.24,0.35981,0.3541,0.27402,0.28545,12,4,1701.25,-1,286,31,25,0.47614,122,2.09228,1
APP-202506-06-031,2025-06-27,0,Fjord,3618.33,3641.1,0.45675,0.44775,0.3658,0.36906,-1111,0,1834.07,-1,-999,78,56,0.45073,219,1.86207,1
APP-202506-06-032,2025-06-07,0,Fjord,3748.04,3791.07,0.43874,0.43274,0.2066,0.19745,34,1,1512.27,-1,-999,125,87,0.48032,316,2.12675,1
APP-202506-06-033,2025-06-14,0,Fjord,4146.6,4224.7,-1,0.44084,0.39877,-1111,45,2,,-1,-999,172,17,0.44634,413,2.45413,1
APP-202506-06-034,2025-06-21,0,Fjord,4259.23,4333.06,0.47671,0.47335,0.60127,0.60229,56,3,1874.15,624,362,8,48,0.48731,510,2.22828,1
APP-202506-06-035,2025-06-01,1,Fjord,4269.89,4353.94,0.39273,0.39387,0.539,0.53442,67,6,1784.7,637,381,55,79,0.50561,607,2.60534,1
APP-202506-06-036,2025-06-08,0,Fjord,4477.86,-1111,0.20025,0.19986,0.23314,0.22179,78,0,1950.45,650,-1111,102,9,0.50695,704,3.52959,1
APP-202506-06-037,2025-06-15,0,Fjord,4529.44,4632.61,0.15521,0.1542,0.4323,0.43805,89,1,-1,663,-1111,149,40,0.51378,801,3.7741,1
APP-202506-06-038,2025-06-22,0,Fjord,4579.28,4631.06,0.21626,0.21599,0.38013,0.38483,100,2,2251.55,676,-1111,196,71,0.55378,898,3.49125,1
APP-202506-06-039,2025-06-02,0,Fjord,4550.99,4596.11,0.24225,0.24013,0.31548,0.3059,111,3,2142.09,689,457,32,1,0.5435,995,3.56433,1
APP-202506-06-040,2025-06-09,0,Fjord,4818.37,4853.22,0.31442,0.31123,0.33541,0.33944,122,4,2331.0,702,476,79,32,0.38348,95,3.33665,1
APP-202506-06-041,2025-06-16,0,Fjord,-999,4931.82,0.30646,-999,-1111,0.52197,,0,-999,-999,,126,63,0.3998,192,3.32216,1
APP-202506-06-042,2025-06-23,0,Fjord,5037.52,5114.07,0.26682,0.26409,0.47292,0.46938,144,1,2355.39,-999,,173,94,0.40451,289,3.72129,1
APP-202506-06-043,2025-06-03,0,Fjord,5103.05,5167.57,0.33273,0.32406,0.26072,0.27153,155,2,2314.1,-999,,9,24,0.43692,386,3.40071,1
APP-202506-06-044,2025-06-10,0,Fjord,5222.69,5271.39,0.33345,0.33069,0.16654,0.16591,166,3,2263.94,-999,552,56,55,0.46422,483,3.47705,1
APP-202506-06-045,2025-06-17,0,Fjord,5563.27,5636.33,0.33422,0.33009,0.31043,0.29501,177,4,-1111,-999,571,103,86,0.50259,580,3.76597,1
APP-202506-06-046,2025-06-24,1,Fjord,5621.08,5665.45,0.60165,0.59684,0.69193,0.68453,8,2,1996.01,-999,-1,150,16,0.47549,677,2.22462,1
APP-202506-06-047,2025-06-04,0,Fjord,5691.06,5740.71,0.36573,0.37028,0.35677,0.34478,19,1,2458.5,-999,-1,197,47,0.49559,774,3.52003,1
APP-202506-06-048,2025-06-11,0,Fjord,5685.96,5770.77,0.39301,0.39457,0.49928,0.50279,30,2,2364.52,-999,-1,33,78,0.47229,871,3.56265,1
APP-202506-06-049,2025-06-18,0,Fjord,5832.52,5876.29,-999,0.40878,0.40802,0.39493,41,3,,-999,167,80,8,0.50109,968,3.25671,1
APP-202506-06-050,2025-06-25,0,Fjord,6011.32,6104.19,0.41711,0.40759,0.34054,0.33942,52,4,2536.81,-999,186,127,39,0.53995,68,3.54456,1
APP-202506-06-051,2025-06-05,0,Fjord,6045.57,6113.75,0.46295,0.45927,0.33321,0.32043,-1,0,2273.49,-999,-999,174,70,0.53831,165,3.19173,1
APP-202506-06-052,2025-06-12,0,Fjord,6286.0,6348.97,0.19279,0.19163,0.19179,0.18768,74,1,2972.74,-999,-999,10,0,0.50841,262,5.11051,1
APP-202506-06-053,2025-06-19,0,Fjord,6346.05,6425.87,0.2308,0.22609,0.29707,0.29385,85,2,-1,-999,-999,57,31,0.38009,359,4.99365,1
APP-202506-06-054,2025-06-26,0,Fjord,6415.41,6477.15,0.16713,0.16411,0.21798,0.2091,96,3,3452.27,574,262,104,62,0.40581,456,5.2944,1
APP-202506-06-055,2025-06-06,0,Fjord,6466.56,6507.75,0.24868,0.24679,0.27035,0.2727,107,4,2958.09,587,281,151,93,0.41126,553,4.86243,1
APP-202506-06-056,2025-06-13,0,Fjord,6639.3,6720.82,0.22945,0.24155,0.29907,0.29402,118,0,2988.48,600,-1111,198,23,0.40891,650,5.13382,1
APP-202506-06-057,2025-06-20,1,Fjord,6873.28,6962.94,0.5089,0.5008,0.35147,0.3512,129,3,-999,613,-1111,34,54,0.44566,747,3.50264,1
APP-202506-06-058,2025-06-27,0,Fjord,6920.42,6990.4,0.27743,0.28378,0.44497,0.44167,140,2,3404.07,626,-1111,81,85,0.42282,844,5.01136,1
APP-202506-06-059,2025-06-07,0,Fjord,3423.81,3513.62,0.34026,0.33431,0.2425,0.25202,151,3,1388.52,639,357,128,15,0.47759,941,2.2757,1
APP-202506-06-060,2025-06-14,0,Fjord,3845.99,3881.84,0.33853,0.33933,0.47912,0.49009,162,4,1613.62,652,376,175,46,0.48656,41,2.34479,1
APP-202506-06-061,2025-06-21,0,Fjord,-1111,,0.40108,-1111,0.19715,0.20013,-999,-999,-1111,-1111,,11,77,0.49009,138,2.23407,1
APP-202506-06-062,2025-06-01,0,Fjord,3984.94,4019.12,0.36542,0.3605,0.19766,0.16727,184,1,1841.48,-1111,,58,7,0.50231,235,2.55392,1
APP-202506-06-063,2025-06-08,0,Fjord,4311.25,4336.49,0.34573,0.34836,0.41112,0.40883,15,2,2080.38,-1111,,105,38,0.51936,332,2.84137,1
APP-202506-06-064,2025-06-15,0,Fjord,4423.82,4477.82,0.39971,0.40052,0.28813,0.30478,26,3,1950.38,-1111,452,152,69,0.50007,429,2.68987,1
APP-202506-06-065,2025-06-22,0,Fjord,4306.39,4359.27,-1111,0.44115,0.4801,0.48932,37,4,,-1111,471,199,100,0.51466,526,2.29204,1
APP-202506-06-066,2025-06-02,0,Fjord,4402.84,4421.33,0.43448,0.43428,0.31202,0.30235,48,0,1484.61,-1111,-1,35,30,0.42678,623,2.44176,1
APP-202506-06-067,2025-06-09,0,Fjord,4546.74,4619.26,0.46824,0.46452,0.5349,0.5387,59,1,1852.95,-1111,-1,82,61,0.42075,720,2.33307,1
APP-202506-06-068,2025-06-16,1,Fjord,4713.22,4783.19,0.70079,0.6977,0.61292,0.61461,70,4,1450.54,-1111,-1,129,92,0.42589,817,1.38084,1
APP-202506-06-069,2025-06-23,0,Fjord,4691.35,4746.76,0.1564,0.15402,0.21581,0.2183,81,3,-1,-1111,547,176,22,0.40873,914,4.04968,1
APP-202506-06-070,2025-06-03,0,Fjord,4843.09,4921.97,0.19645,0.19386,0.31599,0.30399,92,4,2495.2,-1111,566,12,53,0.4482,14,4.01274,1
APP-202506-06-071,2025-06-10,0,Fjord,4928.32,5005.57,0.20801,0.20709,0.06713,0.05806,-1111,0,2361.01,-1111,-999,59,84,0.47518,111,3.94313,1
APP-202506-06-072,2025-06-17,0,Fjord,5327.78,5427.02,0.24267,0.23264,0.10458,0.10959,114,1,2139.99,-1111,-999,106,14,0.4788,208,4.16187,1
APP-202506-06-073,2025-06-24,0,Fjord,5175.28,5240.71,0.25429,0.25236,0.08019,0.09414,125,2,-999,-1111,-999,153,45,0.47616,305,3.77317,1
APP-202506-06-074,2025-06-04,0,Fjord,5335.87,5395.36,0.25994,0.25679,0.13003,0.12655,136,3,2403.43,524,162,200,76,0.48438,402,4.00725,1
APP-202506-06-075,2025-06-11,0,Fjord,5683.06,5728.3,0.2813,0.28054,0.38693,0.37199,147,4,2525.69,537,181,36,6,0.49318,499,4.0896,1
APP-202506-06-076,2025-06-18,0,Fjord,5607.58,5652.32,0.30461,0.30763,0.33505,0.3409,158,0,2670.09,550,-1111,83,37,0.57473,596,3.94237,1
APP-202506-06-077,2025-06-25,0,Fjord,5916.35,5957.88,0.28234,0.28316,0.364,0.3636,169,1,-1111,563,-1111,130,68,0.51909,693,4.41724,1
APP-202506-06-078,2025-06-05,0,Fjord,5961.77,6042.62,0.36457,0.36211,0.44037,0.43014,180,2,2478.36,576,-1111,177,99,0.55221,790,3.88816,1
APP-202506-06-079,2025-06-12,1,Fjord,6133.14,6197.64,0.57626,0.57323,0.52458,0.53426,11,5,2150.85,589,257,13,29,0.41291,887,2.62106,1
APP-202506-06-080,2025-06-19,0,Fjord,6011.59,6087.86,0.39984,0.39393,0.41363,0.41662,22,4,2563.58,602,276,60,60,0.42371,984,3.6774,1
APP-202501-07-001,2025-01-01,1,Grove-OOS,3564.22,3599.86,0.24,0.2376,0.288,0.2892,15,0,1425.69,500,200,0,0,0.68,0,2.70881,1
APP-202501-07-002,2025-01-06,0,Grove-OOS,3666.06,3702.72,0.265,0.26235,0.318,0.31933,17,1,1466.43,,,3,2,0.682,53,2.69456,1
APP-202501-07-003,2025-01-11,0,Grove-OOS,3607.38,3643.46,0.29,0.2871,0.348,0.34945,19,2,1442.95,502,,6,4,0.684,106,2.56124,1
APP-202501-07-004,2025-01-16,0,Grove-OOS,4030.77,4071.08,0.315,0.31185,0.378,0.37958,21,3,1612.31,,203,9,6,0.686,159,2.76108,1
APP-202501-07-005,2025-01-21,0,Grove-OOS,3860.82,3899.43,0.34,0.3366,0.408,0.4097,23,0,1544.33,504,,12,8,0.688,212,2.54814,1
APP-202501-07-006,2025-01-26,0,Grove-OOS,4059.53,4100.13,0.365,0.36135,0.438,0.43983,25,1,1623.81,,,15,10,0.69,265,2.5778,1
APP-202501-07-007,2025-01-04,0,Grove-OOS,4169.57,4211.26,0.39,0.3861,0.468,0.46995,27,2,1667.83,506,206,18,12,0.692,318,2.54344,1
APP-202501-07-008,2025-01-09,0,Grove-OOS,4165.03,4206.68,0.415,0.41085,0.498,0.50008,29,3,1666.01,,,21,14,0.694,371,2.43654,1
APP-202501-07-009,2025-01-14,0,Grove-OOS,4424.15,4468.39,0.44,0.4356,0.528,0.5302,31,0,1769.66,508,,24,16,0.696,424,2.47753,1
APP-202501-07-010,2025-01-19,0,Grove-OOS,4588.87,4634.76,0.465,0.46035,0.558,0.56032,33,1,1835.55,,209,27,18,0.698,477,2.45505,1
APP-202501-07-011,2025-01-24,0,Grove-OOS,4425.8,4470.05,0.49,0.4851,0.588,0.59045,35,2,1770.32,510,,30,20,0.7,530,2.25716,1
APP-202501-07-012,2025-01-02,0,Grove-OOS,4712.09,4759.21,0.24,0.2376,0.288,0.2892,37,3,1884.84,,,33,22,0.702,583,3.58119,1
APP-202501-07-013,2025-01-07,0,Grove-OOS,4837.44,4885.82,0.265,0.26235,0.318,0.31933,39,0,1934.98,512,212,36,24,0.704,636,3.55552,1
APP-202501-07-014,2025-01-12,1,Grove-OOS,4916.58,4965.75,0.29,0.2871,0.348,0.34945,41,1,1966.63,,,39,26,0.706,689,3.49077,1
APP-202501-07-015,2025-01-17,0,Grove-OOS,5051.4,5101.91,0.315,0.31185,0.378,0.37958,43,2,2020.56,514,,42,28,0.708,742,3.46021,1
APP-202501-07-016,2025-01-22,0,Grove-OOS,4997.81,5047.79,0.34,0.3366,0.408,0.4097,45,3,1999.12,,215,45,30,0.71,795,3.29855,1
APP-202501-07-017,2025-01-27,0,Grove-OOS,5192.65,5244.57,0.365,0.36135,0.438,0.43983,47,0,2077.06,516,,48,32,0.712,848,3.29733,1
APP-202501-07-018,2025-01-05,0,Grove-OOS,5471.62,5526.34,0.39,0.3861,0.468,0.46995,49,1,2188.65,,,51,34,0.714,901,3.33769,1
APP-202501-07-019,2025-01-10,0,Grove-OOS,5289.27,5342.16,0.415,0.41085,0.498,0.50008,51,2,2115.71,518,218,54,36,0.716,954,3.09422,1
APP-202501-07-020,2025-01-15,0,Grove-OOS,3554.27,3589.81,0.44,0.4356,0.528,0.5302,53,3,1421.71,,,57,38,0.718,10,1.99039,1
APP-202501-07-021,2025-01-20,0,Grove-OOS,3683.33,3720.16,0.465,0.46035,0.558,0.56032,55,0,1473.33,520,,60,40,0.72,63,1.97058,1
APP-202501-07-022,2025-01-25,0,Grove-OOS,3722.42,3759.64,0.49,0.4851,0.588,0.59045,57,1,1488.97,,221,63,42,0.722,116,1.89843,1
APP-202501-07-023,2025-01-03,0,Grove-OOS,3709.17,3746.26,0.24,0.2376,0.288,0.2892,59,2,1483.67,522,,66,44,0.724,169,2.81897,1
APP-202501-07-024,2025-01-08,0,Grove-OOS,4029.88,4070.18,0.265,0.26235,0.318,0.31933,61,3,1611.95,,,69,46,0.726,222,2.96196,1
APP-202501-07-025,2025-01-13,0,Grove-OOS,3952.15,3991.67,0.29,0.2871,0.348,0.34945,63,0,1580.86,524,224,72,48,0.728,275,2.80603,1
APP-202501-07-026,2025-01-18,0,Grove-OOS,4245.17,4287.62,0.315,0.31185,0.378,0.37958,65,1,1698.07,,,75,50,0.73,328,2.90794,1
APP-202501-07-027,2025-01-23,1,Grove-OOS,4357.9,4401.48,0.34,0.3366,0.408,0.4097,67,2,1743.16,526,,78,52,0.732,381,2.87622,1
APP-202501-07-028,2025-01-01,0,Grove-OOS,4511.26,4556.38,0.365,0.36135,0.438,0.43983,69,3,1804.51,,227,81,54,0.734,434,2.86465,1
APP-202501-07-029,2025-01-06,0,Grove-OOS,4497.58,4542.56,0.39,0.3861,0.468,0.46995,71,0,1799.03,528,,84,56,0.736,487,2.74352,1
APP-202501-07-030,2025-01-11,0,Grove-OOS,4411.53,4455.64,0.415,0.41085,0.498,0.50008,73,1,1764.61,,,87,58,0.738,540,2.58074,1
APP-202501-07-031,2025-01-16,0,Grove-OOS,4592.43,4638.36,0.44,0.4356,0.528,0.5302,75,2,1836.97,530,230,90,60,0.74,593,2.57176,1
APP-202501-07-032,2025-01-21,0,Grove-OOS,4906.05,4955.11,0.465,0.46035,0.558,0.56032,77,3,1962.42,,,93,62,0.742,646,2.62474,1
APP-202501-07-033,2025-01-26,0,Grove-OOS,4968.57,5018.25,0.49,0.4851,0.588,0.59045,79,0,1987.43,532,,96,64,0.744,699,2.53397,1
APP-202501-07-034,2025-01-04,0,Grove-OOS,4890.65,4939.56,0.24,0.2376,0.288,0.2892,81,1,1956.26,,233,99,66,0.746,752,3.7169,1
APP-202501-07-035,2025-01-09,0,Grove-OOS,5024.42,5074.66,0.265,0.26235,0.318,0.31933,83,2,2009.77,534,,102,68,0.748,805,3.69295,1
APP-202501-07-036,2025-01-14,0,Grove-OOS,5219.28,5271.47,0.29,0.2871,0.348,0.34945,85,3,2087.71,,,105,70,0.75,858,3.70569,1
APP-202501-07-037,2025-01-19,0,Grove-OOS,5265.02,5317.67,0.315,0.31185,0.378,0.37958,87,0,2106.01,536,236,108,72,0.752,911,3.60654,1
APP-202501-07-038,2025-01-24,0,Grove-OOS,5097.89,5148.87,0.34,0.3366,0.408,0.4097,89,1,2039.16,,,111,74,0.754,964,3.36461,1
APP-202501-07-039,2025-01-02,0,Grove-OOS,3683.94,3720.78,0.365,0.36135,0.438,0.43983,91,2,1473.58,538,,114,76,0.756,20,2.3393,1
APP-202501-07-040,2025-01-07,1,Grove-OOS,3648.61,3685.09,0.39,0.3861,0.468,0.46995,93,3,1459.44,,239,117,78,0.758,73,2.22565,1
APP-202502-07-001,2025-02-01,1,Grove-OOS,3845.55,3884.01,0.24,0.2376,0.288,0.2892,15,0,1538.22,500,200,0,0,0.76,0,2.92262,1
APP-202502-07-002,2025-02-06,0,Grove-OOS,3715.0,3752.15,0.265,0.26235,0.318,0.31933,17,1,1486.0,,,3,2,0.762,53,2.73052,1
APP-202502-07-003,2025-02-11,0,Grove-OOS,3845.53,3883.99,0.29,0.2871,0.348,0.34945,19,2,1538.21,502,,6,4,0.764,106,2.73033,1
APP-202502-07-004,2025-02-16,0,Grove-OOS,4032.65,4072.97,0.315,0.31185,0.378,0.37958,21,3,1613.06,,203,9,6,0.766,159,2.76236,1
APP-202502-07-005,2025-02-21,0,Grove-OOS,3820.32,3858.52,0.34,0.3366,0.408,0.4097,23,0,1528.13,504,,12,8,0.768,212,2.52141,1
APP-202502-07-006,2025-02-26,0,Grove-OOS,4296.34,4339.3,0.365,0.36135,0.438,0.43983,25,1,1718.53,,,15,10,0.77,265,2.72817,1
APP-202502-07-007,2025-02-04,0,Grove-OOS,4112.76,4153.89,0.39,0.3861,0.468,0.46995,27,2,1645.1,506,206,18,12,0.772,318,2.50878,1
APP-202502-07-008,2025-02-09,0,Grove-OOS,4244.54,4286.98,0.415,0.41085,0.498,0.50008,29,3,1697.81,,,21,14,0.774,371,2.48305,1
APP-202502-07-009,2025-02-14,0,Grove-OOS,4423.56,4467.8,0.44,0.4356,0.528,0.5302,31,0,1769.42,508,,24,16,0.776,424,2.47719,1
APP-202502-07-010,2025-02-19,0,Grove-OOS,4335.93,4379.29,0.465,0.46035,0.558,0.56032,33,1,1734.37,,209,27,18,0.778,477,2.31972,1
APP-202502-07-011,2025-02-24,0,Grove-OOS,4579.71,4625.51,0.49,0.4851,0.588,0.59045,35,2,1831.88,510,,30,20,0.78,530,2.33565,1
APP-202502-07-012,2025-02-02,0,Grove-OOS,4505.61,4550.66,0.24,0.2376,0.288,0.2892,37,3,1802.24,,,33,22,0.782,583,3.42426,1
APP-202502-07-013,2025-02-07,0,Grove-OOS,4493.41,4538.35,0.265,0.26235,0.318,0.31933,39,0,1797.37,512,212,36,24,0.784,636,3.30266,1
APP-202502-07-014,2025-02-12,1,Grove-OOS,5052.79,5103.32,0.29,0.2871,0.348,0.34945,41,1,2021.12,,,39,26,0.786,689,3.58748,1
APP-202502-07-015,2025-02-17,0,Grove-OOS,4770.45,4818.15,0.315,0.31185,0.378,0.37958,43,2,1908.18,514,,42,28,0.788,742,3.26776,1
APP-202502-07-016,2025-02-22,0,Grove-OOS,4983.05,5032.89,0.34,0.3366,0.408,0.4097,45,3,1993.22,,215,45,30,0.79,795,3.28882,1
APP-202502-07-017,2025-02-27,0,Grove-OOS,5056.7,5107.26,0.365,0.36135,0.438,0.43983,47,0,2022.68,516,,48,32,0.792,848,3.211,1
APP-202502-07-018,2025-02-05,0,Grove-OOS,5230.86,5283.17,0.39,0.3861,0.468,0.46995,49,1,2092.34,,,51,34,0.794,901,3.19082,1
APP-202502-07-019,2025-02-10,0,Grove-OOS,5163.76,5215.4,0.415,0.41085,0.498,0.50008,51,2,2065.51,518,218,54,36,0.796,954,3.0208,1
APP-202502-07-020,2025-02-15,0,Grove-OOS,3530.57,3565.87,0.44,0.4356,0.528,0.5302,53,3,1412.23,,,57,38,0.798,10,1.97712,1
APP-202502-07-021,2025-02-20,0,Grove-OOS,3770.43,3808.13,0.465,0.46035,0.558,0.56032,55,0,1508.17,520,,60,40,0.8,63,2.01718,1
APP-202502-07-022,2025-02-25,0,Grove-OOS,3716.29,3753.45,0.49,0.4851,0.588,0.59045,57,1,1486.52,,221,63,42,0.802,116,1.89531,1
APP-202502-07-023,2025-02-03,0,Grove-OOS,3939.73,3979.13,0.24,0.2376,0.288,0.2892,59,2,1575.89,522,,66,44,0.804,169,2.9942,1
APP-202502-07-024,2025-02-08,0,Grove-OOS,4023.82,4064.06,0.265,0.26235,0.318,0.31933,61,3,1609.53,,,69,46,0.806,222,2.95751,1
APP-202502-07-025,2025-02-13,0,Grove-OOS,4142.89,4184.32,0.29,0.2871,0.348,0.34945,63,0,1657.16,524,224,72,48,0.808,275,2.94145,1
APP-202502-07-026,2025-02-18,0,Grove-OOS,3941.15,3980.56,0.315,0.31185,0.378,0.37958,65,1,1576.46,,,75,50,0.81,328,2.69969,1
APP-202502-07-027,2025-02-23,1,Grove-OOS,4211.08,4253.19,0.34,0.3366,0.408,0.4097,67,2,1684.43,526,,78,52,0.812,381,2.77931,1
APP-202502-07-028,2025-02-01,0,Grove-OOS,4415.97,4460.13,0.365,0.36135,0.438,0.43983,69,3,1766.39,,227,81,54,0.814,434,2.80414,1
APP-202502-07-029,2025-02-06,0,Grove-OOS,4483.39,4528.22,0.39,0.3861,0.468,0.46995,71,0,1793.36,528,,84,56,0.816,487,2.73487,1
APP-202502-07-030,2025-02-11,0,Grove-OOS,4577.0,4622.77,0.415,0.41085,0.498,0.50008,73,1,1830.8,,,87,58,0.818,540,2.67754,1
APP-202502-07-031,2025-02-16,0,Grove-OOS,4529.84,4575.14,0.44,0.4356,0.528,0.5302,75,2,1811.94,530,230,90,60,0.82,593,2.53671,1
APP-202502-07-032,2025-02-21,0,Grove-OOS,4986.58,5036.45,0.465,0.46035,0.558,0.56032,77,3,1994.63,,,93,62,0.822,646,2.66782,1
APP-202502-07-033,2025-02-26,0,Grove-OOS,4702.63,4749.66,0.49,0.4851,0.588,0.59045,79,0,1881.05,532,,96,64,0.824,699,2.39834,1
APP-202502-07-034,2025-02-04,0,Grove-OOS,4957.84,5007.42,0.24,0.2376,0.288,0.2892,81,1,1983.14,,233,99,66,0.826,752,3.76796,1
APP-202502-07-035,2025-02-09,0,Grove-OOS,5056.05,5106.61,0.265,0.26235,0.318,0.31933,83,2,2022.42,534,,102,68,0.828,805,3.71619,1
APP-202502-07-036,2025-02-14,0,Grove-OOS,5207.16,5259.23,0.29,0.2871,0.348,0.34945,85,3,2082.86,,,105,70,0.83,858,3.69708,1
APP-202502-07-037,2025-02-19,0,Grove-OOS,5164.73,5216.38,0.315,0.31185,0.378,0.37958,87,0,2065.89,536,236,108,72,0.832,911,3.53784,1
APP-202502-07-038,2025-02-24,0,Grove-OOS,5214.4,5266.54,0.34,0.3366,0.408,0.4097,89,1,2085.76,,,111,74,0.834,964,3.4415,1
APP-202502-07-039,2025-02-02,0,Grove-OOS,3465.55,3500.2,0.365,0.36135,0.438,0.43983,91,2,1386.22,538,,114,76,0.836,20,2.20062,1
APP-202502-07-040,2025-02-07,1,Grove-OOS,3777.61,3815.38,0.39,0.3861,0.468,0.46995,93,3,1511.04,,239,117,78,0.838,73,2.30434,1
APP-202503-07-001,2025-03-01,1,Grove-OOS,3879.06,3917.85,0.24,0.2376,0.288,0.2892,15,0,1551.62,500,200,0,0,0.84,0,2.94808,1
APP-202503-07-002,2025-03-06,0,Grove-OOS,3715.32,3752.48,0.265,0.26235,0.318,0.31933,17,1,1486.13,,,3,2,0.842,53,2.73076,1
APP-202503-07-003,2025-03-11,0,Grove-OOS,3786.69,3824.55,0.29,0.2871,0.348,0.34945,19,2,1514.67,502,,6,4,0.844,106,2.68855,1
APP-202503-07-004,2025-03-16,0,Grove-OOS,3875.57,3914.33,0.315,0.31185,0.378,0.37958,21,3,1550.23,,203,9,6,0.846,159,2.65477,1
APP-202503-07-005,2025-03-21,0,Grove-OOS,4068.76,4109.45,0.34,0.3366,0.408,0.4097,23,0,1627.51,504,,12,8,0.848,212,2.68538,1
APP-202503-07-006,2025-03-26,0,Grove-OOS,3934.56,3973.91,0.365,0.36135,0.438,0.43983,25,1,1573.82,,,15,10,0.85,265,2.49845,1
APP-202503-07-007,2025-03-04,0,Grove-OOS,4161.41,4203.02,0.39,0.3861,0.468,0.46995,27,2,1664.56,506,206,18,12,0.852,318,2.53846,1
APP-202503-07-008,2025-03-09,0,Grove-OOS,4526.63,4571.89,0.415,0.41085,0.498,0.50008,29,3,1810.65,,,21,14,0.854,371,2.64808,1
APP-202503-07-009,2025-03-14,0,Grove-OOS,4325.62,4368.88,0.44,0.4356,0.528,0.5302,31,0,1730.25,508,,24,16,0.856,424,2.42235,1
APP-202503-07-010,2025-03-19,0,Grove-OOS,4721.17,4768.38,0.465,0.46035,0.558,0.56032,33,1,1888.47,,209,27,18,0.858,477,2.52583,1
APP-202503-07-011,2025-03-24,0,Grove-OOS,4594.13,4640.07,0.49,0.4851,0.588,0.59045,35,2,1837.65,510,,30,20,0.86,530,2.34301,1
APP-202503-07-012,2025-03-02,0,Grove-OOS,4633.4,4679.73,0.24,0.2376,0.288,0.2892,37,3,1853.36,,,33,22,0.862,583,3.52138,1
APP-202503-07-013,2025-03-07,0,Grove-OOS,4622.11,4668.33,0.265,0.26235,0.318,0.31933,39,0,1848.84,512,212,36,24,0.864,636,3.39725,1
APP-202503-07-014,2025-03-12,1,Grove-OOS,4857.44,4906.02,0.29,0.2871,0.348,0.34945,41,1,1942.98,,,39,26,0.866,689,3.44878,1
APP-202503-07-015,2025-03-17,0,Grove-OOS,5067.3,5117.97,0.315,0.31185,0.378,0.37958,43,2,2026.92,514,,42,28,0.868,742,3.4711,1
APP-202503-07-016,2025-03-22,0,Grove-OOS,4929.13,4978.42,0.34,0.3366,0.408,0.4097,45,3,1971.65,,215,45,30,0.87,795,3.25323,1
APP-202503-07-017,2025-03-27,0,Grove-OOS,5212.89,5265.02,0.365,0.36135,0.438,0.43983,47,0,2085.16,516,,48,32,0.872,848,3.31019,1
APP-202503-07-018,2025-03-05,0,Grove-OOS,4969.12,5018.81,0.39,0.3861,0.468,0.46995,49,1,1987.65,,,51,34,0.874,901,3.03116,1
APP-202503-07-019,2025-03-10,0,Grove-OOS,5294.64,5347.59,0.415,0.41085,0.498,0.50008,51,2,2117.86,518,218,54,36,0.876,954,3.09737,1
APP-202503-07-020,2025-03-15,0,Grove-OOS,3731.47,3768.78,0.44,0.4356,0.528,0.5302,53,3,1492.59,,,57,38,0.878,10,2.08962,1
APP-202503-07-021,2025-03-20,0,Grove-OOS,3682.04,3718.86,0.465,0.46035,0.558,0.56032,55,0,1472.81,520,,60,40,0.88,63,1.96989,1
APP-202503-07-022,2025-03-25,0,Grove-OOS,3628.97,3665.26,0.49,0.4851,0.588,0.59045,57,1,1451.59,,221,63,42,0.882,116,1.85078,1
APP-202503-07-023,2025-03-03,0,Grove-OOS,3876.7,3915.47,0.24,0.2376,0.288,0.2892,59,2,1550.68,522,,66,44,0.884,169,2.94629,1
APP-202503-07-024,2025-03-08,0,Grove-OOS,4122.74,4163.97,0.265,0.26235,0.318,0.31933,61,3,1649.1,,,69,46,0.886,222,3.03022,1
APP-202503-07-025,2025-03-13,0,Grove-OOS,3762.09,3799.71,0.29,0.2871,0.348,0.34945,63,0,1504.83,524,224,72,48,0.888,275,2.67108,1
APP-202503-07-026,2025-03-18,0,Grove-OOS,3960.23,3999.83,0.315,0.31185,0.378,0.37958,65,1,1584.09,,,75,50,0.89,328,2.71276,1
APP-202503-07-027,2025-03-23,1,Grove-OOS,4092.27,4133.19,0.34,0.3366,0.408,0.4097,67,2,1636.91,526,,78,52,0.892,381,2.7009,1
APP-202503-07-028,2025-03-01,0,Grove-OOS,4443.77,4488.2,0.365,0.36135,0.438,0.43983,69,3,1777.51,,227,81,54,0.894,434,2.82179,1
APP-202503-07-029,2025-03-06,0,Grove-OOS,4651.17,4697.69,0.39,0.3861,0.468,0.46995,71,0,1860.47,528,,84,56,0.896,487,2.83722,1
APP-202503-07-030,2025-03-11,0,Grove-OOS,4588.6,4634.48,0.415,0.41085,0.498,0.50008,73,1,1835.44,,,87,58,0.898,540,2.68433,1
APP-202503-07-031,2025-03-16,0,Grove-OOS,4445.85,4490.3,0.44,0.4356,0.528,0.5302,75,2,1778.34,530,230,90,60,0.9,593,2.48967,1
APP-202503-07-032,2025-03-21,0,Grove-OOS,4652.7,4699.22,0.465,0.46035,0.558,0.56032,77,3,1861.08,,,93,62,0.902,646,2.48919,1
APP-202503-07-033,2025-03-26,0,Grove-OOS,4691.2,4738.11,0.49,0.4851,0.588,0.59045,79,0,1876.48,532,,96,64,0.904,699,2.39251,1
APP-202503-07-034,2025-03-04,0,Grove-OOS,5037.24,5087.61,0.24,0.2376,0.288,0.2892,81,1,2014.89,,233,99,66,0.906,752,3.8283,1
APP-202503-07-035,2025-03-09,0,Grove-OOS,4701.64,4748.66,0.265,0.26235,0.318,0.31933,83,2,1880.66,534,,102,68,0.908,805,3.45571,1
APP-202503-07-036,2025-03-14,0,Grove-OOS,5049.43,5099.93,0.29,0.2871,0.348,0.34945,85,3,2019.77,,,105,70,0.91,858,3.5851,1
APP-202503-07-037,2025-03-19,0,Grove-OOS,5021.62,5071.83,0.315,0.31185,0.378,0.37958,87,0,2008.65,536,236,108,72,0.912,911,3.43981,1
APP-202503-07-038,2025-03-24,0,Grove-OOS,5492.81,5547.74,0.34,0.3366,0.408,0.4097,89,1,2197.12,,,111,74,0.914,964,3.62525,1
APP-202503-07-039,2025-03-02,0,Grove-OOS,3628.53,3664.82,0.365,0.36135,0.438,0.43983,91,2,1451.41,538,,114,76,0.916,20,2.30412,1
APP-202503-07-040,2025-03-07,1,Grove-OOS,3790.17,3828.08,0.39,0.3861,0.468,0.46995,93,3,1516.07,,239,117,78,0.918,73,2.31201,1
APP-202504-07-001,2025-04-01,1,Grove-OOS,3570.94,3606.65,0.24,0.2376,0.288,0.2892,15,0,1428.38,500,200,0,0,0.92,0,2.71392,1
APP-202504-07-002,2025-04-06,0,Grove-OOS,3758.88,3796.46,0.265,0.26235,0.318,0.31933,17,1,1503.55,,,3,2,0.922,53,2.76277,1
APP-202504-07-003,2025-04-11,0,Grove-OOS,3558.63,3594.22,0.29,0.2871,0.348,0.34945,19,2,1423.45,502,,6,4,0.924,106,2.52663,1
APP-202504-07-004,2025-04-16,0,Grove-OOS,3819.06,3857.25,0.315,0.31185,0.378,0.37958,21,3,1527.62,,203,9,6,0.926,159,2.61606,1
APP-202504-07-005,2025-04-21,0,Grove-OOS,4065.67,4106.33,0.34,0.3366,0.408,0.4097,23,0,1626.27,504,,12,8,0.928,212,2.68334,1
APP-202504-07-006,2025-04-26,0,Grove-OOS,4283.87,4326.71,0.365,0.36135,0.438,0.43983,25,1,1713.55,,,15,10,0.93,265,2.72026,1
APP-202504-07-007,2025-04-04,0,Grove-OOS,4220.1,4262.3,0.39,0.3861,0.468,0.46995,27,2,1688.04,506,206,18,12,0.932,318,2.57426,1
APP-202504-07-008,2025-04-09,0,Grove-OOS,4082.54,4123.37,0.415,0.41085,0.498,0.50008,29,3,1633.02,,,21,14,0.934,371,2.38829,1
APP-202504-07-009,2025-04-14,0,Grove-OOS,4430.91,4475.22,0.44,0.4356,0.528,0.5302,31,0,1772.36,508,,24,16,0.936,424,2.48131,1
APP-202504-07-010,2025-04-19,0,Grove-OOS,4483.31,4528.14,0.465,0.46035,0.558,0.56032,33,1,1793.32,,209,27,18,0.938,477,2.39857,1
APP-202504-07-011,2025-04-24,0,Grove-OOS,4683.91,4730.75,0.49,0.4851,0.588,0.59045,35,2,1873.57,510,,30,20,0.94,530,2.3888,1
APP-202504-07-012,2025-04-02,0,Grove-OOS,4459.5,4504.1,0.24,0.2376,0.288,0.2892,37,3,1783.8,,,33,22,0.942,583,3.38922,1
APP-202504-07-013,2025-04-07,0,Grove-OOS,4913.23,4962.36,0.265,0.26235,0.318,0.31933,39,0,1965.29,512,212,36,24,0.944,636,3.61122,1
APP-202504-07-014,2025-04-12,1,Grove-OOS,5038.14,5088.52,0.29,0.2871,0.348,0.34945,41,1,2015.26,,,39,26,0.946,689,3.57708,1
APP-202504-07-015,2025-04-17,0,Grove-OOS,4835.79,4884.15,0.315,0.31185,0.378,0.37958,43,2,1934.32,514,,42,28,0.948,742,3.31252,1
APP-202504-07-016,2025-04-22,0,Grove-OOS,5011.67,5061.79,0.34,0.3366,0.408,0.4097,45,3,2004.67,,215,45,30,0.95,795,3.3077,1
APP-202504-07-017,2025-04-27,0,Grove-OOS,5067.74,5118.42,0.365,0.36135,0.438,0.43983,47,0,2027.1,516,,48,32,0.952,848,3.21801,1
APP-202504-07-018,2025-04-05,0,Grove-OOS,5030.92,5081.23,0.39,0.3861,0.468,0.46995,49,1,2012.37,,,51,34,0.954,901,3.06886,1
APP-202504-07-019,2025-04-10,0,Grove-OOS,5308.39,5361.48,0.415,0.41085,0.498,0.50008,51,2,2123.36,518,218,54,36,0.956,954,3.10541,1
APP-202504-07-020,2025-04-15,0,Grove-OOS,3581.61,3617.43,0.44,0.4356,0.528,0.5302,53,3,1432.64,,,57,38,0.958,10,2.0057,1
APP-202504-07-021,2025-04-20,0,Grove-OOS,3763.44,3801.08,0.465,0.46035,0.558,0.56032,55,0,1505.38,520,,60,40,0.96,63,2.01344,1
APP-202504-07-022,2025-04-25,0,Grove-OOS,3777.71,3815.49,0.49,0.4851,0.588,0.59045,57,1,1511.09,,221,63,42,0.962,116,1.92663,1
APP-202504-07-023,2025-04-03,0,Grove-OOS,3940.09,3979.49,0.24,0.2376,0.288,0.2892,59,2,1576.03,522,,66,44,0.964,169,2.99447,1
APP-202504-07-024,2025-04-08,0,Grove-OOS,3811.69,3849.8,0.265,0.26235,0.318,0.31933,61,3,1524.67,,,69,46,0.966,222,2.80159,1
APP-202504-07-025,2025-04-13,0,Grove-OOS,4041.0,4081.41,0.29,0.2871,0.348,0.34945,63,0,1616.4,524,224,72,48,0.968,275,2.86911,1
APP-202504-07-026,2025-04-18,0,Grove-OOS,4440.06,4484.46,0.315,0.31185,0.378,0.37958,65,1,1776.02,,,75,50,0.97,328,3.04144,1
APP-202504-07-027,2025-04-23,1,Grove-OOS,4302.29,4345.31,0.34,0.3366,0.408,0.4097,67,2,1720.91,526,,78,52,0.972,381,2.83951,1
APP-202504-07-028,2025-04-01,0,Grove-OOS,4439.4,4483.8,0.365,0.36135,0.438,0.43983,69,3,1775.76,,227,81,54,0.974,434,2.81902,1
APP-202504-07-029,2025-04-06,0,Grove-OOS,4594.25,4640.19,0.39,0.3861,0.468,0.46995,71,0,1837.7,528,,84,56,0.976,487,2.80249,1
APP-202504-07-030,2025-04-11,0,Grove-OOS,4498.14,4543.12,0.415,0.41085,0.498,0.50008,73,1,1799.26,,,87,58,0.978,540,2.63141,1
APP-202504-07-031,2025-04-16,0,Grove-OOS,4622.75,4668.98,0.44,0.4356,0.528,0.5302,75,2,1849.1,530,230,90,60,0.98,593,2.58874,1
APP-202504-07-032,2025-04-21,0,Grove-OOS,4905.43,4954.49,0.465,0.46035,0.558,0.56032,77,3,1962.17,,,93,62,0.982,646,2.62441,1
APP-202504-07-033,2025-04-26,0,Grove-OOS,4746.53,4793.99,0.49,0.4851,0.588,0.59045,79,0,1898.61,532,,96,64,0.984,699,2.42073,1
APP-202504-07-034,2025-04-04,0,Grove-OOS,4982.47,5032.3,0.24,0.2376,0.288,0.2892,81,1,1992.99,,233,99,66,0.986,752,3.78668,1
APP-202504-07-035,2025-04-09,0,Grove-OOS,4788.71,4836.59,0.265,0.26235,0.318,0.31933,83,2,1915.48,534,,102,68,0.988,805,3.5197,1
APP-202504-07-036,2025-04-14,0,Grove-OOS,4873.44,4922.18,0.29,0.2871,0.348,0.34945,85,3,1949.38,,,105,70,0.99,858,3.46014,1
APP-202504-07-037,2025-04-19,0,Grove-OOS,5061.41,5112.03,0.315,0.31185,0.378,0.37958,87,0,2024.57,536,236,108,72,0.992,911,3.46707,1
APP-202504-07-038,2025-04-24,0,Grove-OOS,5393.32,5447.25,0.34,0.3366,0.408,0.4097,89,1,2157.33,,,111,74,0.994,964,3.55959,1
APP-202504-07-039,2025-04-02,0,Grove-OOS,3570.33,3606.03,0.365,0.36135,0.438,0.43983,91,2,1428.13,538,,114,76,0.996,20,2.26716,1
APP-202504-07-040,2025-04-07,1,Grove-OOS,3738.66,3776.05,0.39,0.3861,0.468,0.46995,93,3,1495.46,,239,117,78,0.998,73,2.28058,1
APP-202505-07-001,2025-05-01,1,Grove-OOS,3491.28,3526.19,0.24,0.2376,0.288,0.2892,15,0,1396.51,500,200,0,0,1.0,0,2.65337,1
APP-202505-07-002,2025-05-06,0,Grove-OOS,3719.54,3756.74,0.265,0.26235,0.318,0.31933,17,1,1487.82,,,3,2,1.002,53,2.73386,1
APP-202505-07-003,2025-05-11,0,Grove-OOS,3563.22,3598.86,0.29,0.2871,0.348,0.34945,19,2,1425.29,502,,6,4,1.004,106,2.52989,1
APP-202505-07-004,2025-05-16,0,Grove-OOS,4073.53,4114.26,0.315,0.31185,0.378,0.37958,21,3,1629.41,,203,9,6,1.006,159,2.79037,1
APP-202505-07-005,2025-05-21,0,Grove-OOS,3902.23,3941.25,0.34,0.3366,0.408,0.4097,23,0,1560.89,504,,12,8,1.008,212,2.57547,1
APP-202505-07-006,2025-05-26,0,Grove-OOS,4211.82,4253.93,0.365,0.36135,0.438,0.43983,25,1,1684.73,,,15,10,1.01,265,2.6745,1
APP-202505-07-007,2025-05-04,0,Grove-OOS,4134.41,4175.75,0.39,0.3861,0.468,0.46995,27,2,1653.76,506,206,18,12,1.012,318,2.52199,1
APP-202505-07-008,2025-05-09,0,Grove-OOS,4478.01,4522.79,0.415,0.41085,0.498,0.50008,29,3,1791.2,,,21,14,1.014,371,2.61963,1
APP-202505-07-009,2025-05-14,0,Grove-OOS,4342.84,4386.27,0.44,0.4356,0.528,0.5302,31,0,1737.13,508,,24,16,1.016,424,2.43199,1
APP-202505-07-010,2025-05-19,0,Grove-OOS,4301.34,4344.35,0.465,0.46035,0.558,0.56032,33,1,1720.53,,209,27,18,1.018,477,2.30121,1
APP-202505-07-011,2025-05-24,0,Grove-OOS,4315.97,4359.13,0.49,0.4851,0.588,0.59045,35,2,1726.39,510,,30,20,1.02,530,2.20115,1
APP-202505-07-012,2025-05-02,0,Grove-OOS,4666.82,4713.49,0.24,0.2376,0.288,0.2892,37,3,1866.73,,,33,22,1.022,583,3.54679,1
APP-202505-07-013,2025-05-07,0,Grove-OOS,4616.95,4663.12,0.265,0.26235,0.318,0.31933,39,0,1846.78,512,212,36,24,1.024,636,3.39346,1
APP-202505-07-014,2025-05-12,1,Grove-OOS,4931.2,4980.51,0.29,0.2871,0.348,0.34945,41,1,1972.48,,,39,26,1.026,689,3.50115,1
APP-202505-07-015,2025-05-17,0,Grove-OOS,4827.12,4875.39,0.315,0.31185,0.378,0.37958,43,2,1930.85,514,,42,28,1.028,742,3.30658,1
APP-202505-07-016,2025-05-22,0,Grove-OOS,4845.96,4894.42,0.34,0.3366,0.408,0.4097,45,3,1938.38,,215,45,30,1.03,795,3.19834,1
APP-202505-07-017,2025-05-27,0,Grove-OOS,5397.99,5451.97,0.365,0.36135,0.438,0.43983,47,0,2159.19,516,,48,32,1.032,848,3.42772,1
APP-202505-07-018,2025-05-05,0,Grove-OOS,5143.9,5195.33,0.39,0.3861,0.468,0.46995,49,1,2057.56,,,51,34,1.034,901,3.13778,1
APP-202505-07-019,2025-05-10,0,Grove-OOS,5401.04,5455.05,0.415,0.41085,0.498,0.50008,51,2,2160.42,518,218,54,36,1.036,954,3.15961,1
APP-202505-07-020,2025-05-15,0,Grove-OOS,3537.82,3573.19,0.44,0.4356,0.528,0.5302,53,3,1415.13,,,57,38,1.038,10,1.98118,1
APP-202505-07-021,2025-05-20,0,Grove-OOS,3463.84,3498.48,0.465,0.46035,0.558,0.56032,55,0,1385.54,520,,60,40,1.04,63,1.85316,1
APP-202505-07-022,2025-05-25,0,Grove-OOS,3791.06,3828.97,0.49,0.4851,0.588,0.59045,57,1,1516.42,,221,63,42,1.042,116,1.93344,1
APP-202505-07-023,2025-05-03,0,Grove-OOS,4000.88,4040.89,0.24,0.2376,0.288,0.2892,59,2,1600.35,522,,66,44,1.044,169,3.04067,1
APP-202505-07-024,2025-05-08,0,Grove-OOS,4062.27,4102.89,0.265,0.26235,0.318,0.31933,61,3,1624.91,,,69,46,1.046,222,2.98577,1
APP-202505-07-025,2025-05-13,0,Grove-OOS,4085.59,4126.44,0.29,0.2871,0.348,0.34945,63,0,1634.24,524,224,72,48,1.048,275,2.90077,1
APP-202505-07-026,2025-05-18,0,Grove-OOS,4146.17,4187.63,0.315,0.31185,0.378,0.37958,65,1,1658.47,,,75,50,1.05,328,2.84012,1
APP-202505-07-027,2025-05-23,1,Grove-OOS,4276.93,4319.7,0.34,0.3366,0.408,0.4097,67,2,1710.77,526,,78,52,1.052,381,2.82278,1
APP-202505-07-028,2025-05-01,0,Grove-OOS,4273.02,4315.75,0.365,0.36135,0.438,0.43983,69,3,1709.21,,227,81,54,1.054,434,2.71337,1
APP-202505-07-029,2025-05-06,0,Grove-OOS,4266.63,4309.29,0.39,0.3861,0.468,0.46995,71,0,1706.65,528,,84,56,1.056,487,2.60264,1
APP-202505-07-030,2025-05-11,0,Grove-OOS,4533.8,4579.14,0.415,0.41085,0.498,0.50008,73,1,1813.52,,,87,58,1.058,540,2.65227,1
APP-202505-07-031,2025-05-16,0,Grove-OOS,4491.97,4536.89,0.44,0.4356,0.528,0.5302,75,2,1796.79,530,230,90,60,1.06,593,2.51551,1
APP-202505-07-032,2025-05-21,0,Grove-OOS,4749.78,4797.28,0.465,0.46035,0.558,0.56032,77,3,1899.91,,,93,62,1.062,646,2.54113,1
APP-202505-07-033,2025-05-26,0,Grove-OOS,4793.24,4841.17,0.49,0.4851,0.588,0.59045,79,0,1917.3,532,,96,64,1.064,699,2.44455,1
APP-202505-07-034,2025-05-04,0,Grove-OOS,4797.28,4845.25,0.24,0.2376,0.288,0.2892,81,1,1918.91,,233,99,66,1.066,752,3.64593,1
APP-202505-07-035,2025-05-09,0,Grove-OOS,4884.97,4933.82,0.265,0.26235,0.318,0.31933,83,2,1953.99,534,,102,68,1.068,805,3.59045,1
APP-202505-07-036,2025-05-14,0,Grove-OOS,4968.84,5018.53,0.29,0.2871,0.348,0.34945,85,3,1987.54,,,105,70,1.07,858,3.52788,1
APP-202505-07-037,2025-05-19,0,Grove-OOS,5153.58,5205.12,0.315,0.31185,0.378,0.37958,87,0,2061.43,536,236,108,72,1.072,911,3.53021,1
APP-202505-07-038,2025-05-24,0,Grove-OOS,5252.63,5305.16,0.34,0.3366,0.408,0.4097,89,1,2101.05,,,111,74,1.074,964,3.46674,1
APP-202505-07-039,2025-05-02,0,Grove-OOS,3763.28,3800.92,0.365,0.36135,0.438,0.43983,91,2,1505.31,538,,114,76,1.076,20,2.38968,1
APP-202505-07-040,2025-05-07,1,Grove-OOS,3649.54,3686.04,0.39,0.3861,0.468,0.46995,93,3,1459.82,,239,117,78,1.078,73,2.22622,1
APP-202506-07-001,2025-06-01,1,Grove-OOS,3409.39,3443.49,0.24,0.2376,0.288,0.2892,15,0,1363.76,500,200,0,0,1.08,0,2.59114,1
APP-202506-07-002,2025-06-06,0,Grove-OOS,3775.98,3813.74,0.265,0.26235,0.318,0.31933,17,1,1510.39,,,3,2,1.082,53,2.77535,1
APP-202506-07-003,2025-06-11,0,Grove-OOS,3596.86,3632.83,0.29,0.2871,0.348,0.34945,19,2,1438.74,502,,6,4,1.084,106,2.55377,1
APP-202506-07-004,2025-06-16,0,Grove-OOS,3674.13,3710.87,0.315,0.31185,0.378,0.37958,21,3,1469.65,,203,9,6,1.086,159,2.51678,1
APP-202506-07-005,2025-06-21,0,Grove-OOS,3735.18,3772.54,0.34,0.3366,0.408,0.4097,23,0,1494.07,504,,12,8,1.088,212,2.46522,1
APP-202506-07-006,2025-06-26,0,Grove-OOS,3958.74,3998.33,0.365,0.36135,0.438,0.43983,25,1,1583.5,,,15,10,1.09,265,2.5138,1
APP-202506-07-007,2025-06-04,0,Grove-OOS,4294.23,4337.17,0.39,0.3861,0.468,0.46995,27,2,1717.69,506,206,18,12,1.092,318,2.61948,1
APP-202506-07-008,2025-06-09,0,Grove-OOS,4230.67,4272.98,0.415,0.41085,0.498,0.50008,29,3,1692.27,,,21,14,1.094,371,2.47494,1
APP-202506-07-009,2025-06-14,0,Grove-OOS,4173.83,4215.57,0.44,0.4356,0.528,0.5302,31,0,1669.53,508,,24,16,1.096,424,2.33734,1
APP-202506-07-010,2025-06-19,0,Grove-OOS,4426.08,4470.34,0.465,0.46035,0.558,0.56032,33,1,1770.43,,209,27,18,1.098,477,2.36795,1
APP-202506-07-011,2025-06-24,0,Grove-OOS,4489.33,4534.22,0.49,0.4851,0.588,0.59045,35,2,1795.73,510,,30,20,1.1,530,2.28956,1
APP-202506-07-012,2025-06-02,0,Grove-OOS,4476.61,4521.38,0.24,0.2376,0.288,0.2892,37,3,1790.64,,,33,22,1.102,583,3.40223,1
APP-202506-07-013,2025-06-07,0,Grove-OOS,4584.22,4630.06,0.265,0.26235,0.318,0.31933,39,0,1833.69,512,212,36,24,1.104,636,3.3694,1
APP-202506-07-014,2025-06-12,1,Grove-OOS,4976.72,5026.49,0.29,0.2871,0.348,0.34945,41,1,1990.69,,,39,26,1.106,689,3.53347,1
APP-202506-07-015,2025-06-17,0,Grove-OOS,4872.71,4921.43,0.315,0.31185,0.378,0.37958,43,2,1949.08,514,,42,28,1.108,742,3.3378,1
APP-202506-07-016,2025-06-22,0,Grove-OOS,4875.72,4924.48,0.34,0.3366,0.408,0.4097,45,3,1950.29,,215,45,30,1.11,795,3.21798,1
APP-202506-07-017,2025-06-27,0,Grove-OOS,5136.05,5187.41,0.365,0.36135,0.438,0.43983,47,0,2054.42,516,,48,32,1.112,848,3.26139,1
APP-202506-07-018,2025-06-05,0,Grove-OOS,5459.03,5513.62,0.39,0.3861,0.468,0.46995,49,1,2183.61,,,51,34,1.114,901,3.33001,1
APP-202506-07-019,2025-06-10,0,Grove-OOS,5430.26,5484.56,0.415,0.41085,0.498,0.50008,51,2,2172.1,518,218,54,36,1.116,954,3.1767,1
APP-202506-07-020,2025-06-15,0,Grove-OOS,3609.11,3645.2,0.44,0.4356,0.528,0.5302,53,3,1443.64,,,57,38,1.118,10,2.0211,1
APP-202506-07-021,2025-06-20,0,Grove-OOS,3463.78,3498.42,0.465,0.46035,0.558,0.56032,55,0,1385.51,520,,60,40,1.12,63,1.85312,1
APP-202506-07-022,2025-06-25,0,Grove-OOS,3769.51,3807.2,0.49,0.4851,0.588,0.59045,57,1,1507.8,,221,63,42,1.122,116,1.92245,1
APP-202506-07-023,2025-06-03,0,Grove-OOS,3786.32,3824.18,0.24,0.2376,0.288,0.2892,59,2,1514.53,522,,66,44,1.124,169,2.8776,1
APP-202506-07-024,2025-06-08,0,Grove-OOS,3924.22,3963.46,0.265,0.26235,0.318,0.31933,61,3,1569.69,,,69,46,1.126,222,2.8843,1
APP-202506-07-025,2025-06-13,0,Grove-OOS,4065.42,4106.08,0.29,0.2871,0.348,0.34945,63,0,1626.17,524,224,72,48,1.128,275,2.88645,1
APP-202506-07-026,2025-06-18,0,Grove-OOS,4125.51,4166.77,0.315,0.31185,0.378,0.37958,65,1,1650.21,,,75,50,1.13,328,2.82598,1
APP-202506-07-027,2025-06-23,1,Grove-OOS,4415.25,4459.4,0.34,0.3366,0.408,0.4097,67,2,1766.1,526,,78,52,1.132,381,2.91406,1
APP-202506-07-028,2025-06-01,0,Grove-OOS,4644.37,4690.82,0.365,0.36135,0.438,0.43983,69,3,1857.75,,227,81,54,1.134,434,2.94918,1
APP-202506-07-029,2025-06-06,0,Grove-OOS,4797.07,4845.04,0.39,0.3861,0.468,0.46995,71,0,1918.83,528,,84,56,1.136,487,2.92621,1
APP-202506-07-030,2025-06-11,0,Grove-OOS,4645.73,4692.19,0.415,0.41085,0.498,0.50008,73,1,1858.29,,,87,58,1.138,540,2.71775,1
APP-202506-07-031,2025-06-16,0,Grove-OOS,4613.39,4659.52,0.44,0.4356,0.528,0.5302,75,2,1845.36,530,230,90,60,1.14,593,2.5835,1
APP-202506-07-032,2025-06-21,0,Grove-OOS,4659.71,4706.3,0.465,0.46035,0.558,0.56032,77,3,1863.88,,,93,62,1.142,646,2.49294,1
APP-202506-07-033,2025-06-26,0,Grove-OOS,4852.2,4900.72,0.49,0.4851,0.588,0.59045,79,0,1940.88,532,,96,64,1.144,699,2.47462,1
APP-202506-07-034,2025-06-04,0,Grove-OOS,4860.2,4908.8,0.24,0.2376,0.288,0.2892,81,1,1944.08,,233,99,66,1.146,752,3.69375,1
APP-202506-07-035,2025-06-09,0,Grove-OOS,5166.27,5217.93,0.265,0.26235,0.318,0.31933,83,2,2066.51,534,,102,68,1.148,805,3.79721,1
APP-202506-07-036,2025-06-14,0,Grove-OOS,5092.83,5143.76,0.29,0.2871,0.348,0.34945,85,3,2037.13,,,105,70,1.15,858,3.61591,1
APP-202506-07-037,2025-06-19,0,Grove-OOS,5219.53,5271.72,0.315,0.31185,0.378,0.37958,87,0,2087.81,536,236,108,72,1.152,911,3.57538,1
APP-202506-07-038,2025-06-24,0,Grove-OOS,5142.85,5194.28,0.34,0.3366,0.408,0.4097,89,1,2057.14,,,111,74,1.154,964,3.39428,1
APP-202506-07-039,2025-06-02,0,Grove-OOS,3645.95,3682.41,0.365,0.36135,0.438,0.43983,91,2,1458.38,538,,114,76,1.156,20,2.31518,1
APP-202506-07-040,2025-06-07,1,Grove-OOS,3621.89,3658.11,0.39,0.3861,0.468,0.46995,93,3,1448.76,,239,117,78,1.158,73,2.20935,1
APP-202501-08-001,2025-01-01,1,Haven-OOS,3632.4,3668.73,0.24,0.2376,0.288,0.2892,15,0,1452.96,500,200,0,0,0.68,0,2.76063,1
APP-202501-08-002,2025-01-06,0,Haven-OOS,3527.18,3562.45,0.265,0.26235,0.318,0.31933,17,1,1410.87,,,3,2,0.682,53,2.59248,1
APP-202501-08-003,2025-01-11,0,Haven-OOS,4070.64,4111.35,0.29,0.2871,0.348,0.34945,19,2,1628.26,502,,6,4,0.684,106,2.89016,1
APP-202501-08-004,2025-01-16,0,Haven-OOS,3752.54,3790.06,0.315,0.31185,0.378,0.37958,21,3,1501.01,,203,9,6,0.686,159,2.57049,1
APP-202501-08-005,2025-01-21,0,Haven-OOS,3959.02,3998.62,0.34,0.3366,0.408,0.4097,23,0,1583.61,504,,12,8,0.688,212,2.61296,1
APP-202501-08-006,2025-01-26,0,Haven-OOS,3934.8,3974.15,0.365,0.36135,0.438,0.43983,25,1,1573.92,,,15,10,0.69,265,2.4986,1
APP-202501-08-007,2025-01-04,0,Haven-OOS,4008.75,4048.83,0.39,0.3861,0.468,0.46995,27,2,1603.5,506,206,18,12,0.692,318,2.44534,1
APP-202501-08-008,2025-01-09,0,Haven-OOS,4261.25,4303.87,0.415,0.41085,0.498,0.50008,29,3,1704.5,,,21,14,0.694,371,2.49283,1
APP-202501-08-009,2025-01-14,0,Haven-OOS,4379.92,4423.72,0.44,0.4356,0.528,0.5302,31,0,1751.97,508,,24,16,0.696,424,2.45276,1
APP-202501-08-010,2025-01-19,0,Haven-OOS,4482.6,4527.42,0.465,0.46035,0.558,0.56032,33,1,1793.04,,209,27,18,0.698,477,2.39819,1
APP-202501-08-011,2025-01-24,0,Haven-OOS,4557.62,4603.2,0.49,0.4851,0.588,0.59045,35,2,1823.05,510,,30,20,0.7,530,2.32439,1
APP-202501-08-012,2025-01-02,0,Haven-OOS,4481.8,4526.61,0.24,0.2376,0.288,0.2892,37,3,1792.72,,,33,22,0.702,583,3.40616,1
APP-202501-08-013,2025-01-07,0,Haven-OOS,5031.76,5082.08,0.265,0.26235,0.318,0.31933,39,0,2012.7,512,212,36,24,0.704,636,3.69834,1
APP-202501-08-014,2025-01-12,1,Haven-OOS,4939.09,4988.48,0.29,0.2871,0.348,0.34945,41,1,1975.63,,,39,26,0.706,689,3.50675,1
APP-202501-08-015,2025-01-17,0,Haven-OOS,4884.66,4933.51,0.315,0.31185,0.378,0.37958,43,2,1953.86,514,,42,28,0.708,742,3.34599,1
APP-202501-08-016,2025-01-22,0,Haven-OOS,5063.79,5114.43,0.34,0.3366,0.408,0.4097,45,3,2025.52,,215,45,30,0.71,795,3.3421,1
APP-202501-08-017,2025-01-27,0,Haven-OOS,5337.84,5391.21,0.365,0.36135,0.438,0.43983,47,0,2135.13,516,,48,32,0.712,848,3.38953,1
APP-202501-08-018,2025-01-05,0,Haven-OOS,5363.18,5416.81,0.39,0.3861,0.468,0.46995,49,1,2145.27,,,51,34,0.714,901,3.27154,1
APP-202501-08-019,2025-01-10,0,Haven-OOS,5395.05,5449.0,0.415,0.41085,0.498,0.50008,51,2,2158.02,518,218,54,36,0.716,954,3.1561,1
APP-202501-08-020,2025-01-15,0,Haven-OOS,3789.64,3827.53,0.44,0.4356,0.528,0.5302,53,3,1515.86,,,57,38,0.718,10,2.1222,1
APP-202501-08-021,2025-01-20,0,Haven-OOS,3801.66,3839.68,0.465,0.46035,0.558,0.56032,55,0,1520.66,520,,60,40,0.72,63,2.03389,1
APP-202501-08-022,2025-01-25,0,Haven-OOS,3767.28,3804.95,0.49,0.4851,0.588,0.59045,57,1,1506.91,,221,63,42,0.722,116,1.92131,1
APP-202501-08-023,2025-01-03,0,Haven-OOS,3985.64,4025.5,0.24,0.2376,0.288,0.2892,59,2,1594.26,522,,66,44,0.724,169,3.02909,1
APP-202501-08-024,2025-01-08,0,Haven-OOS,4053.18,4093.71,0.265,0.26235,0.318,0.31933,61,3,1621.27,,,69,46,0.726,222,2.97909,1
APP-202501-08-025,2025-01-13,0,Haven-OOS,4146.95,4188.42,0.29,0.2871,0.348,0.34945,63,0,1658.78,524,224,72,48,0.728,275,2.94433,1
APP-202501-08-026,2025-01-18,0,Haven-OOS,4136.38,4177.75,0.315,0.31185,0.378,0.37958,65,1,1654.55,,,75,50,0.73,328,2.83342,1
APP-202501-08-027,2025-01-23,1,Haven-OOS,4495.62,4540.57,0.34,0.3366,0.408,0.4097,67,2,1798.25,526,,78,52,0.732,381,2.96711,1
APP-202501-08-028,2025-01-01,0,Haven-OOS,3951.21,3990.72,0.365,0.36135,0.438,0.43983,69,3,1580.48,,227,81,54,0.734,434,2.50902,1
APP-202501-08-029,2025-01-06,0,Haven-OOS,4497.6,4542.58,0.39,0.3861,0.468,0.46995,71,0,1799.04,528,,84,56,0.736,487,2.74354,1
APP-202501-08-030,2025-01-11,0,Haven-OOS,4500.97,4545.98,0.415,0.41085,0.498,0.50008,73,1,1800.39,,,87,58,0.738,540,2.63307,1
APP-202501-08-031,2025-01-16,0,Haven-OOS,4588.99,4634.88,0.44,0.4356,0.528,0.5302,75,2,1835.6,530,230,90,60,0.74,593,2.56984,1
APP-202501-08-032,2025-01-21,0,Haven-OOS,4778.71,4826.5,0.465,0.46035,0.558,0.56032,77,3,1911.48,,,93,62,0.742,646,2.55661,1
APP-202501-08-033,2025-01-26,0,Haven-OOS,5071.38,5122.1,0.49,0.4851,0.588,0.59045,79,0,2028.55,532,,96,64,0.744,699,2.58641,1
APP-202501-08-034,2025-01-04,0,Haven-OOS,4716.84,4764.01,0.24,0.2376,0.288,0.2892,81,1,1886.74,,233,99,66,0.746,752,3.5848,1
APP-202501-08-035,2025-01-09,0,Haven-OOS,5075.46,5126.21,0.265,0.26235,0.318,0.31933,83,2,2030.18,534,,102,68,0.748,805,3.73046,1
APP-202501-08-036,2025-01-14,0,Haven-OOS,4982.07,5031.89,0.29,0.2871,0.348,0.34945,85,3,1992.83,,,105,70,0.75,858,3.53727,1
APP-202501-08-037,2025-01-19,0,Haven-OOS,5066.6,5117.27,0.315,0.31185,0.378,0.37958,87,0,2026.64,536,236,108,72,0.752,911,3.47062,1
APP-202501-08-038,2025-01-24,0,Haven-OOS,5231.73,5284.05,0.34,0.3366,0.408,0.4097,89,1,2092.69,,,111,74,0.754,964,3.45294,1
APP-202501-08-039,2025-01-02,0,Haven-OOS,3474.07,3508.81,0.365,0.36135,0.438,0.43983,91,2,1389.63,538,,114,76,0.756,20,2.20603,1
APP-202501-08-040,2025-01-07,1,Haven-OOS,3478.12,3512.9,0.39,0.3861,0.468,0.46995,93,3,1391.25,,239,117,78,0.758,73,2.12165,1
APP-202502-08-001,2025-02-01,1,Haven-OOS,3639.77,3676.16,0.24,0.2376,0.288,0.2892,15,0,1455.91,500,200,0,0,0.76,0,2.76622,1
APP-202502-08-002,2025-02-06,0,Haven-OOS,3789.28,3827.17,0.265,0.26235,0.318,0.31933,17,1,1515.71,,,3,2,0.762,53,2.78512,1
APP-202502-08-003,2025-02-11,0,Haven-OOS,3975.69,4015.45,0.29,0.2871,0.348,0.34945,19,2,1590.28,502,,6,4,0.764,106,2.82274,1
APP-202502-08-004,2025-02-16,0,Haven-OOS,3956.59,3996.16,0.315,0.31185,0.378,0.37958,21,3,1582.64,,203,9,6,0.766,159,2.71026,1
APP-202502-08-005,2025-02-21,0,Haven-OOS,3920.02,3959.22,0.34,0.3366,0.408,0.4097,23,0,1568.01,504,,12,8,0.768,212,2.58721,1
APP-202502-08-006,2025-02-26,0,Haven-OOS,3982.12,4021.94,0.365,0.36135,0.438,0.43983,25,1,1592.85,,,15,10,0.77,265,2.52865,1
APP-202502-08-007,2025-02-04,0,Haven-OOS,4318.56,4361.74,0.39,0.3861,0.468,0.46995,27,2,1727.42,506,206,18,12,0.772,318,2.63432,1
APP-202502-08-008,2025-02-09,0,Haven-OOS,4132.14,4173.46,0.415,0.41085,0.498,0.50008,29,3,1652.85,,,21,14,0.774,371,2.4173,1
APP-202502-08-009,2025-02-14,0,Haven-OOS,4253.68,4296.22,0.44,0.4356,0.528,0.5302,31,0,1701.47,508,,24,16,0.776,424,2.38206,1
APP-202502-08-010,2025-02-19,0,Haven-OOS,4487.7,4532.57,0.465,0.46035,0.558,0.56032,33,1,1795.08,,209,27,18,0.778,477,2.40092,1
APP-202502-08-011,2025-02-24,0,Haven-OOS,4499.48,4544.48,0.49,0.4851,0.588,0.59045,35,2,1799.79,510,,30,20,0.78,530,2.29474,1
APP-202502-08-012,2025-02-02,0,Haven-OOS,4660.04,4706.64,0.24,0.2376,0.288,0.2892,37,3,1864.02,,,33,22,0.782,583,3.54163,1
APP-202502-08-013,2025-02-07,0,Haven-OOS,4815.28,4863.43,0.265,0.26235,0.318,0.31933,39,0,1926.11,512,212,36,24,0.784,636,3.53923,1
APP-202502-08-014,2025-02-12,1,Haven-OOS,4927.83,4977.11,0.29,0.2871,0.348,0.34945,41,1,1971.13,,,39,26,0.786,689,3.49876,1
APP-202502-08-015,2025-02-17,0,Haven-OOS,4918.3,4967.48,0.315,0.31185,0.378,0.37958,43,2,1967.32,514,,42,28,0.788,742,3.36903,1
APP-202502-08-016,2025-02-22,0,Haven-OOS,5043.11,5093.54,0.34,0.3366,0.408,0.4097,45,3,2017.25,,215,45,30,0.79,795,3.32846,1
APP-202502-08-017,2025-02-27,0,Haven-OOS,5144.46,5195.9,0.365,0.36135,0.438,0.43983,47,0,2057.78,516,,48,32,0.792,848,3.26673,1
APP-202502-08-018,2025-02-05,0,Haven-OOS,5356.75,5410.31,0.39,0.3861,0.468,0.46995,49,1,2142.7,,,51,34,0.794,901,3.26762,1
APP-202502-08-019,2025-02-10,0,Haven-OOS,5299.7,5352.7,0.415,0.41085,0.498,0.50008,51,2,2119.88,518,218,54,36,0.796,954,3.10033,1
APP-202502-08-020,2025-02-15,0,Haven-OOS,3805.35,3843.4,0.44,0.4356,0.528,0.5302,53,3,1522.14,,,57,38,0.798,10,2.131,1
APP-202502-08-021,2025-02-20,0,Haven-OOS,3518.0,3553.18,0.465,0.46035,0.558,0.56032,55,0,1407.2,520,,60,40,0.8,63,1.88213,1
APP-202502-08-022,2025-02-25,0,Haven-OOS,3898.14,3937.12,0.49,0.4851,0.588,0.59045,57,1,1559.26,,221,63,42,0.802,116,1.98805,1
APP-202502-08-023,2025-02-03,0,Haven-OOS,3941.61,3981.03,0.24,0.2376,0.288,0.2892,59,2,1576.64,522,,66,44,0.804,169,2.99562,1
APP-202502-08-024,2025-02-08,0,Haven-OOS,3701.16,3738.17,0.265,0.26235,0.318,0.31933,61,3,1480.46,,,69,46,0.806,222,2.72035,1
APP-202502-08-025,2025-02-13,0,Haven-OOS,4076.54,4117.31,0.29,0.2871,0.348,0.34945,63,0,1630.62,524,224,72,48,0.808,275,2.89434,1
APP-202502-08-026,2025-02-18,0,Haven-OOS,4127.99,4169.27,0.315,0.31185,0.378,0.37958,65,1,1651.19,,,75,50,0.81,328,2.82767,1
APP-202502-08-027,2025-02-23,1,Haven-OOS,4265.68,4308.33,0.34,0.3366,0.408,0.4097,67,2,1706.27,526,,78,52,0.812,381,2.81535,1
APP-202502-08-028,2025-02-01,0,Haven-OOS,4321.32,4364.53,0.365,0.36135,0.438,0.43983,69,3,1728.53,,227,81,54,0.814,434,2.74404,1
APP-202502-08-029,2025-02-06,0,Haven-OOS,4640.59,4686.99,0.39,0.3861,0.468,0.46995,71,0,1856.24,528,,84,56,0.816,487,2.83076,1
APP-202502-08-030,2025-02-11,0,Haven-OOS,4313.08,4356.21,0.415,0.41085,0.498,0.50008,73,1,1725.23,,,87,58,0.818,540,2.52315,1
APP-202502-08-031,2025-02-16,0,Haven-OOS,4656.43,4702.99,0.44,0.4356,0.528,0.5302,75,2,1862.57,530,230,90,60,0.82,593,2.6076,1
APP-202502-08-032,2025-02-21,0,Haven-OOS,4628.02,4674.3,0.465,0.46035,0.558,0.56032,77,3,1851.21,,,93,62,0.822,646,2.47599,1
APP-202502-08-033,2025-02-26,0,Haven-OOS,4836.84,4885.21,0.49,0.4851,0.588,0.59045,79,0,1934.73,532,,96,64,0.824,699,2.46679,1
APP-202502-08-034,2025-02-04,0,Haven-OOS,4936.09,4985.45,0.24,0.2376,0.288,0.2892,81,1,1974.43,,233,99,66,0.826,752,3.75143,1
APP-202502-08-035,2025-02-09,0,Haven-OOS,5273.63,5326.37,0.265,0.26235,0.318,0.31933,83,2,2109.45,534,,102,68,0.828,805,3.87612,1
APP-202502-08-036,2025-02-14,0,Haven-OOS,5215.57,5267.73,0.29,0.2871,0.348,0.34945,85,3,2086.23,,,105,70,0.83,858,3.70306,1
APP-202502-08-037,2025-02-19,0,Haven-OOS,5302.03,5355.05,0.315,0.31185,0.378,0.37958,87,0,2120.81,536,236,108,72,0.832,911,3.63189,1
APP-202502-08-038,2025-02-24,0,Haven-OOS,5387.47,5441.34,0.34,0.3366,0.408,0.4097,89,1,2154.99,,,111,74,0.834,964,3.55573,1
APP-202502-08-039,2025-02-02,0,Haven-OOS,3448.33,3482.81,0.365,0.36135,0.438,0.43983,91,2,1379.33,538,,114,76,0.836,20,2.18969,1
APP-202502-08-040,2025-02-07,1,Haven-OOS,3588.7,3624.59,0.39,0.3861,0.468,0.46995,93,3,1435.48,,239,117,78,0.838,73,2.18911,1
APP-202503-08-001,2025-03-01,1,Haven-OOS,3530.79,3566.09,0.24,0.2376,0.288,0.2892,15,0,1412.31,500,200,0,0,0.84,0,2.6834,1
APP-202503-08-002,2025-03-06,0,Haven-OOS,3601.06,3637.07,0.265,0.26235,0.318,0.31933,17,1,1440.43,,,3,2,0.842,53,2.64678,1
APP-202503-08-003,2025-03-11,0,Haven-OOS,3856.69,3895.25,0.29,0.2871,0.348,0.34945,19,2,1542.67,502,,6,4,0.844,106,2.73825,1
APP-202503-08-004,2025-03-16,0,Haven-OOS,3782.17,3819.99,0.315,0.31185,0.378,0.37958,21,3,1512.87,,203,9,6,0.846,159,2.59079,1
APP-202503-08-005,2025-03-21,0,Haven-OOS,3851.76,3890.28,0.34,0.3366,0.408,0.4097,23,0,1540.71,504,,12,8,0.848,212,2.54216,1
APP-202503-08-006,2025-03-26,0,Haven-OOS,4199.4,4241.39,0.365,0.36135,0.438,0.43983,25,1,1679.76,,,15,10,0.85,265,2.66662,1
APP-202503-08-007,2025-03-04,0,Haven-OOS,3909.23,3948.32,0.39,0.3861,0.468,0.46995,27,2,1563.69,506,206,18,12,0.852,318,2.38463,1
APP-202503-08-008,2025-03-09,0,Haven-OOS,3993.46,4033.4,0.415,0.41085,0.498,0.50008,29,3,1597.38,,,21,14,0.854,371,2.33617,1
APP-202503-08-009,2025-03-14,0,Haven-OOS,4422.65,4466.88,0.44,0.4356,0.528,0.5302,31,0,1769.06,508,,24,16,0.856,424,2.47668,1
APP-202503-08-010,2025-03-19,0,Haven-OOS,4419.52,4463.71,0.465,0.46035,0.558,0.56032,33,1,1767.81,,209,27,18,0.858,477,2.36444,1
APP-202503-08-011,2025-03-24,0,Haven-OOS,4478.45,4523.23,0.49,0.4851,0.588,0.59045,35,2,1791.38,510,,30,20,0.86,530,2.28401,1
APP-202503-08-012,2025-03-02,0,Haven-OOS,4500.83,4545.84,0.24,0.2376,0.288,0.2892,37,3,1800.33,,,33,22,0.862,583,3.42063,1
APP-202503-08-013,2025-03-07,0,Haven-OOS,4518.5,4563.69,0.265,0.26235,0.318,0.31933,39,0,1807.4,512,212,36,24,0.864,636,3.3211,1
APP-202503-08-014,2025-03-12,1,Haven-OOS,4934.14,4983.48,0.29,0.2871,0.348,0.34945,41,1,1973.66,,,39,26,0.866,689,3.50324,1
APP-202503-08-015,2025-03-17,0,Haven-OOS,5236.86,5289.23,0.315,0.31185,0.378,0.37958,43,2,2094.75,514,,42,28,0.868,742,3.58725,1
APP-202503-08-016,2025-03-22,0,Haven-OOS,4922.01,4971.23,0.34,0.3366,0.408,0.4097,45,3,1968.8,,215,45,30,0.87,795,3.24852,1
APP-202503-08-017,2025-03-27,0,Haven-OOS,5336.49,5389.86,0.365,0.36135,0.438,0.43983,47,0,2134.6,516,,48,32,0.872,848,3.38867,1
APP-202503-08-018,2025-03-05,0,Haven-OOS,5218.26,5270.44,0.39,0.3861,0.468,0.46995,49,1,2087.3,,,51,34,0.874,901,3.18314,1
APP-202503-08-019,2025-03-10,0,Haven-OOS,5561.09,5616.7,0.415,0.41085,0.498,0.50008,51,2,2224.44,518,218,54,36,0.876,954,3.25324,1
APP-202503-08-020,2025-03-15,0,Haven-OOS,3451.29,3485.8,0.44,0.4356,0.528,0.5302,53,3,1380.52,,,57,38,0.878,10,1.93272,1
APP-202503-08-021,2025-03-20,0,Haven-OOS,3668.76,3705.45,0.465,0.46035,0.558,0.56032,55,0,1467.5,520,,60,40,0.88,63,1.96279,1
APP-202503-08-022,2025-03-25,0,Haven-OOS,3928.74,3968.02,0.49,0.4851,0.588,0.59045,57,1,1571.49,,221,63,42,0.882,116,2.00365,1
APP-202503-08-023,2025-03-03,0,Haven-OOS,3901.58,3940.6,0.24,0.2376,0.288,0.2892,59,2,1560.63,522,,66,44,0.884,169,2.9652,1
APP-202503-08-024,2025-03-08,0,Haven-OOS,3865.37,3904.02,0.265,0.26235,0.318,0.31933,61,3,1546.15,,,69,46,0.886,222,2.84104,1
APP-202503-08-025,2025-03-13,0,Haven-OOS,4216.52,4258.68,0.29,0.2871,0.348,0.34945,63,0,1686.61,524,224,72,48,0.888,275,2.99373,1
APP-202503-08-026,2025-03-18,0,Haven-OOS,4038.43,4078.81,0.315,0.31185,0.378,0.37958,65,1,1615.37,,,75,50,0.89,328,2.76632,1
APP-202503-08-027,2025-03-23,1,Haven-OOS,4311.17,4354.28,0.34,0.3366,0.408,0.4097,67,2,1724.47,526,,78,52,0.892,381,2.84537,1
APP-202503-08-028,2025-03-01,0,Haven-OOS,4261.93,4304.55,0.365,0.36135,0.438,0.43983,69,3,1704.77,,227,81,54,0.894,434,2.70633,1
APP-202503-08-029,2025-03-06,0,Haven-OOS,4388.99,4432.88,0.39,0.3861,0.468,0.46995,71,0,1755.6,528,,84,56,0.896,487,2.67729,1
APP-202503-08-030,2025-03-11,0,Haven-OOS,4590.23,4636.13,0.415,0.41085,0.498,0.50008,73,1,1836.09,,,87,58,0.898,540,2.68528,1
APP-202503-08-031,2025-03-16,0,Haven-OOS,4939.95,4989.35,0.44,0.4356,0.528,0.5302,75,2,1975.98,530,230,90,60,0.9,593,2.76637,1
APP-202503-08-032,2025-03-21,0,Haven-OOS,4491.63,4536.54,0.465,0.46035,0.558,0.56032,77,3,1796.65,,,93,62,0.902,646,2.40302,1
APP-202503-08-033,2025-03-26,0,Haven-OOS,4808.79,4856.88,0.49,0.4851,0.588,0.59045,79,0,1923.52,532,,96,64,0.904,699,2.45248,1
APP-202503-08-034,2025-03-04,0,Haven-OOS,4760.68,4808.29,0.24,0.2376,0.288,0.2892,81,1,1904.27,,233,99,66,0.906,752,3.61812,1
APP-202503-08-035,2025-03-09,0,Haven-OOS,5099.84,5150.83,0.265,0.26235,0.318,0.31933,83,2,2039.93,534,,102,68,0.908,805,3.74838,1
APP-202503-08-036,2025-03-14,0,Haven-OOS,5187.9,5239.78,0.29,0.2871,0.348,0.34945,85,3,2075.16,,,105,70,0.91,858,3.68341,1
APP-202503-08-037,2025-03-19,0,Haven-OOS,5026.07,5076.33,0.315,0.31185,0.378,0.37958,87,0,2010.43,536,236,108,72,0.912,911,3.44286,1
APP-202503-08-038,2025-03-24,0,Haven-OOS,5645.73,5702.19,0.34,0.3366,0.408,0.4097,89,1,2258.29,,,111,74,0.914,964,3.72618,1
APP-202503-08-039,2025-03-02,0,Haven-OOS,3637.24,3673.61,0.365,0.36135,0.438,0.43983,91,2,1454.9,538,,114,76,0.916,20,2.30965,1
APP-202503-08-040,2025-03-07,1,Haven-OOS,3511.38,3546.5,0.39,0.3861,0.468,0.46995,93,3,1404.55,,239,117,78,0.918,73,2.14194,1
APP-202504-08-001,2025-04-01,1,Haven-OOS,3595.73,3631.68,0.24,0.2376,0.288,0.2892,15,0,1438.29,500,200,0,0,0.92,0,2.73275,1
APP-202504-08-002,2025-04-06,0,Haven-OOS,3648.94,3685.43,0.265,0.26235,0.318,0.31933,17,1,1459.57,,,3,2,0.922,53,2.68197,1
APP-202504-08-003,2025-04-11,0,Haven-OOS,3900.32,3939.32,0.29,0.2871,0.348,0.34945,19,2,1560.13,502,,6,4,0.924,106,2.76923,1
APP-202504-08-004,2025-04-16,0,Haven-OOS,3919.62,3958.81,0.315,0.31185,0.378,0.37958,21,3,1567.85,,203,9,6,0.926,159,2.68494,1
APP-202504-08-005,2025-04-21,0,Haven-OOS,3750.46,3787.97,0.34,0.3366,0.408,0.4097,23,0,1500.18,504,,12,8,0.928,212,2.4753,1
APP-202504-08-006,2025-04-26,0,Haven-OOS,3980.65,4020.45,0.365,0.36135,0.438,0.43983,25,1,1592.26,,,15,10,0.93,265,2.52771,1
APP-202504-08-007,2025-04-04,0,Haven-OOS,4211.64,4253.76,0.39,0.3861,0.468,0.46995,27,2,1684.66,506,206,18,12,0.932,318,2.5691,1
APP-202504-08-008,2025-04-09,0,Haven-OOS,4214.04,4256.19,0.415,0.41085,0.498,0.50008,29,3,1685.62,,,21,14,0.934,371,2.46522,1
APP-202504-08-009,2025-04-14,0,Haven-OOS,4345.09,4388.54,0.44,0.4356,0.528,0.5302,31,0,1738.03,508,,24,16,0.936,424,2.43325,1
APP-202504-08-010,2025-04-19,0,Haven-OOS,4554.78,4600.33,0.465,0.46035,0.558,0.56032,33,1,1821.91,,209,27,18,0.938,477,2.43681,1
APP-202504-08-011,2025-04-24,0,Haven-OOS,4574.2,4619.95,0.49,0.4851,0.588,0.59045,35,2,1829.68,510,,30,20,0.94,530,2.33284,1
APP-202504-08-012,2025-04-02,0,Haven-OOS,4630.77,4677.08,0.24,0.2376,0.288,0.2892,37,3,1852.31,,,33,22,0.942,583,3.51939,1
APP-202504-08-013,2025-04-07,0,Haven-OOS,4561.16,4606.77,0.265,0.26235,0.318,0.31933,39,0,1824.46,512,212,36,24,0.944,636,3.35245,1
APP-202504-08-014,2025-04-12,1,Haven-OOS,4863.8,4912.44,0.29,0.2871,0.348,0.34945,41,1,1945.52,,,39,26,0.946,689,3.4533,1
APP-202504-08-015,2025-04-17,0,Haven-OOS,5057.5,5108.07,0.315,0.31185,0.378,0.37958,43,2,2023.0,514,,42,28,0.948,742,3.46439,1
APP-202504-08-016,2025-04-22,0,Haven-OOS,5020.43,5070.64,0.34,0.3366,0.408,0.4097,45,3,2008.17,,215,45,30,0.95,795,3.31349,1
APP-202504-08-017,2025-04-27,0,Haven-OOS,5321.78,5375.0,0.365,0.36135,0.438,0.43983,47,0,2128.71,516,,48,32,0.952,848,3.37933,1
APP-202504-08-018,2025-04-05,0,Haven-OOS,4900.34,4949.34,0.39,0.3861,0.468,0.46995,49,1,1960.14,,,51,34,0.954,901,2.98921,1
APP-202504-08-019,2025-04-10,0,Haven-OOS,5211.47,5263.59,0.415,0.41085,0.498,0.50008,51,2,2084.59,518,218,54,36,0.956,954,3.04871,1
APP-202504-08-020,2025-04-15,0,Haven-OOS,3510.43,3545.54,0.44,0.4356,0.528,0.5302,53,3,1404.17,,,57,38,0.958,10,1.96584,1
APP-202504-08-021,2025-04-20,0,Haven-OOS,3693.85,3730.78,0.465,0.46035,0.558,0.56032,55,0,1477.54,520,,60,40,0.96,63,1.97621,1
APP-202504-08-022,2025-04-25,0,Haven-OOS,3566.03,3601.69,0.49,0.4851,0.588,0.59045,57,1,1426.41,,221,63,42,0.962,116,1.81868,1
APP-202504-08-023,2025-04-03,0,Haven-OOS,3690.9,3727.8,0.24,0.2376,0.288,0.2892,59,2,1476.36,522,,66,44,0.964,169,2.80508,1
APP-202504-08-024,2025-04-08,0,Haven-OOS,3770.74,3808.45,0.265,0.26235,0.318,0.31933,61,3,1508.3,,,69,46,0.966,222,2.77149,1
APP-202504-08-025,2025-04-13,0,Haven-OOS,3933.23,3972.57,0.29,0.2871,0.348,0.34945,63,0,1573.29,524,224,72,48,0.968,275,2.7926,1
APP-202504-08-026,2025-04-18,0,Haven-OOS,4224.82,4267.07,0.315,0.31185,0.378,0.37958,65,1,1689.93,,,75,50,0.97,328,2.894,1
APP-202504-08-027,2025-04-23,1,Haven-OOS,4102.65,4143.67,0.34,0.3366,0.408,0.4097,67,2,1641.06,526,,78,52,0.972,381,2.70775,1
APP-202504-08-028,2025-04-01,0,Haven-OOS,4091.25,4132.16,0.365,0.36135,0.438,0.43983,69,3,1636.5,,227,81,54,0.974,434,2.59794,1
APP-202504-08-029,2025-04-06,0,Haven-OOS,4497.06,4542.03,0.39,0.3861,0.468,0.46995,71,0,1798.82,528,,84,56,0.976,487,2.74321,1
APP-202504-08-030,2025-04-11,0,Haven-OOS,4704.61,4751.66,0.415,0.41085,0.498,0.50008,73,1,1881.85,,,87,58,0.978,540,2.7522,1
APP-202504-08-031,2025-04-16,0,Haven-OOS,4679.6,4726.4,0.44,0.4356,0.528,0.5302,75,2,1871.84,530,230,90,60,0.98,593,2.62058,1
APP-202504-08-032,2025-04-21,0,Haven-OOS,4568.53,4614.22,0.465,0.46035,0.558,0.56032,77,3,1827.41,,,93,62,0.982,646,2.44416,1
APP-202504-08-033,2025-04-26,0,Haven-OOS,4875.8,4924.56,0.49,0.4851,0.588,0.59045,79,0,1950.32,532,,96,64,0.984,699,2.48666,1
APP-202504-08-034,2025-04-04,0,Haven-OOS,4923.76,4973.0,0.24,0.2376,0.288,0.2892,81,1,1969.5,,233,99,66,0.986,752,3.74206,1
APP-202504-08-035,2025-04-09,0,Haven-OOS,5009.46,5059.55,0.265,0.26235,0.318,0.31933,83,2,2003.78,534,,102,68,0.988,805,3.68195,1
APP-202504-08-036,2025-04-14,0,Haven-OOS,4906.19,4955.25,0.29,0.2871,0.348,0.34945,85,3,1962.47,,,105,70,0.99,858,3.48339,1
APP-202504-08-037,2025-04-19,0,Haven-OOS,5225.66,5277.91,0.315,0.31185,0.378,0.37958,87,0,2090.26,536,236,108,72,0.992,911,3.57957,1
APP-202504-08-038,2025-04-24,0,Haven-OOS,5200.99,5253.0,0.34,0.3366,0.408,0.4097,89,1,2080.4,,,111,74,0.994,964,3.43266,1
APP-202504-08-039,2025-04-02,0,Haven-OOS,3564.11,3599.76,0.365,0.36135,0.438,0.43983,91,2,1425.65,538,,114,76,0.996,20,2.26321,1
APP-202504-08-040,2025-04-07,1,Haven-OOS,3925.24,3964.49,0.39,0.3861,0.468,0.46995,93,3,1570.1,,239,117,78,0.998,73,2.3944,1
APP-202505-08-001,2025-05-01,1,Haven-OOS,3450.79,3485.3,0.24,0.2376,0.288,0.2892,15,0,1380.32,500,200,0,0,1.0,0,2.6226,1
APP-202505-08-002,2025-05-06,0,Haven-OOS,3748.16,3785.65,0.265,0.26235,0.318,0.31933,17,1,1499.27,,,3,2,1.002,53,2.7549,1
APP-202505-08-003,2025-05-11,0,Haven-OOS,3807.17,3845.24,0.29,0.2871,0.348,0.34945,19,2,1522.87,502,,6,4,1.004,106,2.70309,1
APP-202505-08-004,2025-05-16,0,Haven-OOS,3802.34,3840.36,0.315,0.31185,0.378,0.37958,21,3,1520.94,,203,9,6,1.006,159,2.6046,1
APP-202505-08-005,2025-05-21,0,Haven-OOS,4031.42,4071.74,0.34,0.3366,0.408,0.4097,23,0,1612.57,504,,12,8,1.008,212,2.66074,1
APP-202505-08-006,2025-05-26,0,Haven-OOS,4115.52,4156.68,0.365,0.36135,0.438,0.43983,25,1,1646.21,,,15,10,1.01,265,2.61336,1
APP-202505-08-007,2025-05-04,0,Haven-OOS,4206.78,4248.85,0.39,0.3861,0.468,0.46995,27,2,1682.71,506,206,18,12,1.012,318,2.56614,1
APP-202505-08-008,2025-05-09,0,Haven-OOS,4545.46,4590.92,0.415,0.41085,0.498,0.50008,29,3,1818.18,,,21,14,1.014,371,2.6591,1
APP-202505-08-009,2025-05-14,0,Haven-OOS,4435.36,4479.71,0.44,0.4356,0.528,0.5302,31,0,1774.14,508,,24,16,1.016,424,2.4838,1
APP-202505-08-010,2025-05-19,0,Haven-OOS,4416.11,4460.27,0.465,0.46035,0.558,0.56032,33,1,1766.44,,209,27,18,1.018,477,2.36262,1
APP-202505-08-011,2025-05-24,0,Haven-OOS,4509.37,4554.47,0.49,0.4851,0.588,0.59045,35,2,1803.75,510,,30,20,1.02,530,2.29978,1
APP-202505-08-012,2025-05-02,0,Haven-OOS,4452.06,4496.58,0.24,0.2376,0.288,0.2892,37,3,1780.82,,,33,22,1.022,583,3.38356,1
APP-202505-08-013,2025-05-07,0,Haven-OOS,4866.99,4915.66,0.265,0.26235,0.318,0.31933,39,0,1946.8,512,212,36,24,1.024,636,3.57724,1
APP-202505-08-014,2025-05-12,1,Haven-OOS,4855.92,4904.48,0.29,0.2871,0.348,0.34945,41,1,1942.37,,,39,26,1.026,689,3.4477,1
APP-202505-08-015,2025-05-17,0,Haven-OOS,5093.12,5144.05,0.315,0.31185,0.378,0.37958,43,2,2037.25,514,,42,28,1.028,742,3.48879,1
APP-202505-08-016,2025-05-22,0,Haven-OOS,4915.63,4964.79,0.34,0.3366,0.408,0.4097,45,3,1966.25,,215,45,30,1.03,795,3.24432,1
APP-202505-08-017,2025-05-27,0,Haven-OOS,5053.22,5103.76,0.365,0.36135,0.438,0.43983,47,0,2021.29,516,,48,32,1.032,848,3.2088,1
APP-202505-08-018,2025-05-05,0,Haven-OOS,5263.6,5316.24,0.39,0.3861,0.468,0.46995,49,1,2105.44,,,51,34,1.034,901,3.2108,1
APP-202505-08-019,2025-05-10,0,Haven-OOS,5524.01,5579.25,0.415,0.41085,0.498,0.50008,51,2,2209.6,518,218,54,36,1.036,954,3.23155,1
APP-202505-08-020,2025-05-15,0,Haven-OOS,3814.4,3852.54,0.44,0.4356,0.528,0.5302,53,3,1525.76,,,57,38,1.038,10,2.13606,1
APP-202505-08-021,2025-05-20,0,Haven-OOS,3867.03,3905.7,0.465,0.46035,0.558,0.56032,55,0,1546.81,520,,60,40,1.04,63,2.06886,1
APP-202505-08-022,2025-05-25,0,Haven-OOS,3810.62,3848.72,0.49,0.4851,0.588,0.59045,57,1,1524.25,,221,63,42,1.042,116,1.94341,1
APP-202505-08-023,2025-05-03,0,Haven-OOS,3955.88,3995.44,0.24,0.2376,0.288,0.2892,59,2,1582.35,522,,66,44,1.044,169,3.00647,1
APP-202505-08-024,2025-05-08,0,Haven-OOS,3890.72,3929.63,0.265,0.26235,0.318,0.31933,61,3,1556.29,,,69,46,1.046,222,2.85968,1
APP-202505-08-025,2025-05-13,0,Haven-OOS,3979.66,4019.45,0.29,0.2871,0.348,0.34945,63,0,1591.86,524,224,72,48,1.048,275,2.82556,1
APP-202505-08-026,2025-05-18,0,Haven-OOS,4152.34,4193.86,0.315,0.31185,0.378,0.37958,65,1,1660.93,,,75,50,1.05,328,2.84435,1
APP-202505-08-027,2025-05-23,1,Haven-OOS,4165.05,4206.7,0.34,0.3366,0.408,0.4097,67,2,1666.02,526,,78,52,1.052,381,2.74894,1
APP-202505-08-028,2025-05-01,0,Haven-OOS,4384.03,4427.87,0.365,0.36135,0.438,0.43983,69,3,1753.61,,227,81,54,1.054,434,2.78386,1
APP-202505-08-029,2025-05-06,0,Haven-OOS,4280.93,4323.74,0.39,0.3861,0.468,0.46995,71,0,1712.37,528,,84,56,1.056,487,2.61137,1
APP-202505-08-030,2025-05-11,0,Haven-OOS,4965.6,5015.25,0.415,0.41085,0.498,0.50008,73,1,1986.24,,,87,58,1.058,540,2.90488,1
APP-202505-08-031,2025-05-16,0,Haven-OOS,4637.53,4683.91,0.44,0.4356,0.528,0.5302,75,2,1855.01,530,230,90,60,1.06,593,2.59702,1
APP-202505-08-032,2025-05-21,0,Haven-OOS,4813.22,4861.35,0.465,0.46035,0.558,0.56032,77,3,1925.29,,,93,62,1.062,646,2.57507,1
APP-202505-08-033,2025-05-26,0,Haven-OOS,5144.64,5196.09,0.49,0.4851,0.588,0.59045,79,0,2057.86,532,,96,64,1.064,699,2.62377,1
APP-202505-08-034,2025-05-04,0,Haven-OOS,4747.7,4795.17,0.24,0.2376,0.288,0.2892,81,1,1899.08,,233,99,66,1.066,752,3.60825,1
APP-202505-08-035,2025-05-09,0,Haven-OOS,5019.95,5070.15,0.265,0.26235,0.318,0.31933,83,2,2007.98,534,,102,68,1.068,805,3.68966,1
APP-202505-08-036,2025-05-14,0,Haven-OOS,4940.49,4989.89,0.29,0.2871,0.348,0.34945,85,3,1976.2,,,105,70,1.07,858,3.50775,1
APP-202505-08-037,2025-05-19,0,Haven-OOS,5102.36,5153.38,0.315,0.31185,0.378,0.37958,87,0,2040.94,536,236,108,72,1.072,911,3.49511,1
APP-202505-08-038,2025-05-24,0,Haven-OOS,5067.6,5118.28,0.34,0.3366,0.408,0.4097,89,1,2027.04,,,111,74,1.074,964,3.34462,1
APP-202505-08-039,2025-05-02,0,Haven-OOS,3726.7,3763.97,0.365,0.36135,0.438,0.43983,91,2,1490.68,538,,114,76,1.076,20,2.36646,1
APP-202505-08-040,2025-05-07,1,Haven-OOS,3949.28,3988.78,0.39,0.3861,0.468,0.46995,93,3,1579.71,,239,117,78,1.078,73,2.40906,1
APP-202506-08-001,2025-06-01,1,Haven-OOS,3503.58,3538.62,0.24,0.2376,0.288,0.2892,15,0,1401.43,500,200,0,0,1.08,0,2.66272,1
APP-202506-08-002,2025-06-06,0,Haven-OOS,3752.19,3789.72,0.265,0.26235,0.318,0.31933,17,1,1500.88,,,3,2,1.082,53,2.75786,1
APP-202506-08-003,2025-06-11,0,Haven-OOS,3921.41,3960.63,0.29,0.2871,0.348,0.34945,19,2,1568.57,502,,6,4,1.084,106,2.7842,1
APP-202506-08-004,2025-06-16,0,Haven-OOS,3917.53,3956.71,0.315,0.31185,0.378,0.37958,21,3,1567.01,,203,9,6,1.086,159,2.68351,1
APP-202506-08-005,2025-06-21,0,Haven-OOS,3955.6,3995.16,0.34,0.3366,0.408,0.4097,23,0,1582.24,504,,12,8,1.088,212,2.6107,1
APP-202506-08-006,2025-06-26,0,Haven-OOS,4078.8,4119.58,0.365,0.36135,0.438,0.43983,25,1,1631.52,,,15,10,1.09,265,2.59004,1
APP-202506-08-007,2025-06-04,0,Haven-OOS,4269.94,4312.64,0.39,0.3861,0.468,0.46995,27,2,1707.98,506,206,18,12,1.092,318,2.60466,1
APP-202506-08-008,2025-06-09,0,Haven-OOS,4370.31,4414.01,0.415,0.41085,0.498,0.50008,29,3,1748.12,,,21,14,1.094,371,2.55663,1
APP-202506-08-009,2025-06-14,0,Haven-OOS,4256.25,4298.81,0.44,0.4356,0.528,0.5302,31,0,1702.5,508,,24,16,1.096,424,2.3835,1
APP-202506-08-010,2025-06-19,0,Haven-OOS,4474.32,4519.06,0.465,0.46035,0.558,0.56032,33,1,1789.73,,209,27,18,1.098,477,2.39376,1
APP-202506-08-011,2025-06-24,0,Haven-OOS,4428.03,4472.31,0.49,0.4851,0.588,0.59045,35,2,1771.21,510,,30,20,1.1,530,2.2583,1
APP-202506-08-012,2025-06-02,0,Haven-OOS,4370.06,4413.76,0.24,0.2376,0.288,0.2892,37,3,1748.03,,,33,22,1.102,583,3.32125,1
APP-202506-08-013,2025-06-07,0,Haven-OOS,4679.09,4725.88,0.265,0.26235,0.318,0.31933,39,0,1871.64,512,212,36,24,1.104,636,3.43913,1
APP-202506-08-014,2025-06-12,1,Haven-OOS,5004.4,5054.45,0.29,0.2871,0.348,0.34945,41,1,2001.76,,,39,26,1.106,689,3.55313,1
APP-202506-08-015,2025-06-17,0,Haven-OOS,4841.47,4889.88,0.315,0.31185,0.378,0.37958,43,2,1936.59,514,,42,28,1.108,742,3.31641,1
APP-202506-08-016,2025-06-22,0,Haven-OOS,4938.05,4987.43,0.34,0.3366,0.408,0.4097,45,3,1975.22,,215,45,30,1.11,795,3.25912,1
APP-202506-08-017,2025-06-27,0,Haven-OOS,5023.78,5074.02,0.365,0.36135,0.438,0.43983,47,0,2009.51,516,,48,32,1.112,848,3.1901,1
APP-202506-08-018,2025-06-05,0,Haven-OOS,5278.88,5331.66,0.39,0.3861,0.468,0.46995,49,1,2111.55,,,51,34,1.114,901,3.22011,1
APP-202506-08-019,2025-06-10,0,Haven-OOS,5382.76,5436.59,0.415,0.41085,0.498,0.50008,51,2,2153.1,518,218,54,36,1.116,954,3.14891,1
APP-202506-08-020,2025-06-15,0,Haven-OOS,3548.17,3583.66,0.44,0.4356,0.528,0.5302,53,3,1419.27,,,57,38,1.118,10,1.98698,1
APP-202506-08-021,2025-06-20,0,Haven-OOS,3293.83,3326.77,0.465,0.46035,0.558,0.56032,55,0,1317.53,520,,60,40,1.12,63,1.7622,1
APP-202506-08-022,2025-06-25,0,Haven-OOS,3568.25,3603.93,0.49,0.4851,0.588,0.59045,57,1,1427.3,,221,63,42,1.122,116,1.81981,1
APP-202506-08-023,2025-06-03,0,Haven-OOS,3836.96,3875.33,0.24,0.2376,0.288,0.2892,59,2,1534.78,522,,66,44,1.124,169,2.91609,1
APP-202506-08-024,2025-06-08,0,Haven-OOS,4185.26,4227.11,0.265,0.26235,0.318,0.31933,61,3,1674.1,,,69,46,1.126,222,3.07616,1
APP-202506-08-025,2025-06-13,0,Haven-OOS,4024.3,4064.55,0.29,0.2871,0.348,0.34945,63,0,1609.72,524,224,72,48,1.128,275,2.85726,1
APP-202506-08-026,2025-06-18,0,Haven-OOS,4080.33,4121.13,0.315,0.31185,0.378,0.37958,65,1,1632.13,,,75,50,1.13,328,2.79502,1
APP-202506-08-027,2025-06-23,1,Haven-OOS,4091.65,4132.57,0.34,0.3366,0.408,0.4097,67,2,1636.66,526,,78,52,1.132,381,2.70049,1
APP-202506-08-028,2025-06-01,0,Haven-OOS,4359.76,4403.36,0.365,0.36135,0.438,0.43983,69,3,1743.91,,227,81,54,1.134,434,2.76845,1
APP-202506-08-029,2025-06-06,0,Haven-OOS,4711.05,4758.16,0.39,0.3861,0.468,0.46995,71,0,1884.42,528,,84,56,1.136,487,2.87374,1
APP-202506-08-030,2025-06-11,0,Haven-OOS,4542.69,4588.12,0.415,0.41085,0.498,0.50008,73,1,1817.08,,,87,58,1.138,540,2.65748,1
APP-202506-08-031,2025-06-16,0,Haven-OOS,4568.06,4613.74,0.44,0.4356,0.528,0.5302,75,2,1827.22,530,230,90,60,1.14,593,2.55811,1
APP-202506-08-032,2025-06-21,0,Haven-OOS,4498.58,4543.57,0.465,0.46035,0.558,0.56032,77,3,1799.43,,,93,62,1.142,646,2.40674,1
APP-202506-08-033,2025-06-26,0,Haven-OOS,4765.59,4813.24,0.49,0.4851,0.588,0.59045,79,0,1906.24,532,,96,64,1.144,699,2.43045,1
APP-202506-08-034,2025-06-04,0,Haven-OOS,4981.82,5031.64,0.24,0.2376,0.288,0.2892,81,1,1992.73,,233,99,66,1.146,752,3.78619,1
APP-202506-08-035,2025-06-09,0,Haven-OOS,4879.86,4928.66,0.265,0.26235,0.318,0.31933,83,2,1951.95,534,,102,68,1.148,805,3.5867,1
APP-202506-08-036,2025-06-14,0,Haven-OOS,4939.84,4989.24,0.29,0.2871,0.348,0.34945,85,3,1975.94,,,105,70,1.15,858,3.50729,1
APP-202506-08-037,2025-06-19,0,Haven-OOS,5126.6,5177.86,0.315,0.31185,0.378,0.37958,87,0,2050.64,536,236,108,72,1.152,911,3.51172,1
APP-202506-08-038,2025-06-24,0,Haven-OOS,5227.16,5279.43,0.34,0.3366,0.408,0.4097,89,1,2090.87,,,111,74,1.154,964,3.44993,1
APP-202506-08-039,2025-06-02,0,Haven-OOS,3318.82,3352.01,0.365,0.36135,0.438,0.43983,91,2,1327.53,538,,114,76,1.156,20,2.10745,1
APP-202506-08-040,2025-06-07,1,Haven-OOS,3571.58,3607.3,0.39,0.3861,0.468,0.46995,93,3,1428.63,,239,117,78,1.158,73,2.17866,1
APP-202501-01-026,2025-01-14,0,Aster,999999,-1,0.3597,0.35192,0.2827,0.27415,103,0,2356.46,-1,-1,120,21,0.41613,541,3.39707,1
APP-202501-01-027,2025-01-21,0,Aster,999999,5857.42,0.36535,0.36411,0.44449,0.45618,114,1,2505.28,-1,-1,167,38,0.26912,638,3.70716,1
APP-202501-01-028,2025-01-01,0,Aster,999999,5996.44,0.36783,0.36397,0.28825,0.29514,125,2,2841.61,-1,-1,3,55,0.27276,735,3.66926,1
APP-202501-01-029,2025-01-08,0,Aster,999999,6014.32,0.36486,0.35973,0.226,0.23856,136,3,-1111,-1,152,50,72,0.34078,832,3.70904,1
APP-202501-01-030,2025-01-15,0,Aster,999999,2796.14,0.421,0.42049,0.16528,0.17116,147,4,806.43,-1,171,97,89,0.2711,929,1.73244,1
APP-202501-01-031,2025-01-22,1,Aster,999999,2922.05,0.65404,0.64552,0.4265,0.42631,-1111,2,763.0,-1,-999,144,5,0.33107,29,1.02008,1
APP-202501-01-032,2025-01-02,0,Aster,999999,2891.6,0.4231,0.42366,0.49694,0.49418,169,1,1013.83,-1,-999,191,22,0.34739,126,1.65088,1
APP-202501-01-033,2025-01-09,0,Aster,999999,3198.33,-999,0.45338,0.59818,0.59667,180,2,,-1,-999,27,39,0.33864,223,1.66533,1
APP-202501-01-034,2025-01-16,0,Aster,999999,3324.51,0.42021,0.42291,0.48717,0.50338,11,3,1567.5,539,247,74,56,0.37074,320,1.92202,1
APP-202501-01-035,2025-01-23,0,Aster,999999,3255.11,0.18935,0.19337,0.41832,0.42096,22,4,1832.91,552,266,121,73,0.36429,417,2.72532,1
INVALID-001,2025-02-11,2,Aster,-999,4002.04,0.29275,-999,-1111,0.3387,,0,-999,-999,,192,74,0.31991,3,2.70242,1
INVALID-002,2025-02-18,-1,Aster,4027.67,4061.01,0.28254,0.28326,0.31755,0.31225,99,1,1545.99,-999,,28,91,0.30105,100,2.96309,1
INVALID-003,2025-02-25,,Aster,4233.94,4294.6,0.35768,0.3607,0.44004,0.4375,110,2,1788.6,-999,,75,7,0.30528,197,2.85336,1
INVALID-004,2025-02-05,9,Aster,4135.65,4168.26,0.36753,0.36229,0.3489,0.33468,121,3,2204.87,-999,437,122,24,0.3558,294,2.59958,1
INVALID-005,2025-02-12,2,Aster,4437.26,4473.59,0.55623,0.55415,0.42091,0.41138,132,6,-1111,-999,456,169,41,0.34619,391,2.03192,1
INVALID-006,2025-02-19,,Aster,4753.48,-1,0.34094,0.33995,0.33159,0.34797,143,0,2015.37,-999,-1,5,58,0.37589,488,3.05694,1
