entry_id,posted_date,quarter,statement_section,account,revenue_category,customer_id,payment_channel,amount_usd,invoice_id
JE-000001,2025-04-01,2025-Q2,revenue,Revenue - Enterprise platform,Enterprise platform,C001,Invoice/ACH,4836,INV-00001
JE-000011,2025-04-01,2025-Q2,revenue,Revenue - Enterprise platform,Enterprise platform,C008,Invoice/ACH,7859,INV-00011
JE-000020,2025-04-01,2025-Q2,revenue,Revenue - Enterprise platform,Enterprise platform,C015,Invoice/ACH,8464,INV-00020
JE-000029,2025-04-01,2025-Q2,revenue,Revenue - Enterprise platform,Enterprise platform,C022,Invoice/ACH,6045,INV-00029
JE-000039,2025-04-01,2025-Q2,revenue,Revenue - Enterprise platform,Enterprise platform,C029,Invoice/ACH,9673,INV-00039
JE-000048,2025-04-01,2025-Q2,revenue,Revenue - Enterprise platform,Enterprise platform,C036,Invoice/ACH,10277,INV-00048
JE-000057,2025-04-01,2025-Q2,revenue,Revenue - Enterprise platform,Enterprise platform,C043,Invoice/ACH,7254,INV-00057
JE-000067,2025-04-01,2025-Q2,revenue,Revenue - Enterprise platform,Enterprise platform,C050,Invoice/ACH,11486,INV-00067
JE-000796,2025-04-01,2025-Q2,cogs,Cloud hosting,,,,22500,
JE-000083,2025-04-02,2025-Q2,revenue,Revenue - Team plans,Team plans,C012,Invoice/ACH,3112,INV-00083
JE-000111,2025-04-02,2025-Q2,revenue,Revenue - Team plans,Team plans,C033,PayPal,1038,INV-00111
JE-000840,2025-04-02,2025-Q2,cogs,Implementation labor,,,,671,
JE-000883,2025-04-02,2025-Q2,operating_expense,General & administrative,,,,2750,
JE-000869,2025-04-04,2025-Q2,operating_expense,Product & R&D,,,,2666,
JE-000076,2025-04-05,2025-Q2,revenue,Revenue - Team plans,Team plans,C007,Invoice/ACH,2723,INV-00076
JE-000085,2025-04-05,2025-Q2,revenue,Revenue - Team plans,Team plans,C014,Invoice/ACH,3112,INV-00085
JE-000094,2025-04-05,2025-Q2,revenue,Revenue - Team plans,Team plans,C021,PayPal,2334,INV-00094
JE-000104,2025-04-05,2025-Q2,revenue,Revenue - Team plans,Team plans,C028,PayPal,3890,INV-00104
JE-000113,2025-04-05,2025-Q2,revenue,Revenue - Team plans,Team plans,C035,PayPal,4279,INV-00113
JE-000122,2025-04-05,2025-Q2,revenue,Revenue - Team plans,Team plans,C042,PayPal,3112,INV-00122
JE-000132,2025-04-05,2025-Q2,revenue,Revenue - Team plans,Team plans,C049,PayPal,5056,INV-00132
JE-000811,2025-04-05,2025-Q2,cogs,Customer support,,,,15000,
JE-000148,2025-04-06,2025-Q2,revenue,Revenue - Usage add-ons,Usage add-ons,C011,Invoice/ACH,975,INV-00148
JE-000176,2025-04-06,2025-Q2,revenue,Revenue - Usage add-ons,Usage add-ons,C032,PayPal,1138,INV-00176
JE-000855,2025-04-06,2025-Q2,operating_expense,Sales & marketing,,,,1500,
JE-000797,2025-04-07,2025-Q2,cogs,Cloud hosting,,,,21000,
JE-000884,2025-04-08,2025-Q2,operating_expense,General & administrative,,,,1833,
JE-000141,2025-04-09,2025-Q2,revenue,Revenue - Usage add-ons,Usage add-ons,C006,Invoice/ACH,3250,INV-00141
JE-000150,2025-04-09,2025-Q2,revenue,Revenue - Usage add-ons,Usage add-ons,C013,Invoice/ACH,3413,INV-00150
JE-000159,2025-04-09,2025-Q2,revenue,Revenue - Usage add-ons,Usage add-ons,C020,PayPal,2383,INV-00159
JE-000169,2025-04-09,2025-Q2,revenue,Revenue - Usage add-ons,Usage add-ons,C027,PayPal,3737,INV-00169
JE-000178,2025-04-09,2025-Q2,revenue,Revenue - Usage add-ons,Usage add-ons,C034,PayPal,3900,INV-00178
JE-000187,2025-04-09,2025-Q2,revenue,Revenue - Usage add-ons,Usage add-ons,C041,PayPal,2708,INV-00187
JE-000197,2025-04-09,2025-Q2,revenue,Revenue - Usage add-ons,Usage add-ons,C048,PayPal,1137,INV-00197
JE-000826,2025-04-09,2025-Q2,cogs,Implementation labor,,,,10000,
JE-000214,2025-04-10,2025-Q2,revenue,Revenue - Services,Services,C010,Invoice/ACH,399,INV-00214
JE-000242,2025-04-10,2025-Q2,revenue,Revenue - Services,Services,C031,Invoice/ACH,498,INV-00242
JE-000870,2025-04-10,2025-Q2,operating_expense,Product & R&D,,,,1338,
JE-000010,2025-04-11,2025-Q2,revenue,Revenue - Enterprise platform,Enterprise platform,C007,Invoice/ACH,4232,INV-00010
JE-000038,2025-04-11,2025-Q2,revenue,Revenue - Enterprise platform,Enterprise platform,C028,Invoice/ACH,4837,INV-00038
JE-000066,2025-04-11,2025-Q2,revenue,Revenue - Enterprise platform,Enterprise platform,C049,Invoice/ACH,1612,INV-00066
JE-000812,2025-04-11,2025-Q2,cogs,Customer support,,,,14000,
JE-000207,2025-04-13,2025-Q2,revenue,Revenue - Services,Services,C005,Invoice/ACH,1395,INV-00207
JE-000216,2025-04-13,2025-Q2,revenue,Revenue - Services,Services,C012,Invoice/ACH,1494,INV-00216
JE-000225,2025-04-13,2025-Q2,revenue,Revenue - Services,Services,C019,Invoice/ACH,1062,INV-00225
JE-000235,2025-04-13,2025-Q2,revenue,Revenue - Services,Services,C026,Invoice/ACH,1694,INV-00235
JE-000244,2025-04-13,2025-Q2,revenue,Revenue - Services,Services,C033,Invoice/ACH,1793,INV-00244
JE-000253,2025-04-13,2025-Q2,revenue,Revenue - Services,Services,C040,Invoice/ACH,1262,INV-00253
JE-000263,2025-04-13,2025-Q2,revenue,Revenue - Services,Services,C047,Invoice/ACH,1993,INV-00263
JE-000798,2025-04-13,2025-Q2,cogs,Cloud hosting,,,,19500,
JE-000841,2025-04-13,2025-Q2,operating_expense,Sales & marketing,,,,22500,
JE-000003,2025-04-14,2025-Q2,revenue,Revenue - Enterprise platform,Enterprise platform,C002,Invoice/ACH,13904,INV-00003
JE-000012,2025-04-14,2025-Q2,revenue,Revenue - Enterprise platform,Enterprise platform,C009,Invoice/ACH,14509,INV-00012
JE-000021,2025-04-14,2025-Q2,revenue,Revenue - Enterprise platform,Enterprise platform,C016,Invoice/ACH,10075,INV-00021
JE-000031,2025-04-14,2025-Q2,revenue,Revenue - Enterprise platform,Enterprise platform,C023,Invoice/ACH,4232,INV-00031
JE-000040,2025-04-14,2025-Q2,revenue,Revenue - Enterprise platform,Enterprise platform,C030,Invoice/ACH,4836,INV-00040
JE-000049,2025-04-14,2025-Q2,revenue,Revenue - Enterprise platform,Enterprise platform,C037,Invoice/ACH,3627,INV-00049
JE-000059,2025-04-14,2025-Q2,revenue,Revenue - Enterprise platform,Enterprise platform,C044,Invoice/ACH,6045,INV-00059
JE-000885,2025-04-14,2025-Q2,operating_expense,General & administrative,,,,921,
JE-000075,2025-04-15,2025-Q2,revenue,Revenue - Team plans,Team plans,C006,Invoice/ACH,1945,INV-00075
JE-000103,2025-04-15,2025-Q2,revenue,Revenue - Team plans,Team plans,C027,PayPal,2334,INV-00103
JE-000131,2025-04-15,2025-Q2,revenue,Revenue - Team plans,Team plans,C048,PayPal,2723,INV-00131
JE-000827,2025-04-15,2025-Q2,cogs,Implementation labor,,,,9333,
JE-000813,2025-04-17,2025-Q2,cogs,Customer support,,,,13000,
JE-000856,2025-04-17,2025-Q2,operating_expense,Product & R&D,,,,20000,
JE-000068,2025-04-18,2025-Q2,revenue,Revenue - Team plans,Team plans,C001,Invoice/ACH,6612,INV-00068
JE-000077,2025-04-18,2025-Q2,revenue,Revenue - Team plans,Team plans,C008,Invoice/ACH,7001,INV-00077
JE-000086,2025-04-18,2025-Q2,revenue,Revenue - Team plans,Team plans,C015,Invoice/ACH,4926,INV-00086
JE-000096,2025-04-18,2025-Q2,revenue,Revenue - Team plans,Team plans,C022,PayPal,7779,INV-00096
JE-000105,2025-04-18,2025-Q2,revenue,Revenue - Team plans,Team plans,C029,PayPal,8168,INV-00105
JE-000114,2025-04-18,2025-Q2,revenue,Revenue - Team plans,Team plans,C036,PayPal,5704,INV-00114
JE-000124,2025-04-18,2025-Q2,revenue,Revenue - Team plans,Team plans,C043,PayPal,8946,INV-00124
JE-000133,2025-04-18,2025-Q2,revenue,Revenue - Team plans,Team plans,C050,PayPal,9335,INV-00133
JE-000140,2025-04-19,2025-Q2,revenue,Revenue - Usage add-ons,Usage add-ons,C005,Invoice/ACH,488,INV-00140
JE-000168,2025-04-19,2025-Q2,revenue,Revenue - Usage add-ons,Usage add-ons,C026,PayPal,650,INV-00168
JE-000196,2025-04-19,2025-Q2,revenue,Revenue - Usage add-ons,Usage add-ons,C047,PayPal,813,INV-00196
JE-000799,2025-04-19,2025-Q2,cogs,Cloud hosting,,,,18000,
JE-000842,2025-04-19,2025-Q2,operating_expense,Sales & marketing,,,,21000,
JE-000828,2025-04-21,2025-Q2,cogs,Implementation labor,,,,8666,
JE-000871,2025-04-21,2025-Q2,operating_expense,General & administrative,,,,13750,
JE-000142,2025-04-22,2025-Q2,revenue,Revenue - Usage add-ons,Usage add-ons,C007,Invoice/ACH,1950,INV-00142
JE-000151,2025-04-22,2025-Q2,revenue,Revenue - Usage add-ons,Usage add-ons,C014,Invoice/ACH,1408,INV-00151
JE-000161,2025-04-22,2025-Q2,revenue,Revenue - Usage add-ons,Usage add-ons,C021,PayPal,2275,INV-00161
JE-000170,2025-04-22,2025-Q2,revenue,Revenue - Usage add-ons,Usage add-ons,C028,PayPal,2437,INV-00170
JE-000179,2025-04-22,2025-Q2,revenue,Revenue - Usage add-ons,Usage add-ons,C035,PayPal,1733,INV-00179
JE-000189,2025-04-22,2025-Q2,revenue,Revenue - Usage add-ons,Usage add-ons,C042,PayPal,2762,INV-00189
JE-000198,2025-04-22,2025-Q2,revenue,Revenue - Usage add-ons,Usage add-ons,C049,PayPal,2925,INV-00198
JE-000206,2025-04-23,2025-Q2,revenue,Revenue - Services,Services,C004,Invoice/ACH,731,INV-00206
JE-000234,2025-04-23,2025-Q2,revenue,Revenue - Services,Services,C025,Invoice/ACH,831,INV-00234
JE-000262,2025-04-23,2025-Q2,revenue,Revenue - Services,Services,C046,Invoice/ACH,299,INV-00262
JE-000814,2025-04-23,2025-Q2,cogs,Customer support,,,,12000,
JE-000857,2025-04-23,2025-Q2,operating_expense,Product & R&D,,,,18666,
JE-000002,2025-04-24,2025-Q2,revenue,Revenue - Enterprise platform,Enterprise platform,C001,Invoice/ACH,2418,INV-00002
JE-000030,2025-04-24,2025-Q2,revenue,Revenue - Enterprise platform,Enterprise platform,C022,Invoice/ACH,3023,INV-00030
JE-000058,2025-04-24,2025-Q2,revenue,Revenue - Enterprise platform,Enterprise platform,C043,Invoice/ACH,3628,INV-00058
JE-000800,2025-04-25,2025-Q2,cogs,Cloud hosting,,,,16500,
JE-000843,2025-04-25,2025-Q2,operating_expense,Sales & marketing,,,,19500,
JE-000208,2025-04-26,2025-Q2,revenue,Revenue - Services,Services,C006,Invoice/ACH,2491,INV-00208
JE-000217,2025-04-26,2025-Q2,revenue,Revenue - Services,Services,C013,Invoice/ACH,464,INV-00217
JE-000227,2025-04-26,2025-Q2,revenue,Revenue - Services,Services,C020,Invoice/ACH,797,INV-00227
JE-000236,2025-04-26,2025-Q2,revenue,Revenue - Services,Services,C027,Invoice/ACH,897,INV-00236
JE-000245,2025-04-26,2025-Q2,revenue,Revenue - Services,Services,C034,Invoice/ACH,664,INV-00245
JE-000255,2025-04-26,2025-Q2,revenue,Revenue - Services,Services,C041,Invoice/ACH,1096,INV-00255
JE-000264,2025-04-26,2025-Q2,revenue,Revenue - Services,Services,C048,Invoice/ACH,1195,INV-00264
JE-000004,2025-04-27,2025-Q2,revenue,Revenue - Enterprise platform,Enterprise platform,C003,Invoice/ACH,9068,INV-00004
JE-000013,2025-04-27,2025-Q2,revenue,Revenue - Enterprise platform,Enterprise platform,C010,Invoice/ACH,6448,INV-00013
JE-000023,2025-04-27,2025-Q2,revenue,Revenue - Enterprise platform,Enterprise platform,C017,Invoice/ACH,10277,INV-00023
JE-000032,2025-04-27,2025-Q2,revenue,Revenue - Enterprise platform,Enterprise platform,C024,Invoice/ACH,10882,INV-00032
JE-000041,2025-04-27,2025-Q2,revenue,Revenue - Enterprise platform,Enterprise platform,C031,Invoice/ACH,7657,INV-00041
JE-000051,2025-04-27,2025-Q2,revenue,Revenue - Enterprise platform,Enterprise platform,C038,Invoice/ACH,12091,INV-00051
JE-000060,2025-04-27,2025-Q2,revenue,Revenue - Enterprise platform,Enterprise platform,C045,Invoice/ACH,12695,INV-00060
JE-000829,2025-04-27,2025-Q2,cogs,Implementation labor,,,,8000,
JE-000872,2025-04-27,2025-Q2,operating_expense,General & administrative,,,,12833,
JE-000095,2025-04-28,2025-Q2,revenue,Revenue - Team plans,Team plans,C021,PayPal,1167,INV-00095
JE-000123,2025-04-28,2025-Q2,revenue,Revenue - Team plans,Team plans,C042,PayPal,1556,INV-00123
JE-000815,2025-04-29,2025-Q2,cogs,Customer support,,,,11000,
JE-000858,2025-04-29,2025-Q2,operating_expense,Product & R&D,,,,17333,
JE-000069,2025-05-01,2025-Q2,revenue,Revenue - Team plans,Team plans,C002,Invoice/ACH,3501,INV-00069
JE-000078,2025-05-01,2025-Q2,revenue,Revenue - Team plans,Team plans,C009,Invoice/ACH,2593,INV-00078
JE-000088,2025-05-01,2025-Q2,revenue,Revenue - Team plans,Team plans,C016,Invoice/ACH,4279,INV-00088
JE-000097,2025-05-01,2025-Q2,revenue,Revenue - Team plans,Team plans,C023,PayPal,4668,INV-00097
JE-000106,2025-05-01,2025-Q2,revenue,Revenue - Team plans,Team plans,C030,PayPal,3370,INV-00106
JE-000116,2025-05-01,2025-Q2,revenue,Revenue - Team plans,Team plans,C037,PayPal,5445,INV-00116
JE-000125,2025-05-01,2025-Q2,revenue,Revenue - Team plans,Team plans,C044,PayPal,5834,INV-00125
JE-000801,2025-05-01,2025-Q2,cogs,Cloud hosting,,,,15000,
JE-000844,2025-05-01,2025-Q2,operating_expense,Sales & marketing,,,,18000,
JE-000160,2025-05-02,2025-Q2,revenue,Revenue - Usage add-ons,Usage add-ons,C020,PayPal,1192,INV-00160
JE-000188,2025-05-02,2025-Q2,revenue,Revenue - Usage add-ons,Usage add-ons,C041,PayPal,1354,INV-00188
JE-000830,2025-05-03,2025-Q2,cogs,Implementation labor,,,,7333,
JE-000873,2025-05-03,2025-Q2,operating_expense,General & administrative,,,,11916,
JE-000134,2025-05-05,2025-Q2,revenue,Revenue - Usage add-ons,Usage add-ons,C001,Invoice/ACH,3575,INV-00134
JE-000143,2025-05-05,2025-Q2,revenue,Revenue - Usage add-ons,Usage add-ons,C008,Invoice/ACH,2492,INV-00143
JE-000153,2025-05-05,2025-Q2,revenue,Revenue - Usage add-ons,Usage add-ons,C015,Invoice/ACH,3900,INV-00153
JE-000162,2025-05-05,2025-Q2,revenue,Revenue - Usage add-ons,Usage add-ons,C022,PayPal,4063,INV-00162
JE-000171,2025-05-05,2025-Q2,revenue,Revenue - Usage add-ons,Usage add-ons,C029,PayPal,758,INV-00171
JE-000181,2025-05-05,2025-Q2,revenue,Revenue - Usage add-ons,Usage add-ons,C036,PayPal,1300,INV-00181
JE-000190,2025-05-05,2025-Q2,revenue,Revenue - Usage add-ons,Usage add-ons,C043,PayPal,1462,INV-00190
JE-000199,2025-05-05,2025-Q2,revenue,Revenue - Usage add-ons,Usage add-ons,C050,PayPal,1083,INV-00199
JE-000816,2025-05-05,2025-Q2,cogs,Customer support,,,,10000,
JE-000859,2025-05-05,2025-Q2,operating_expense,Product & R&D,,,,16000,
JE-000226,2025-05-06,2025-Q2,revenue,Revenue - Services,Services,C019,Invoice/ACH,532,INV-00226
JE-000254,2025-05-06,2025-Q2,revenue,Revenue - Services,Services,C040,Invoice/ACH,631,INV-00254
JE-000022,2025-05-07,2025-Q2,revenue,Revenue - Enterprise platform,Enterprise platform,C016,Invoice/ACH,5038,INV-00022
JE-000050,2025-05-07,2025-Q2,revenue,Revenue - Enterprise platform,Enterprise platform,C037,Invoice/ACH,1814,INV-00050
JE-000802,2025-05-07,2025-Q2,cogs,Cloud hosting,,,,13500,
JE-000845,2025-05-07,2025-Q2,operating_expense,Sales & marketing,,,,16500,
JE-000209,2025-05-09,2025-Q2,revenue,Revenue - Services,Services,C007,Invoice/ACH,1129,INV-00209
JE-000219,2025-05-09,2025-Q2,revenue,Revenue - Services,Services,C014,Invoice/ACH,1793,INV-00219
JE-000228,2025-05-09,2025-Q2,revenue,Revenue - Services,Services,C021,Invoice/ACH,1893,INV-00228
JE-000237,2025-05-09,2025-Q2,revenue,Revenue - Services,Services,C028,Invoice/ACH,1328,INV-00237
JE-000247,2025-05-09,2025-Q2,revenue,Revenue - Services,Services,C035,Invoice/ACH,2092,INV-00247
JE-000256,2025-05-09,2025-Q2,revenue,Revenue - Services,Services,C042,Invoice/ACH,2192,INV-00256
JE-000265,2025-05-09,2025-Q2,revenue,Revenue - Services,Services,C049,Invoice/ACH,1527,INV-00265
JE-000831,2025-05-09,2025-Q2,cogs,Implementation labor,,,,6666,
JE-000874,2025-05-09,2025-Q2,operating_expense,General & administrative,,,,11000,
JE-000005,2025-05-10,2025-Q2,revenue,Revenue - Enterprise platform,Enterprise platform,C004,Invoice/ACH,2821,INV-00005
JE-000015,2025-05-10,2025-Q2,revenue,Revenue - Enterprise platform,Enterprise platform,C011,Invoice/ACH,4836,INV-00015
JE-000024,2025-05-10,2025-Q2,revenue,Revenue - Enterprise platform,Enterprise platform,C018,Invoice/ACH,5441,INV-00024
JE-000033,2025-05-10,2025-Q2,revenue,Revenue - Enterprise platform,Enterprise platform,C025,Invoice/ACH,4030,INV-00033
JE-000043,2025-05-10,2025-Q2,revenue,Revenue - Enterprise platform,Enterprise platform,C032,Invoice/ACH,6650,INV-00043
JE-000052,2025-05-10,2025-Q2,revenue,Revenue - Enterprise platform,Enterprise platform,C039,Invoice/ACH,7254,INV-00052
JE-000061,2025-05-10,2025-Q2,revenue,Revenue - Enterprise platform,Enterprise platform,C046,Invoice/ACH,5239,INV-00061
JE-000087,2025-05-11,2025-Q2,revenue,Revenue - Team plans,Team plans,C015,Invoice/ACH,2464,INV-00087
JE-000115,2025-05-11,2025-Q2,revenue,Revenue - Team plans,Team plans,C036,PayPal,2853,INV-00115
JE-000817,2025-05-11,2025-Q2,cogs,Customer support,,,,9000,
JE-000860,2025-05-11,2025-Q2,operating_expense,Product & R&D,,,,14666,
JE-000803,2025-05-13,2025-Q2,cogs,Cloud hosting,,,,12000,
JE-000846,2025-05-13,2025-Q2,operating_expense,Sales & marketing,,,,15000,
JE-000070,2025-05-14,2025-Q2,revenue,Revenue - Team plans,Team plans,C003,Invoice/ACH,5186,INV-00070
JE-000080,2025-05-14,2025-Q2,revenue,Revenue - Team plans,Team plans,C010,Invoice/ACH,8168,INV-00080
JE-000089,2025-05-14,2025-Q2,revenue,Revenue - Team plans,Team plans,C017,Invoice/ACH,8557,INV-00089
JE-000098,2025-05-14,2025-Q2,revenue,Revenue - Team plans,Team plans,C024,PayPal,5964,INV-00098
JE-000108,2025-05-14,2025-Q2,revenue,Revenue - Team plans,Team plans,C031,PayPal,9335,INV-00108
JE-000117,2025-05-14,2025-Q2,revenue,Revenue - Team plans,Team plans,C038,PayPal,9724,INV-00117
JE-000126,2025-05-14,2025-Q2,revenue,Revenue - Team plans,Team plans,C045,PayPal,1815,INV-00126
JE-000152,2025-05-15,2025-Q2,revenue,Revenue - Usage add-ons,Usage add-ons,C014,Invoice/ACH,705,INV-00152
JE-000180,2025-05-15,2025-Q2,revenue,Revenue - Usage add-ons,Usage add-ons,C035,PayPal,867,INV-00180
JE-000832,2025-05-15,2025-Q2,cogs,Implementation labor,,,,6000,
JE-000875,2025-05-15,2025-Q2,operating_expense,General & administrative,,,,10083,
JE-000818,2025-05-17,2025-Q2,cogs,Customer support,,,,8000,
JE-000861,2025-05-17,2025-Q2,operating_expense,Product & R&D,,,,13333,
JE-000135,2025-05-18,2025-Q2,revenue,Revenue - Usage add-ons,Usage add-ons,C002,Invoice/ACH,1516,INV-00135
JE-000145,2025-05-18,2025-Q2,revenue,Revenue - Usage add-ons,Usage add-ons,C009,Invoice/ACH,2438,INV-00145
JE-000154,2025-05-18,2025-Q2,revenue,Revenue - Usage add-ons,Usage add-ons,C016,Invoice/ACH,2600,INV-00154
JE-000163,2025-05-18,2025-Q2,revenue,Revenue - Usage add-ons,Usage add-ons,C023,PayPal,1842,INV-00163
JE-000173,2025-05-18,2025-Q2,revenue,Revenue - Usage add-ons,Usage add-ons,C030,PayPal,2925,INV-00173
JE-000182,2025-05-18,2025-Q2,revenue,Revenue - Usage add-ons,Usage add-ons,C037,PayPal,3087,INV-00182
JE-000191,2025-05-18,2025-Q2,revenue,Revenue - Usage add-ons,Usage add-ons,C044,PayPal,2166,INV-00191
JE-000218,2025-05-19,2025-Q2,revenue,Revenue - Services,Services,C013,Invoice/ACH,233,INV-00218
JE-000246,2025-05-19,2025-Q2,revenue,Revenue - Services,Services,C034,Invoice/ACH,332,INV-00246
JE-000804,2025-05-19,2025-Q2,cogs,Cloud hosting,,,,10500,
JE-000847,2025-05-19,2025-Q2,operating_expense,Sales & marketing,,,,13500,
JE-000014,2025-05-20,2025-Q2,revenue,Revenue - Enterprise platform,Enterprise platform,C010,Invoice/ACH,3225,INV-00014
JE-000042,2025-05-20,2025-Q2,revenue,Revenue - Enterprise platform,Enterprise platform,C031,Invoice/ACH,3829,INV-00042
JE-000833,2025-05-21,2025-Q2,cogs,Implementation labor,,,,5333,
JE-000876,2025-05-21,2025-Q2,operating_expense,General & administrative,,,,9166,
JE-000201,2025-05-22,2025-Q2,revenue,Revenue - Services,Services,C001,Invoice/ACH,531,INV-00201
JE-000211,2025-05-22,2025-Q2,revenue,Revenue - Services,Services,C008,Invoice/ACH,897,INV-00211
JE-000220,2025-05-22,2025-Q2,revenue,Revenue - Services,Services,C015,Invoice/ACH,996,INV-00220
JE-000229,2025-05-22,2025-Q2,revenue,Revenue - Services,Services,C022,Invoice/ACH,730,INV-00229
JE-000239,2025-05-22,2025-Q2,revenue,Revenue - Services,Services,C029,Invoice/ACH,1195,INV-00239
JE-000248,2025-05-22,2025-Q2,revenue,Revenue - Services,Services,C036,Invoice/ACH,1295,INV-00248
JE-000257,2025-05-22,2025-Q2,revenue,Revenue - Services,Services,C043,Invoice/ACH,930,INV-00257
JE-000267,2025-05-22,2025-Q2,revenue,Revenue - Services,Services,C050,Invoice/ACH,1494,INV-00267
JE-000007,2025-05-23,2025-Q2,revenue,Revenue - Enterprise platform,Enterprise platform,C005,Invoice/ACH,10882,INV-00007
JE-000016,2025-05-23,2025-Q2,revenue,Revenue - Enterprise platform,Enterprise platform,C012,Invoice/ACH,11486,INV-00016
JE-000025,2025-05-23,2025-Q2,revenue,Revenue - Enterprise platform,Enterprise platform,C019,Invoice/ACH,8060,INV-00025
JE-000035,2025-05-23,2025-Q2,revenue,Revenue - Enterprise platform,Enterprise platform,C026,Invoice/ACH,12695,INV-00035
JE-000044,2025-05-23,2025-Q2,revenue,Revenue - Enterprise platform,Enterprise platform,C033,Invoice/ACH,13300,INV-00044
JE-000053,2025-05-23,2025-Q2,revenue,Revenue - Enterprise platform,Enterprise platform,C040,Invoice/ACH,9269,INV-00053
JE-000063,2025-05-23,2025-Q2,revenue,Revenue - Enterprise platform,Enterprise platform,C047,Invoice/ACH,14509,INV-00063
JE-000819,2025-05-23,2025-Q2,cogs,Customer support,,,,7000,
JE-000862,2025-05-23,2025-Q2,operating_expense,Product & R&D,,,,12000,
JE-000079,2025-05-24,2025-Q2,revenue,Revenue - Team plans,Team plans,C009,Invoice/ACH,1297,INV-00079
JE-000107,2025-05-24,2025-Q2,revenue,Revenue - Team plans,Team plans,C030,PayPal,1686,INV-00107
JE-000805,2025-05-25,2025-Q2,cogs,Cloud hosting,,,,9000,
JE-000848,2025-05-25,2025-Q2,operating_expense,Sales & marketing,,,,12000,
JE-000072,2025-05-27,2025-Q2,revenue,Revenue - Team plans,Team plans,C004,Invoice/ACH,4668,INV-00072
JE-000081,2025-05-27,2025-Q2,revenue,Revenue - Team plans,Team plans,C011,Invoice/ACH,5057,INV-00081
JE-000090,2025-05-27,2025-Q2,revenue,Revenue - Team plans,Team plans,C018,Invoice/ACH,3630,INV-00090
JE-000100,2025-05-27,2025-Q2,revenue,Revenue - Team plans,Team plans,C025,PayPal,5834,INV-00100
JE-000109,2025-05-27,2025-Q2,revenue,Revenue - Team plans,Team plans,C032,PayPal,6223,INV-00109
JE-000118,2025-05-27,2025-Q2,revenue,Revenue - Team plans,Team plans,C039,PayPal,4408,INV-00118
JE-000128,2025-05-27,2025-Q2,revenue,Revenue - Team plans,Team plans,C046,PayPal,7001,INV-00128
JE-000834,2025-05-27,2025-Q2,cogs,Implementation labor,,,,4666,
JE-000877,2025-05-27,2025-Q2,operating_expense,General & administrative,,,,8250,
JE-000144,2025-05-28,2025-Q2,revenue,Revenue - Usage add-ons,Usage add-ons,C008,Invoice/ACH,1246,INV-00144
JE-000172,2025-05-28,2025-Q2,revenue,Revenue - Usage add-ons,Usage add-ons,C029,PayPal,379,INV-00172
JE-000200,2025-05-28,2025-Q2,revenue,Revenue - Usage add-ons,Usage add-ons,C050,PayPal,542,INV-00200
JE-000820,2025-05-29,2025-Q2,cogs,Customer support,,,,6000,
JE-000863,2025-05-29,2025-Q2,operating_expense,Product & R&D,,,,10666,
JE-000137,2025-05-31,2025-Q2,revenue,Revenue - Usage add-ons,Usage add-ons,C003,Invoice/ACH,4063,INV-00137
JE-000146,2025-05-31,2025-Q2,revenue,Revenue - Usage add-ons,Usage add-ons,C010,Invoice/ACH,1138,INV-00146
JE-000155,2025-05-31,2025-Q2,revenue,Revenue - Usage add-ons,Usage add-ons,C017,Invoice/ACH,866,INV-00155
JE-000165,2025-05-31,2025-Q2,revenue,Revenue - Usage add-ons,Usage add-ons,C024,PayPal,1463,INV-00165
JE-000174,2025-05-31,2025-Q2,revenue,Revenue - Usage add-ons,Usage add-ons,C031,PayPal,1625,INV-00174
JE-000183,2025-05-31,2025-Q2,revenue,Revenue - Usage add-ons,Usage add-ons,C038,PayPal,1191,INV-00183
JE-000193,2025-05-31,2025-Q2,revenue,Revenue - Usage add-ons,Usage add-ons,C045,PayPal,1950,INV-00193
JE-000806,2025-05-31,2025-Q2,cogs,Cloud hosting,,,,7500,
JE-000849,2025-05-31,2025-Q2,operating_expense,Sales & marketing,,,,10500,
JE-000210,2025-06-01,2025-Q2,revenue,Revenue - Services,Services,C007,Invoice/ACH,565,INV-00210
JE-000238,2025-06-01,2025-Q2,revenue,Revenue - Services,Services,C028,Invoice/ACH,665,INV-00238
JE-000266,2025-06-01,2025-Q2,revenue,Revenue - Services,Services,C049,Invoice/ACH,764,INV-00266
JE-000006,2025-06-02,2025-Q2,revenue,Revenue - Enterprise platform,Enterprise platform,C004,Invoice/ACH,1411,INV-00006
JE-000034,2025-06-02,2025-Q2,revenue,Revenue - Enterprise platform,Enterprise platform,C025,Invoice/ACH,2015,INV-00034
JE-000062,2025-06-02,2025-Q2,revenue,Revenue - Enterprise platform,Enterprise platform,C046,Invoice/ACH,2620,INV-00062
JE-000835,2025-06-02,2025-Q2,cogs,Implementation labor,,,,4000,
JE-000878,2025-06-02,2025-Q2,operating_expense,General & administrative,,,,7333,
JE-000203,2025-06-04,2025-Q2,revenue,Revenue - Services,Services,C002,Invoice/ACH,1893,INV-00203
JE-000212,2025-06-04,2025-Q2,revenue,Revenue - Services,Services,C009,Invoice/ACH,1993,INV-00212
JE-000221,2025-06-04,2025-Q2,revenue,Revenue - Services,Services,C016,Invoice/ACH,1394,INV-00221
JE-000231,2025-06-04,2025-Q2,revenue,Revenue - Services,Services,C023,Invoice/ACH,2192,INV-00231
JE-000240,2025-06-04,2025-Q2,revenue,Revenue - Services,Services,C030,Invoice/ACH,2291,INV-00240
JE-000249,2025-06-04,2025-Q2,revenue,Revenue - Services,Services,C037,Invoice/ACH,1594,INV-00249
JE-000259,2025-06-04,2025-Q2,revenue,Revenue - Services,Services,C044,Invoice/ACH,2491,INV-00259
JE-000821,2025-06-04,2025-Q2,cogs,Customer support,,,,5000,
JE-000864,2025-06-04,2025-Q2,operating_expense,Product & R&D,,,,9333,
JE-000008,2025-06-05,2025-Q2,revenue,Revenue - Enterprise platform,Enterprise platform,C006,Invoice/ACH,6045,INV-00008
JE-000017,2025-06-05,2025-Q2,revenue,Revenue - Enterprise platform,Enterprise platform,C013,Invoice/ACH,4433,INV-00017
JE-000027,2025-06-05,2025-Q2,revenue,Revenue - Enterprise platform,Enterprise platform,C020,Invoice/ACH,7254,INV-00027
JE-000036,2025-06-05,2025-Q2,revenue,Revenue - Enterprise platform,Enterprise platform,C027,Invoice/ACH,7859,INV-00036
JE-000045,2025-06-05,2025-Q2,revenue,Revenue - Enterprise platform,Enterprise platform,C034,Invoice/ACH,5642,INV-00045
JE-000055,2025-06-05,2025-Q2,revenue,Revenue - Enterprise platform,Enterprise platform,C041,Invoice/ACH,9068,INV-00055
JE-000064,2025-06-05,2025-Q2,revenue,Revenue - Enterprise platform,Enterprise platform,C048,Invoice/ACH,9673,INV-00064
JE-000071,2025-06-06,2025-Q2,revenue,Revenue - Team plans,Team plans,C003,Invoice/ACH,2593,INV-00071
JE-000099,2025-06-06,2025-Q2,revenue,Revenue - Team plans,Team plans,C024,PayPal,2982,INV-00099
JE-000127,2025-06-06,2025-Q2,revenue,Revenue - Team plans,Team plans,C045,PayPal,908,INV-00127
JE-000807,2025-06-06,2025-Q2,cogs,Cloud hosting,,,,6000,
JE-000850,2025-06-06,2025-Q2,operating_expense,Sales & marketing,,,,9000,
JE-000836,2025-06-08,2025-Q2,cogs,Implementation labor,,,,3333,
JE-000879,2025-06-08,2025-Q2,operating_expense,General & administrative,,,,6416,
JE-000073,2025-06-09,2025-Q2,revenue,Revenue - Team plans,Team plans,C005,Invoice/ACH,8946,INV-00073
JE-000082,2025-06-09,2025-Q2,revenue,Revenue - Team plans,Team plans,C012,Invoice/ACH,6223,INV-00082
JE-000092,2025-06-09,2025-Q2,revenue,Revenue - Team plans,Team plans,C019,Invoice/ACH,9724,INV-00092
JE-000101,2025-06-09,2025-Q2,revenue,Revenue - Team plans,Team plans,C026,PayPal,2723,INV-00101
JE-000110,2025-06-09,2025-Q2,revenue,Revenue - Team plans,Team plans,C033,PayPal,2074,INV-00110
JE-000120,2025-06-09,2025-Q2,revenue,Revenue - Team plans,Team plans,C040,PayPal,3501,INV-00120
JE-000129,2025-06-09,2025-Q2,revenue,Revenue - Team plans,Team plans,C047,PayPal,3890,INV-00129
JE-000136,2025-06-10,2025-Q2,revenue,Revenue - Usage add-ons,Usage add-ons,C002,Invoice/ACH,759,INV-00136
JE-000164,2025-06-10,2025-Q2,revenue,Revenue - Usage add-ons,Usage add-ons,C023,PayPal,921,INV-00164
JE-000192,2025-06-10,2025-Q2,revenue,Revenue - Usage add-ons,Usage add-ons,C044,PayPal,1084,INV-00192
JE-000822,2025-06-10,2025-Q2,cogs,Customer support,,,,4000,
JE-000865,2025-06-10,2025-Q2,operating_expense,Product & R&D,,,,8000,
JE-000808,2025-06-12,2025-Q2,cogs,Cloud hosting,,,,4500,
JE-000851,2025-06-12,2025-Q2,operating_expense,Sales & marketing,,,,7500,
JE-000138,2025-06-13,2025-Q2,revenue,Revenue - Usage add-ons,Usage add-ons,C004,Invoice/ACH,2763,INV-00138
JE-000147,2025-06-13,2025-Q2,revenue,Revenue - Usage add-ons,Usage add-ons,C011,Invoice/ACH,1950,INV-00147
JE-000157,2025-06-13,2025-Q2,revenue,Revenue - Usage add-ons,Usage add-ons,C018,Invoice/ACH,3088,INV-00157
JE-000166,2025-06-13,2025-Q2,revenue,Revenue - Usage add-ons,Usage add-ons,C025,PayPal,3250,INV-00166
JE-000175,2025-06-13,2025-Q2,revenue,Revenue - Usage add-ons,Usage add-ons,C032,PayPal,2274,INV-00175
JE-000185,2025-06-13,2025-Q2,revenue,Revenue - Usage add-ons,Usage add-ons,C039,PayPal,3575,INV-00185
JE-000194,2025-06-13,2025-Q2,revenue,Revenue - Usage add-ons,Usage add-ons,C046,PayPal,3737,INV-00194
JE-000202,2025-06-14,2025-Q2,revenue,Revenue - Services,Services,C001,Invoice/ACH,266,INV-00202
JE-000230,2025-06-14,2025-Q2,revenue,Revenue - Services,Services,C022,Invoice/ACH,366,INV-00230
JE-000258,2025-06-14,2025-Q2,revenue,Revenue - Services,Services,C043,Invoice/ACH,465,INV-00258
JE-000837,2025-06-14,2025-Q2,cogs,Implementation labor,,,,2666,
JE-000880,2025-06-14,2025-Q2,operating_expense,General & administrative,,,,5500,
JE-000026,2025-06-15,2025-Q2,revenue,Revenue - Enterprise platform,Enterprise platform,C019,Invoice/ACH,4031,INV-00026
JE-000054,2025-06-15,2025-Q2,revenue,Revenue - Enterprise platform,Enterprise platform,C040,Invoice/ACH,4635,INV-00054
JE-000823,2025-06-16,2025-Q2,cogs,Customer support,,,,3000,
JE-000866,2025-06-16,2025-Q2,operating_expense,Product & R&D,,,,6666,
JE-000204,2025-06-17,2025-Q2,revenue,Revenue - Services,Services,C003,Invoice/ACH,1096,INV-00204
JE-000213,2025-06-17,2025-Q2,revenue,Revenue - Services,Services,C010,Invoice/ACH,796,INV-00213
JE-000223,2025-06-17,2025-Q2,revenue,Revenue - Services,Services,C017,Invoice/ACH,1295,INV-00223
JE-000232,2025-06-17,2025-Q2,revenue,Revenue - Services,Services,C024,Invoice/ACH,1395,INV-00232
JE-000241,2025-06-17,2025-Q2,revenue,Revenue - Services,Services,C031,Invoice/ACH,996,INV-00241
JE-000251,2025-06-17,2025-Q2,revenue,Revenue - Services,Services,C038,Invoice/ACH,1594,INV-00251
JE-000260,2025-06-17,2025-Q2,revenue,Revenue - Services,Services,C045,Invoice/ACH,1694,INV-00260
JE-000009,2025-06-18,2025-Q2,revenue,Revenue - Enterprise platform,Enterprise platform,C007,Invoice/ACH,8463,INV-00009
JE-000019,2025-06-18,2025-Q2,revenue,Revenue - Enterprise platform,Enterprise platform,C014,Invoice/ACH,13300,INV-00019
JE-000028,2025-06-18,2025-Q2,revenue,Revenue - Enterprise platform,Enterprise platform,C021,Invoice/ACH,13904,INV-00028
JE-000037,2025-06-18,2025-Q2,revenue,Revenue - Enterprise platform,Enterprise platform,C028,Invoice/ACH,9672,INV-00037
JE-000047,2025-06-18,2025-Q2,revenue,Revenue - Enterprise platform,Enterprise platform,C035,Invoice/ACH,15113,INV-00047
JE-000056,2025-06-18,2025-Q2,revenue,Revenue - Enterprise platform,Enterprise platform,C042,Invoice/ACH,4232,INV-00056
JE-000065,2025-06-18,2025-Q2,revenue,Revenue - Enterprise platform,Enterprise platform,C049,Invoice/ACH,3224,INV-00065
JE-000809,2025-06-18,2025-Q2,cogs,Cloud hosting,,,,3000,
JE-000852,2025-06-18,2025-Q2,operating_expense,Sales & marketing,,,,6000,
JE-000091,2025-06-19,2025-Q2,revenue,Revenue - Team plans,Team plans,C018,Invoice/ACH,1815,INV-00091
JE-000119,2025-06-19,2025-Q2,revenue,Revenue - Team plans,Team plans,C039,PayPal,2204,INV-00119
JE-000838,2025-06-20,2025-Q2,cogs,Implementation labor,,,,2000,
JE-000881,2025-06-20,2025-Q2,operating_expense,General & administrative,,,,4583,
JE-000074,2025-06-22,2025-Q2,revenue,Revenue - Team plans,Team plans,C006,Invoice/ACH,3889,INV-00074
JE-000084,2025-06-22,2025-Q2,revenue,Revenue - Team plans,Team plans,C013,Invoice/ACH,6223,INV-00084
JE-000093,2025-06-22,2025-Q2,revenue,Revenue - Team plans,Team plans,C020,PayPal,6612,INV-00093
JE-000102,2025-06-22,2025-Q2,revenue,Revenue - Team plans,Team plans,C027,PayPal,4667,INV-00102
JE-000112,2025-06-22,2025-Q2,revenue,Revenue - Team plans,Team plans,C034,PayPal,7390,INV-00112
JE-000121,2025-06-22,2025-Q2,revenue,Revenue - Team plans,Team plans,C041,PayPal,7779,INV-00121
JE-000130,2025-06-22,2025-Q2,revenue,Revenue - Team plans,Team plans,C048,PayPal,5445,INV-00130
JE-000824,2025-06-22,2025-Q2,cogs,Customer support,,,,2000,
JE-000867,2025-06-22,2025-Q2,operating_expense,Product & R&D,,,,5333,
JE-000156,2025-06-23,2025-Q2,revenue,Revenue - Usage add-ons,Usage add-ons,C017,Invoice/ACH,434,INV-00156
JE-000184,2025-06-23,2025-Q2,revenue,Revenue - Usage add-ons,Usage add-ons,C038,PayPal,596,INV-00184
JE-000810,2025-06-24,2025-Q2,cogs,Cloud hosting,,,,1500,
JE-000853,2025-06-24,2025-Q2,operating_expense,Sales & marketing,,,,4500,
JE-000139,2025-06-26,2025-Q2,revenue,Revenue - Usage add-ons,Usage add-ons,C005,Invoice/ACH,975,INV-00139
JE-000149,2025-06-26,2025-Q2,revenue,Revenue - Usage add-ons,Usage add-ons,C012,Invoice/ACH,1625,INV-00149
JE-000158,2025-06-26,2025-Q2,revenue,Revenue - Usage add-ons,Usage add-ons,C019,Invoice/ACH,1788,INV-00158
JE-000167,2025-06-26,2025-Q2,revenue,Revenue - Usage add-ons,Usage add-ons,C026,PayPal,1300,INV-00167
JE-000177,2025-06-26,2025-Q2,revenue,Revenue - Usage add-ons,Usage add-ons,C033,PayPal,2112,INV-00177
JE-000186,2025-06-26,2025-Q2,revenue,Revenue - Usage add-ons,Usage add-ons,C040,PayPal,2275,INV-00186
JE-000195,2025-06-26,2025-Q2,revenue,Revenue - Usage add-ons,Usage add-ons,C047,PayPal,1624,INV-00195
JE-000839,2025-06-26,2025-Q2,cogs,Implementation labor,,,,1333,
JE-000882,2025-06-26,2025-Q2,operating_expense,General & administrative,,,,3666,
JE-000222,2025-06-27,2025-Q2,revenue,Revenue - Services,Services,C016,Invoice/ACH,698,INV-00222
JE-000250,2025-06-27,2025-Q2,revenue,Revenue - Services,Services,C037,Invoice/ACH,797,INV-00250
JE-000018,2025-06-28,2025-Q2,revenue,Revenue - Enterprise platform,Enterprise platform,C013,Invoice/ACH,2217,INV-00018
JE-000046,2025-06-28,2025-Q2,revenue,Revenue - Enterprise platform,Enterprise platform,C034,Invoice/ACH,2821,INV-00046
JE-000825,2025-06-28,2025-Q2,cogs,Customer support,,,,1000,
JE-000868,2025-06-28,2025-Q2,operating_expense,Product & R&D,,,,4000,
JE-000205,2025-06-30,2025-Q2,revenue,Revenue - Services,Services,C004,Invoice/ACH,1461,INV-00205
JE-000215,2025-06-30,2025-Q2,revenue,Revenue - Services,Services,C011,Invoice/ACH,2291,INV-00215
JE-000224,2025-06-30,2025-Q2,revenue,Revenue - Services,Services,C018,Invoice/ACH,2391,INV-00224
JE-000233,2025-06-30,2025-Q2,revenue,Revenue - Services,Services,C025,Invoice/ACH,1660,INV-00233
JE-000243,2025-06-30,2025-Q2,revenue,Revenue - Services,Services,C032,Invoice/ACH,697,INV-00243
JE-000252,2025-06-30,2025-Q2,revenue,Revenue - Services,Services,C039,Invoice/ACH,797,INV-00252
JE-000261,2025-06-30,2025-Q2,revenue,Revenue - Services,Services,C046,Invoice/ACH,598,INV-00261
JE-000854,2025-06-30,2025-Q2,operating_expense,Sales & marketing,,,,3000,
JE-000294,2026-01-01,2026-Q1,revenue,Revenue - Enterprise platform,Enterprise platform,C021,Invoice/ACH,11116,INV-00294
JE-000341,2026-01-01,2026-Q1,revenue,Revenue - Team plans,Team plans,C006,Invoice/ACH,6329,INV-00341
JE-000915,2026-01-01,2026-Q1,cogs,Customer support,,,,1120,
JE-000958,2026-01-01,2026-Q1,operating_expense,Product & R&D,,,,4250,
JE-000311,2026-01-02,2026-Q1,revenue,Revenue - Enterprise platform,Enterprise platform,C033,Invoice/ACH,5327,INV-00311
JE-000452,2026-01-02,2026-Q1,revenue,Revenue - Usage add-ons,Usage add-ons,C039,PayPal,4641,INV-00452
JE-000498,2026-01-02,2026-Q1,revenue,Revenue - Services,Services,C024,Invoice/ACH,1005,INV-00498
JE-000886,2026-01-02,2026-Q1,cogs,Cloud hosting,,,,23750,
JE-000304,2026-01-03,2026-Q1,revenue,Revenue - Enterprise platform,Enterprise platform,C028,Invoice/ACH,17370,INV-00304
JE-000350,2026-01-03,2026-Q1,revenue,Revenue - Team plans,Team plans,C013,Invoice/ACH,6724,INV-00350
JE-000515,2026-01-03,2026-Q1,revenue,Revenue - Services,Services,C036,Invoice/ACH,469,INV-00515
JE-000944,2026-01-03,2026-Q1,operating_expense,Sales & marketing,,,,3166,
JE-000414,2026-01-04,2026-Q1,revenue,Revenue - Usage add-ons,Usage add-ons,C010,Invoice/ACH,538,INV-00414
JE-000461,2026-01-04,2026-Q1,revenue,Revenue - Usage add-ons,Usage add-ons,C046,PayPal,3228,INV-00461
JE-000508,2026-01-04,2026-Q1,revenue,Revenue - Services,Services,C031,Invoice/ACH,1608,INV-00508
JE-000313,2026-01-05,2026-Q1,revenue,Revenue - Enterprise platform,Enterprise platform,C035,Invoice/ACH,4864,INV-00313
JE-000359,2026-01-05,2026-Q1,revenue,Revenue - Team plans,Team plans,C020,PayPal,4746,INV-00359
JE-000407,2026-01-05,2026-Q1,revenue,Revenue - Usage add-ons,Usage add-ons,C005,Invoice/ACH,2018,INV-00407
JE-000930,2026-01-05,2026-Q1,cogs,Implementation labor,,,,750,
JE-000973,2026-01-05,2026-Q1,operating_expense,General & administrative,,,,2750,
JE-000376,2026-01-06,2026-Q1,revenue,Revenue - Team plans,Team plans,C032,PayPal,2242,INV-00376
JE-000517,2026-01-06,2026-Q1,revenue,Revenue - Services,Services,C038,Invoice/ACH,1709,INV-00517
JE-000901,2026-01-06,2026-Q1,cogs,Customer support,,,,16800,
JE-000275,2026-01-07,2026-Q1,revenue,Revenue - Enterprise platform,Enterprise platform,C006,Invoice/ACH,2548,INV-00275
JE-000322,2026-01-07,2026-Q1,revenue,Revenue - Enterprise platform,Enterprise platform,C042,Invoice/ACH,3705,INV-00322
JE-000369,2026-01-07,2026-Q1,revenue,Revenue - Team plans,Team plans,C027,PayPal,7515,INV-00369
JE-000416,2026-01-07,2026-Q1,revenue,Revenue - Usage add-ons,Usage add-ons,C012,Invoice/ACH,2219,INV-00416
JE-000959,2026-01-07,2026-Q1,operating_expense,Product & R&D,,,,2833,
JE-000268,2026-01-08,2026-Q1,revenue,Revenue - Enterprise platform,Enterprise platform,C001,Invoice/ACH,9032,INV-00268
JE-000479,2026-01-08,2026-Q1,revenue,Revenue - Services,Services,C009,Invoice/ACH,704,INV-00479
JE-000526,2026-01-08,2026-Q1,revenue,Revenue - Services,Services,C045,Invoice/ACH,1206,INV-00526
JE-000887,2026-01-08,2026-Q1,cogs,Cloud hosting,,,,22166,
JE-000332,2026-01-09,2026-Q1,revenue,Revenue - Enterprise platform,Enterprise platform,C049,Invoice/ACH,6253,INV-00332
JE-000378,2026-01-09,2026-Q1,revenue,Revenue - Team plans,Team plans,C034,PayPal,7911,INV-00378
JE-000425,2026-01-09,2026-Q1,revenue,Revenue - Usage add-ons,Usage add-ons,C019,Invoice/ACH,1614,INV-00425
JE-000472,2026-01-09,2026-Q1,revenue,Revenue - Services,Services,C004,Invoice/ACH,2312,INV-00472
JE-000945,2026-01-09,2026-Q1,operating_expense,Sales & marketing,,,,1588,
JE-000277,2026-01-10,2026-Q1,revenue,Revenue - Enterprise platform,Enterprise platform,C008,Invoice/ACH,9727,INV-00277
JE-000442,2026-01-10,2026-Q1,revenue,Revenue - Usage add-ons,Usage add-ons,C031,PayPal,740,INV-00442
JE-000916,2026-01-10,2026-Q1,cogs,Implementation labor,,,,11250,
JE-000340,2026-01-11,2026-Q1,revenue,Revenue - Team plans,Team plans,C005,Invoice/ACH,3165,INV-00340
JE-000387,2026-01-11,2026-Q1,revenue,Revenue - Team plans,Team plans,C041,PayPal,5538,INV-00387
JE-000435,2026-01-11,2026-Q1,revenue,Revenue - Usage add-ons,Usage add-ons,C026,PayPal,2623,INV-00435
JE-000481,2026-01-11,2026-Q1,revenue,Revenue - Services,Services,C011,Invoice/ACH,2412,INV-00481
JE-000974,2026-01-11,2026-Q1,operating_expense,General & administrative,,,,1833,
JE-000286,2026-01-12,2026-Q1,revenue,Revenue - Enterprise platform,Enterprise platform,C015,Invoice/ACH,6948,INV-00286
JE-000902,2026-01-12,2026-Q1,cogs,Customer support,,,,15680,
JE-000303,2026-01-13,2026-Q1,revenue,Revenue - Enterprise platform,Enterprise platform,C027,Invoice/ACH,3243,INV-00303
JE-000397,2026-01-13,2026-Q1,revenue,Revenue - Team plans,Team plans,C048,PayPal,8702,INV-00397
JE-000444,2026-01-13,2026-Q1,revenue,Revenue - Usage add-ons,Usage add-ons,C033,PayPal,2825,INV-00444
JE-000490,2026-01-13,2026-Q1,revenue,Revenue - Services,Services,C018,Invoice/ACH,1675,INV-00490
JE-000960,2026-01-13,2026-Q1,operating_expense,Product & R&D,,,,1421,
JE-000296,2026-01-14,2026-Q1,revenue,Revenue - Enterprise platform,Enterprise platform,C022,Invoice/ACH,11117,INV-00296
JE-000342,2026-01-14,2026-Q1,revenue,Revenue - Team plans,Team plans,C007,Invoice/ACH,3164,INV-00342
JE-000507,2026-01-14,2026-Q1,revenue,Revenue - Services,Services,C030,Invoice/ACH,804,INV-00507
JE-000888,2026-01-14,2026-Q1,cogs,Cloud hosting,,,,20583,
JE-000931,2026-01-14,2026-Q1,operating_expense,Sales & marketing,,,,23750,
JE-000406,2026-01-15,2026-Q1,revenue,Revenue - Usage add-ons,Usage add-ons,C004,Invoice/ACH,1211,INV-00406
JE-000453,2026-01-15,2026-Q1,revenue,Revenue - Usage add-ons,Usage add-ons,C040,PayPal,2017,INV-00453
JE-000500,2026-01-15,2026-Q1,revenue,Revenue - Services,Services,C025,Invoice/ACH,703,INV-00500
JE-000305,2026-01-16,2026-Q1,revenue,Revenue - Enterprise platform,Enterprise platform,C029,Invoice/ACH,11811,INV-00305
JE-000351,2026-01-16,2026-Q1,revenue,Revenue - Team plans,Team plans,C014,Invoice/ACH,2373,INV-00351
JE-000917,2026-01-16,2026-Q1,cogs,Implementation labor,,,,10500,
JE-000368,2026-01-17,2026-Q1,revenue,Revenue - Team plans,Team plans,C026,PayPal,1055,INV-00368
JE-000463,2026-01-17,2026-Q1,revenue,Revenue - Usage add-ons,Usage add-ons,C047,PayPal,3228,INV-00463
JE-000509,2026-01-17,2026-Q1,revenue,Revenue - Services,Services,C032,Invoice/ACH,804,INV-00509
JE-000975,2026-01-17,2026-Q1,operating_expense,General & administrative,,,,921,
JE-000314,2026-01-18,2026-Q1,revenue,Revenue - Enterprise platform,Enterprise platform,C036,Invoice/ACH,8337,INV-00314
JE-000361,2026-01-18,2026-Q1,revenue,Revenue - Team plans,Team plans,C021,PayPal,3955,INV-00361
JE-000408,2026-01-18,2026-Q1,revenue,Revenue - Usage add-ons,Usage add-ons,C006,Invoice/ACH,4237,INV-00408
JE-000903,2026-01-18,2026-Q1,cogs,Customer support,,,,14560,
JE-000946,2026-01-18,2026-Q1,operating_expense,Product & R&D,,,,21250,
JE-000331,2026-01-19,2026-Q1,revenue,Revenue - Enterprise platform,Enterprise platform,C048,Invoice/ACH,3937,INV-00331
JE-000471,2026-01-19,2026-Q1,revenue,Revenue - Services,Services,C003,Invoice/ACH,402,INV-00471
JE-000518,2026-01-19,2026-Q1,revenue,Revenue - Services,Services,C039,Invoice/ACH,602,INV-00518
JE-000324,2026-01-20,2026-Q1,revenue,Revenue - Enterprise platform,Enterprise platform,C043,Invoice/ACH,13201,INV-00324
JE-000370,2026-01-20,2026-Q1,revenue,Revenue - Team plans,Team plans,C028,PayPal,4351,INV-00370
JE-000417,2026-01-20,2026-Q1,revenue,Revenue - Usage add-ons,Usage add-ons,C013,Invoice/ACH,2959,INV-00417
JE-000889,2026-01-20,2026-Q1,cogs,Cloud hosting,,,,19000,
JE-000932,2026-01-20,2026-Q1,operating_expense,Sales & marketing,,,,22166,
JE-000269,2026-01-21,2026-Q1,revenue,Revenue - Enterprise platform,Enterprise platform,C002,Invoice/ACH,16675,INV-00269
JE-000434,2026-01-21,2026-Q1,revenue,Revenue - Usage add-ons,Usage add-ons,C025,PayPal,1413,INV-00434
JE-000528,2026-01-21,2026-Q1,revenue,Revenue - Services,Services,C046,Invoice/ACH,1005,INV-00528
JE-000333,2026-01-22,2026-Q1,revenue,Revenue - Enterprise platform,Enterprise platform,C050,Invoice/ACH,13896,INV-00333
JE-000379,2026-01-22,2026-Q1,revenue,Revenue - Team plans,Team plans,C035,PayPal,3164,INV-00379
JE-000427,2026-01-22,2026-Q1,revenue,Revenue - Usage add-ons,Usage add-ons,C020,PayPal,4641,INV-00427
JE-000473,2026-01-22,2026-Q1,revenue,Revenue - Services,Services,C005,Invoice/ACH,1508,INV-00473
JE-000918,2026-01-22,2026-Q1,cogs,Implementation labor,,,,9750,
JE-000961,2026-01-22,2026-Q1,operating_expense,General & administrative,,,,13750,
JE-000278,2026-01-23,2026-Q1,revenue,Revenue - Enterprise platform,Enterprise platform,C009,Invoice/ACH,11580,INV-00278
JE-000396,2026-01-23,2026-Q1,revenue,Revenue - Team plans,Team plans,C047,PayPal,1451,INV-00396
JE-000295,2026-01-24,2026-Q1,revenue,Revenue - Enterprise platform,Enterprise platform,C021,Invoice/ACH,5559,INV-00295
JE-000389,2026-01-24,2026-Q1,revenue,Revenue - Team plans,Team plans,C042,PayPal,5142,INV-00389
JE-000436,2026-01-24,2026-Q1,revenue,Revenue - Usage add-ons,Usage add-ons,C027,PayPal,4842,INV-00436
JE-000482,2026-01-24,2026-Q1,revenue,Revenue - Services,Services,C012,Invoice/ACH,1072,INV-00482
JE-000904,2026-01-24,2026-Q1,cogs,Customer support,,,,13440,
JE-000947,2026-01-24,2026-Q1,operating_expense,Product & R&D,,,,19833,
JE-000288,2026-01-25,2026-Q1,revenue,Revenue - Enterprise platform,Enterprise platform,C016,Invoice/ACH,4864,INV-00288
JE-000334,2026-01-25,2026-Q1,revenue,Revenue - Team plans,Team plans,C001,Invoice/ACH,7120,INV-00334
JE-000499,2026-01-25,2026-Q1,revenue,Revenue - Services,Services,C024,Invoice/ACH,503,INV-00499
JE-000398,2026-01-26,2026-Q1,revenue,Revenue - Team plans,Team plans,C049,PayPal,5538,INV-00398
JE-000445,2026-01-26,2026-Q1,revenue,Revenue - Usage add-ons,Usage add-ons,C034,PayPal,3362,INV-00445
JE-000492,2026-01-26,2026-Q1,revenue,Revenue - Services,Services,C019,Invoice/ACH,1709,INV-00492
JE-000890,2026-01-26,2026-Q1,cogs,Cloud hosting,,,,17416,
JE-000933,2026-01-26,2026-Q1,operating_expense,Sales & marketing,,,,20583,
JE-000297,2026-01-27,2026-Q1,revenue,Revenue - Enterprise platform,Enterprise platform,C023,Invoice/ACH,5558,INV-00297
JE-000343,2026-01-27,2026-Q1,revenue,Revenue - Team plans,Team plans,C008,Invoice/ACH,5010,INV-00343
JE-000462,2026-01-27,2026-Q1,revenue,Revenue - Usage add-ons,Usage add-ons,C046,PayPal,1614,INV-00462
JE-000360,2026-01-28,2026-Q1,revenue,Revenue - Team plans,Team plans,C020,PayPal,2374,INV-00360
JE-000455,2026-01-28,2026-Q1,revenue,Revenue - Usage add-ons,Usage add-ons,C041,PayPal,1412,INV-00455
JE-000501,2026-01-28,2026-Q1,revenue,Revenue - Services,Services,C026,Invoice/ACH,1809,INV-00501
JE-000919,2026-01-28,2026-Q1,cogs,Implementation labor,,,,9000,
JE-000962,2026-01-28,2026-Q1,operating_expense,General & administrative,,,,12833,
JE-000306,2026-01-29,2026-Q1,revenue,Revenue - Enterprise platform,Enterprise platform,C030,Invoice/ACH,4168,INV-00306
JE-000353,2026-01-29,2026-Q1,revenue,Revenue - Team plans,Team plans,C015,Invoice/ACH,7911,INV-00353
JE-000323,2026-01-30,2026-Q1,revenue,Revenue - Enterprise platform,Enterprise platform,C042,Invoice/ACH,1853,INV-00323
JE-000464,2026-01-30,2026-Q1,revenue,Revenue - Usage add-ons,Usage add-ons,C048,PayPal,1614,INV-00464
JE-000510,2026-01-30,2026-Q1,revenue,Revenue - Services,Services,C033,Invoice/ACH,1273,INV-00510
JE-000905,2026-01-30,2026-Q1,cogs,Customer support,,,,12320,
JE-000948,2026-01-30,2026-Q1,operating_expense,Product & R&D,,,,18416,
JE-000316,2026-01-31,2026-Q1,revenue,Revenue - Enterprise platform,Enterprise platform,C037,Invoice/ACH,6948,INV-00316
JE-000362,2026-01-31,2026-Q1,revenue,Revenue - Team plans,Team plans,C022,PayPal,8307,INV-00362
JE-000409,2026-01-31,2026-Q1,revenue,Revenue - Usage add-ons,Usage add-ons,C007,Invoice/ACH,1748,INV-00409
JE-000527,2026-01-31,2026-Q1,revenue,Revenue - Services,Services,C045,Invoice/ACH,603,INV-00527
JE-000426,2026-02-01,2026-Q1,revenue,Revenue - Usage add-ons,Usage add-ons,C019,Invoice/ACH,807,INV-00426
JE-000520,2026-02-01,2026-Q1,revenue,Revenue - Services,Services,C040,Invoice/ACH,2010,INV-00520
JE-000891,2026-02-01,2026-Q1,cogs,Cloud hosting,,,,15833,
JE-000934,2026-02-01,2026-Q1,operating_expense,Sales & marketing,,,,19000,
JE-000325,2026-02-02,2026-Q1,revenue,Revenue - Enterprise platform,Enterprise platform,C044,Invoice/ACH,7643,INV-00325
JE-000371,2026-02-02,2026-Q1,revenue,Revenue - Team plans,Team plans,C029,PayPal,5801,INV-00371
JE-000419,2026-02-02,2026-Q1,revenue,Revenue - Usage add-ons,Usage add-ons,C014,Invoice/ACH,2825,INV-00419
JE-000270,2026-02-03,2026-Q1,revenue,Revenue - Enterprise platform,Enterprise platform,C003,Invoice/ACH,7411,INV-00270
JE-000388,2026-02-03,2026-Q1,revenue,Revenue - Team plans,Team plans,C041,PayPal,2769,INV-00388
JE-000529,2026-02-03,2026-Q1,revenue,Revenue - Services,Services,C047,Invoice/ACH,2111,INV-00529
JE-000920,2026-02-03,2026-Q1,cogs,Implementation labor,,,,8250,
JE-000963,2026-02-03,2026-Q1,operating_expense,General & administrative,,,,11916,
JE-000287,2026-02-04,2026-Q1,revenue,Revenue - Enterprise platform,Enterprise platform,C015,Invoice/ACH,3474,INV-00287
JE-000381,2026-02-04,2026-Q1,revenue,Revenue - Team plans,Team plans,C036,PayPal,9098,INV-00381
JE-000428,2026-02-04,2026-Q1,revenue,Revenue - Usage add-ons,Usage add-ons,C021,PayPal,3027,INV-00428
JE-000474,2026-02-04,2026-Q1,revenue,Revenue - Services,Services,C006,Invoice/ACH,468,INV-00474
JE-000280,2026-02-05,2026-Q1,revenue,Revenue - Enterprise platform,Enterprise platform,C010,Invoice/ACH,11811,INV-00280
JE-000491,2026-02-05,2026-Q1,revenue,Revenue - Services,Services,C018,Invoice/ACH,838,INV-00491
JE-000906,2026-02-05,2026-Q1,cogs,Customer support,,,,11200,
JE-000949,2026-02-05,2026-Q1,operating_expense,Product & R&D,,,,17000,
JE-000390,2026-02-06,2026-Q1,revenue,Revenue - Team plans,Team plans,C043,PayPal,9493,INV-00390
JE-000437,2026-02-06,2026-Q1,revenue,Revenue - Usage add-ons,Usage add-ons,C028,PayPal,2152,INV-00437
JE-000484,2026-02-06,2026-Q1,revenue,Revenue - Services,Services,C013,Invoice/ACH,804,INV-00484
JE-000289,2026-02-07,2026-Q1,revenue,Revenue - Enterprise platform,Enterprise platform,C017,Invoice/ACH,12506,INV-00289
JE-000335,2026-02-07,2026-Q1,revenue,Revenue - Team plans,Team plans,C002,Invoice/ACH,2637,INV-00335
JE-000454,2026-02-07,2026-Q1,revenue,Revenue - Usage add-ons,Usage add-ons,C040,PayPal,1009,INV-00454
JE-000892,2026-02-07,2026-Q1,cogs,Cloud hosting,,,,14250,
JE-000935,2026-02-07,2026-Q1,operating_expense,Sales & marketing,,,,17416,
JE-000352,2026-02-08,2026-Q1,revenue,Revenue - Team plans,Team plans,C014,Invoice/ACH,1187,INV-00352
JE-000399,2026-02-08,2026-Q1,revenue,Revenue - Team plans,Team plans,C050,PayPal,6592,INV-00399
JE-000447,2026-02-08,2026-Q1,revenue,Revenue - Usage add-ons,Usage add-ons,C035,PayPal,3430,INV-00447
JE-000493,2026-02-08,2026-Q1,revenue,Revenue - Services,Services,C020,Invoice/ACH,904,INV-00493
JE-000298,2026-02-09,2026-Q1,revenue,Revenue - Enterprise platform,Enterprise platform,C024,Invoice/ACH,8800,INV-00298
JE-000345,2026-02-09,2026-Q1,revenue,Revenue - Team plans,Team plans,C009,Invoice/ACH,4351,INV-00345
JE-000921,2026-02-09,2026-Q1,cogs,Implementation labor,,,,7500,
JE-000964,2026-02-09,2026-Q1,operating_expense,General & administrative,,,,11000,
JE-000315,2026-02-10,2026-Q1,revenue,Revenue - Enterprise platform,Enterprise platform,C036,Invoice/ACH,4169,INV-00315
JE-000456,2026-02-10,2026-Q1,revenue,Revenue - Usage add-ons,Usage add-ons,C042,PayPal,3632,INV-00456
JE-000502,2026-02-10,2026-Q1,revenue,Revenue - Services,Services,C027,Invoice/ACH,670,INV-00502
JE-000308,2026-02-11,2026-Q1,revenue,Revenue - Enterprise platform,Enterprise platform,C031,Invoice/ACH,13896,INV-00308
JE-000354,2026-02-11,2026-Q1,revenue,Revenue - Team plans,Team plans,C016,Invoice/ACH,4747,INV-00354
JE-000401,2026-02-11,2026-Q1,revenue,Revenue - Usage add-ons,Usage add-ons,C001,Invoice/ACH,3094,INV-00401
JE-000519,2026-02-11,2026-Q1,revenue,Revenue - Services,Services,C039,Invoice/ACH,302,INV-00519
JE-000907,2026-02-11,2026-Q1,cogs,Customer support,,,,10080,
JE-000950,2026-02-11,2026-Q1,operating_expense,Product & R&D,,,,15583,
JE-000418,2026-02-12,2026-Q1,revenue,Revenue - Usage add-ons,Usage add-ons,C013,Invoice/ACH,1480,INV-00418
JE-000465,2026-02-12,2026-Q1,revenue,Revenue - Usage add-ons,Usage add-ons,C049,PayPal,2556,INV-00465
JE-000512,2026-02-12,2026-Q1,revenue,Revenue - Services,Services,C034,Invoice/ACH,1105,INV-00512
JE-000317,2026-02-13,2026-Q1,revenue,Revenue - Enterprise platform,Enterprise platform,C038,Invoice/ACH,14591,INV-00317
JE-000363,2026-02-13,2026-Q1,revenue,Revenue - Team plans,Team plans,C023,PayPal,3428,INV-00363
JE-000411,2026-02-13,2026-Q1,revenue,Revenue - Usage add-ons,Usage add-ons,C008,Invoice/ACH,4842,INV-00411
JE-000893,2026-02-13,2026-Q1,cogs,Cloud hosting,,,,12666,
JE-000936,2026-02-13,2026-Q1,operating_expense,Sales & marketing,,,,15833,
JE-000380,2026-02-14,2026-Q1,revenue,Revenue - Team plans,Team plans,C035,PayPal,1583,INV-00380
JE-000521,2026-02-14,2026-Q1,revenue,Revenue - Services,Services,C041,Invoice/ACH,1206,INV-00521
JE-000279,2026-02-15,2026-Q1,revenue,Revenue - Enterprise platform,Enterprise platform,C009,Invoice/ACH,5790,INV-00279
JE-000326,2026-02-15,2026-Q1,revenue,Revenue - Enterprise platform,Enterprise platform,C045,Invoice/ACH,10190,INV-00326
JE-000373,2026-02-15,2026-Q1,revenue,Revenue - Team plans,Team plans,C030,PayPal,5538,INV-00373
JE-000420,2026-02-15,2026-Q1,revenue,Revenue - Usage add-ons,Usage add-ons,C015,Invoice/ACH,5044,INV-00420
JE-000922,2026-02-15,2026-Q1,cogs,Implementation labor,,,,6750,
JE-000965,2026-02-15,2026-Q1,operating_expense,General & administrative,,,,10083,
JE-000272,2026-02-16,2026-Q1,revenue,Revenue - Enterprise platform,Enterprise platform,C004,Invoice/ACH,5558,INV-00272
JE-000483,2026-02-16,2026-Q1,revenue,Revenue - Services,Services,C012,Invoice/ACH,536,INV-00483
JE-000530,2026-02-16,2026-Q1,revenue,Revenue - Services,Services,C048,Invoice/ACH,870,INV-00530
JE-000382,2026-02-17,2026-Q1,revenue,Revenue - Team plans,Team plans,C037,PayPal,5933,INV-00382
JE-000429,2026-02-17,2026-Q1,revenue,Revenue - Usage add-ons,Usage add-ons,C022,PayPal,941,INV-00429
JE-000476,2026-02-17,2026-Q1,revenue,Revenue - Services,Services,C007,Invoice/ACH,1809,INV-00476
JE-000908,2026-02-17,2026-Q1,cogs,Customer support,,,,8960,
JE-000951,2026-02-17,2026-Q1,operating_expense,Product & R&D,,,,14166,
JE-000281,2026-02-18,2026-Q1,revenue,Revenue - Enterprise platform,Enterprise platform,C011,Invoice/ACH,6253,INV-00281
JE-000446,2026-02-18,2026-Q1,revenue,Revenue - Usage add-ons,Usage add-ons,C034,PayPal,1682,INV-00446
JE-000344,2026-02-19,2026-Q1,revenue,Revenue - Team plans,Team plans,C008,Invoice/ACH,2505,INV-00344
JE-000391,2026-02-19,2026-Q1,revenue,Revenue - Team plans,Team plans,C044,PayPal,4219,INV-00391
JE-000439,2026-02-19,2026-Q1,revenue,Revenue - Usage add-ons,Usage add-ons,C029,PayPal,1614,INV-00439
JE-000485,2026-02-19,2026-Q1,revenue,Revenue - Services,Services,C014,Invoice/ACH,1910,INV-00485
JE-000894,2026-02-19,2026-Q1,cogs,Cloud hosting,,,,11083,
JE-000937,2026-02-19,2026-Q1,operating_expense,Sales & marketing,,,,14250,
JE-000290,2026-02-20,2026-Q1,revenue,Revenue - Enterprise platform,Enterprise platform,C018,Invoice/ACH,4632,INV-00290
JE-000337,2026-02-20,2026-Q1,revenue,Revenue - Team plans,Team plans,C003,Invoice/ACH,8307,INV-00337
JE-000307,2026-02-21,2026-Q1,revenue,Revenue - Enterprise platform,Enterprise platform,C030,Invoice/ACH,2085,INV-00307
JE-000448,2026-02-21,2026-Q1,revenue,Revenue - Usage add-ons,Usage add-ons,C036,PayPal,1816,INV-00448
JE-000494,2026-02-21,2026-Q1,revenue,Revenue - Services,Services,C021,Invoice/ACH,1340,INV-00494
JE-000923,2026-02-21,2026-Q1,cogs,Implementation labor,,,,6000,
JE-000966,2026-02-21,2026-Q1,operating_expense,General & administrative,,,,9166,
JE-000300,2026-02-22,2026-Q1,revenue,Revenue - Enterprise platform,Enterprise platform,C025,Invoice/ACH,7643,INV-00300
JE-000346,2026-02-22,2026-Q1,revenue,Revenue - Team plans,Team plans,C010,Invoice/ACH,8702,INV-00346
JE-000511,2026-02-22,2026-Q1,revenue,Revenue - Services,Services,C033,Invoice/ACH,637,INV-00511
JE-000410,2026-02-23,2026-Q1,revenue,Revenue - Usage add-ons,Usage add-ons,C007,Invoice/ACH,875,INV-00410
JE-000457,2026-02-23,2026-Q1,revenue,Revenue - Usage add-ons,Usage add-ons,C043,PayPal,1345,INV-00457
JE-000504,2026-02-23,2026-Q1,revenue,Revenue - Services,Services,C028,Invoice/ACH,2111,INV-00504
JE-000909,2026-02-23,2026-Q1,cogs,Customer support,,,,7840,
JE-000952,2026-02-23,2026-Q1,operating_expense,Product & R&D,,,,12750,
JE-000309,2026-02-24,2026-Q1,revenue,Revenue - Enterprise platform,Enterprise platform,C032,Invoice/ACH,8337,INV-00309
JE-000355,2026-02-24,2026-Q1,revenue,Revenue - Team plans,Team plans,C017,Invoice/ACH,6065,INV-00355
JE-000403,2026-02-24,2026-Q1,revenue,Revenue - Usage add-ons,Usage add-ons,C002,Invoice/ACH,3027,INV-00403
JE-000372,2026-02-25,2026-Q1,revenue,Revenue - Team plans,Team plans,C029,PayPal,2901,INV-00372
JE-000467,2026-02-25,2026-Q1,revenue,Revenue - Usage add-ons,Usage add-ons,C050,PayPal,2219,INV-00467
JE-000513,2026-02-25,2026-Q1,revenue,Revenue - Services,Services,C035,Invoice/ACH,2211,INV-00513
JE-000895,2026-02-25,2026-Q1,cogs,Cloud hosting,,,,9500,
JE-000938,2026-02-25,2026-Q1,operating_expense,Sales & marketing,,,,12666,
JE-000271,2026-02-26,2026-Q1,revenue,Revenue - Enterprise platform,Enterprise platform,C003,Invoice/ACH,3706,INV-00271
JE-000318,2026-02-26,2026-Q1,revenue,Revenue - Enterprise platform,Enterprise platform,C039,Invoice/ACH,6021,INV-00318
JE-000365,2026-02-26,2026-Q1,revenue,Revenue - Team plans,Team plans,C024,PayPal,9493,INV-00365
JE-000412,2026-02-26,2026-Q1,revenue,Revenue - Usage add-ons,Usage add-ons,C009,Invoice/ACH,3228,INV-00412
JE-000475,2026-02-27,2026-Q1,revenue,Revenue - Services,Services,C006,Invoice/ACH,235,INV-00475
JE-000522,2026-02-27,2026-Q1,revenue,Revenue - Services,Services,C042,Invoice/ACH,1541,INV-00522
JE-000924,2026-02-27,2026-Q1,cogs,Implementation labor,,,,5250,
JE-000967,2026-02-27,2026-Q1,operating_expense,General & administrative,,,,8250,
JE-000328,2026-02-28,2026-Q1,revenue,Revenue - Enterprise platform,Enterprise platform,C046,Invoice/ACH,9727,INV-00328
JE-000374,2026-02-28,2026-Q1,revenue,Revenue - Team plans,Team plans,C031,PayPal,9889,INV-00374
JE-000421,2026-02-28,2026-Q1,revenue,Revenue - Usage add-ons,Usage add-ons,C016,Invoice/ACH,2286,INV-00421
JE-000468,2026-02-28,2026-Q1,revenue,Revenue - Services,Services,C001,Invoice/ACH,904,INV-00468
JE-000273,2026-03-01,2026-Q1,revenue,Revenue - Enterprise platform,Enterprise platform,C005,Invoice/ACH,13201,INV-00273
JE-000438,2026-03-01,2026-Q1,revenue,Revenue - Usage add-ons,Usage add-ons,C028,PayPal,1076,INV-00438
JE-000532,2026-03-01,2026-Q1,revenue,Revenue - Services,Services,C049,Invoice/ACH,2412,INV-00532
JE-000910,2026-03-01,2026-Q1,cogs,Customer support,,,,6720,
JE-000953,2026-03-01,2026-Q1,operating_expense,Product & R&D,,,,11333,
JE-000336,2026-03-02,2026-Q1,revenue,Revenue - Team plans,Team plans,C002,Invoice/ACH,1319,INV-00336
JE-000383,2026-03-02,2026-Q1,revenue,Revenue - Team plans,Team plans,C038,PayPal,1846,INV-00383
JE-000431,2026-03-02,2026-Q1,revenue,Revenue - Usage add-ons,Usage add-ons,C023,PayPal,3632,INV-00431
JE-000477,2026-03-02,2026-Q1,revenue,Revenue - Services,Services,C008,Invoice/ACH,1005,INV-00477
JE-000282,2026-03-03,2026-Q1,revenue,Revenue - Enterprise platform,Enterprise platform,C012,Invoice/ACH,9264,INV-00282
JE-000400,2026-03-03,2026-Q1,revenue,Revenue - Team plans,Team plans,C050,PayPal,3297,INV-00400
JE-000896,2026-03-03,2026-Q1,cogs,Cloud hosting,,,,7916,
JE-000939,2026-03-03,2026-Q1,operating_expense,Sales & marketing,,,,11083,
JE-000299,2026-03-04,2026-Q1,revenue,Revenue - Enterprise platform,Enterprise platform,C024,Invoice/ACH,4401,INV-00299
JE-000393,2026-03-04,2026-Q1,revenue,Revenue - Team plans,Team plans,C045,PayPal,3164,INV-00393
JE-000440,2026-03-04,2026-Q1,revenue,Revenue - Usage add-ons,Usage add-ons,C030,PayPal,3834,INV-00440
JE-000486,2026-03-04,2026-Q1,revenue,Revenue - Services,Services,C015,Invoice/ACH,736,INV-00486
JE-000292,2026-03-05,2026-Q1,revenue,Revenue - Enterprise platform,Enterprise platform,C019,Invoice/ACH,14591,INV-00292
JE-000338,2026-03-05,2026-Q1,revenue,Revenue - Team plans,Team plans,C004,Invoice/ACH,5142,INV-00338
JE-000503,2026-03-05,2026-Q1,revenue,Revenue - Services,Services,C027,Invoice/ACH,335,INV-00503
JE-000925,2026-03-05,2026-Q1,cogs,Implementation labor,,,,4500,
JE-000968,2026-03-05,2026-Q1,operating_expense,General & administrative,,,,7333,
JE-000402,2026-03-06,2026-Q1,revenue,Revenue - Usage add-ons,Usage add-ons,C001,Invoice/ACH,1547,INV-00402
JE-000449,2026-03-06,2026-Q1,revenue,Revenue - Usage add-ons,Usage add-ons,C037,PayPal,2690,INV-00449
JE-000496,2026-03-06,2026-Q1,revenue,Revenue - Services,Services,C022,Invoice/ACH,1206,INV-00496
JE-000301,2026-03-07,2026-Q1,revenue,Revenue - Enterprise platform,Enterprise platform,C026,Invoice/ACH,15285,INV-00301
JE-000347,2026-03-07,2026-Q1,revenue,Revenue - Team plans,Team plans,C011,Invoice/ACH,3692,INV-00347
JE-000466,2026-03-07,2026-Q1,revenue,Revenue - Usage add-ons,Usage add-ons,C049,PayPal,1278,INV-00466
JE-000911,2026-03-07,2026-Q1,cogs,Customer support,,,,5600,
JE-000954,2026-03-07,2026-Q1,operating_expense,Product & R&D,,,,9916,
JE-000364,2026-03-08,2026-Q1,revenue,Revenue - Team plans,Team plans,C023,PayPal,1714,INV-00364
JE-000459,2026-03-08,2026-Q1,revenue,Revenue - Usage add-ons,Usage add-ons,C044,PayPal,4237,INV-00459
JE-000505,2026-03-08,2026-Q1,revenue,Revenue - Services,Services,C029,Invoice/ACH,1306,INV-00505
JE-000310,2026-03-09,2026-Q1,revenue,Revenue - Enterprise platform,Enterprise platform,C033,Invoice/ACH,10653,INV-00310
JE-000357,2026-03-09,2026-Q1,revenue,Revenue - Team plans,Team plans,C018,Invoice/ACH,5933,INV-00357
JE-000404,2026-03-09,2026-Q1,revenue,Revenue - Usage add-ons,Usage add-ons,C003,Invoice/ACH,1412,INV-00404
JE-000897,2026-03-09,2026-Q1,cogs,Cloud hosting,,,,6333,
JE-000940,2026-03-09,2026-Q1,operating_expense,Sales & marketing,,,,9500,
JE-000327,2026-03-10,2026-Q1,revenue,Revenue - Enterprise platform,Enterprise platform,C045,Invoice/ACH,5095,INV-00327
JE-000514,2026-03-10,2026-Q1,revenue,Revenue - Services,Services,C036,Invoice/ACH,938,INV-00514
JE-000320,2026-03-11,2026-Q1,revenue,Revenue - Enterprise platform,Enterprise platform,C040,Invoice/ACH,16675,INV-00320
JE-000366,2026-03-11,2026-Q1,revenue,Revenue - Team plans,Team plans,C025,PayPal,6329,INV-00366
JE-000413,2026-03-11,2026-Q1,revenue,Revenue - Usage add-ons,Usage add-ons,C010,Invoice/ACH,1076,INV-00413
JE-000531,2026-03-11,2026-Q1,revenue,Revenue - Services,Services,C048,Invoice/ACH,436,INV-00531
JE-000926,2026-03-11,2026-Q1,cogs,Implementation labor,,,,3750,
JE-000969,2026-03-11,2026-Q1,operating_expense,General & administrative,,,,6416,
JE-000430,2026-03-12,2026-Q1,revenue,Revenue - Usage add-ons,Usage add-ons,C022,PayPal,471,INV-00430
JE-000524,2026-03-12,2026-Q1,revenue,Revenue - Services,Services,C043,Invoice/ACH,1508,INV-00524
JE-000329,2026-03-13,2026-Q1,revenue,Revenue - Enterprise platform,Enterprise platform,C047,Invoice/ACH,17370,INV-00329
JE-000375,2026-03-13,2026-Q1,revenue,Revenue - Team plans,Team plans,C032,PayPal,4482,INV-00375
JE-000423,2026-03-13,2026-Q1,revenue,Revenue - Usage add-ons,Usage add-ons,C017,Invoice/ACH,1816,INV-00423
JE-000469,2026-03-13,2026-Q1,revenue,Revenue - Services,Services,C002,Invoice/ACH,2010,INV-00469
JE-000912,2026-03-13,2026-Q1,cogs,Customer support,,,,4480,
JE-000955,2026-03-13,2026-Q1,operating_expense,Product & R&D,,,,8500,
JE-000274,2026-03-14,2026-Q1,revenue,Revenue - Enterprise platform,Enterprise platform,C006,Invoice/ACH,5095,INV-00274
JE-000392,2026-03-14,2026-Q1,revenue,Revenue - Team plans,Team plans,C044,PayPal,2110,INV-00392
JE-000533,2026-03-14,2026-Q1,revenue,Revenue - Services,Services,C050,Invoice/ACH,1608,INV-00533
JE-000291,2026-03-15,2026-Q1,revenue,Revenue - Enterprise platform,Enterprise platform,C018,Invoice/ACH,2316,INV-00291
JE-000385,2026-03-15,2026-Q1,revenue,Revenue - Team plans,Team plans,C039,PayPal,7120,INV-00385
JE-000432,2026-03-15,2026-Q1,revenue,Revenue - Usage add-ons,Usage add-ons,C024,PayPal,2018,INV-00432
JE-000478,2026-03-15,2026-Q1,revenue,Revenue - Services,Services,C009,Invoice/ACH,1407,INV-00478
JE-000898,2026-03-15,2026-Q1,cogs,Cloud hosting,,,,4750,
JE-000941,2026-03-15,2026-Q1,operating_expense,Sales & marketing,,,,7916,
JE-000284,2026-03-16,2026-Q1,revenue,Revenue - Enterprise platform,Enterprise platform,C013,Invoice/ACH,8337,INV-00284
JE-000495,2026-03-16,2026-Q1,revenue,Revenue - Services,Services,C021,Invoice/ACH,670,INV-00495
JE-000394,2026-03-17,2026-Q1,revenue,Revenue - Team plans,Team plans,C046,PayPal,7515,INV-00394
JE-000441,2026-03-17,2026-Q1,revenue,Revenue - Usage add-ons,Usage add-ons,C031,PayPal,1479,INV-00441
JE-000488,2026-03-17,2026-Q1,revenue,Revenue - Services,Services,C016,Invoice/ACH,2211,INV-00488
JE-000927,2026-03-17,2026-Q1,cogs,Implementation labor,,,,3000,
JE-000970,2026-03-17,2026-Q1,operating_expense,General & administrative,,,,5500,
JE-000293,2026-03-18,2026-Q1,revenue,Revenue - Enterprise platform,Enterprise platform,C020,Invoice/ACH,9032,INV-00293
JE-000339,2026-03-18,2026-Q1,revenue,Revenue - Team plans,Team plans,C005,Invoice/ACH,6328,INV-00339
JE-000458,2026-03-18,2026-Q1,revenue,Revenue - Usage add-ons,Usage add-ons,C043,PayPal,673,INV-00458
JE-000356,2026-03-19,2026-Q1,revenue,Revenue - Team plans,Team plans,C017,Invoice/ACH,3033,INV-00356
JE-000451,2026-03-19,2026-Q1,revenue,Revenue - Usage add-ons,Usage add-ons,C038,PayPal,2421,INV-00451
JE-000497,2026-03-19,2026-Q1,revenue,Revenue - Services,Services,C023,Invoice/ACH,2312,INV-00497
JE-000913,2026-03-19,2026-Q1,cogs,Customer support,,,,3360,
JE-000956,2026-03-19,2026-Q1,operating_expense,Product & R&D,,,,7083,
JE-000302,2026-03-20,2026-Q1,revenue,Revenue - Enterprise platform,Enterprise platform,C027,Invoice/ACH,6484,INV-00302
JE-000349,2026-03-20,2026-Q1,revenue,Revenue - Team plans,Team plans,C012,Invoice/ACH,9889,INV-00349
JE-000319,2026-03-21,2026-Q1,revenue,Revenue - Enterprise platform,Enterprise platform,C039,Invoice/ACH,3011,INV-00319
JE-000460,2026-03-21,2026-Q1,revenue,Revenue - Usage add-ons,Usage add-ons,C045,PayPal,2623,INV-00460
JE-000506,2026-03-21,2026-Q1,revenue,Revenue - Services,Services,C030,Invoice/ACH,1608,INV-00506
JE-000899,2026-03-21,2026-Q1,cogs,Cloud hosting,,,,3166,
JE-000942,2026-03-21,2026-Q1,operating_expense,Sales & marketing,,,,6333,
JE-000312,2026-03-22,2026-Q1,revenue,Revenue - Enterprise platform,Enterprise platform,C034,Invoice/ACH,10422,INV-00312
JE-000358,2026-03-22,2026-Q1,revenue,Revenue - Team plans,Team plans,C019,Invoice/ACH,2769,INV-00358
JE-000405,2026-03-22,2026-Q1,revenue,Revenue - Usage add-ons,Usage add-ons,C004,Invoice/ACH,2421,INV-00405
JE-000523,2026-03-22,2026-Q1,revenue,Revenue - Services,Services,C042,Invoice/ACH,771,INV-00523
JE-000422,2026-03-23,2026-Q1,revenue,Revenue - Usage add-ons,Usage add-ons,C016,Invoice/ACH,1144,INV-00422
JE-000516,2026-03-23,2026-Q1,revenue,Revenue - Services,Services,C037,Invoice/ACH,2513,INV-00516
JE-000928,2026-03-23,2026-Q1,cogs,Implementation labor,,,,2250,
JE-000971,2026-03-23,2026-Q1,operating_expense,General & administrative,,,,4583,
JE-000321,2026-03-24,2026-Q1,revenue,Revenue - Enterprise platform,Enterprise platform,C041,Invoice/ACH,11117,INV-00321
JE-000367,2026-03-24,2026-Q1,revenue,Revenue - Team plans,Team plans,C026,PayPal,2109,INV-00367
JE-000415,2026-03-24,2026-Q1,revenue,Revenue - Usage add-ons,Usage add-ons,C011,Invoice/ACH,3834,INV-00415
JE-000384,2026-03-25,2026-Q1,revenue,Revenue - Team plans,Team plans,C038,PayPal,923,INV-00384
JE-000525,2026-03-25,2026-Q1,revenue,Revenue - Services,Services,C044,Invoice/ACH,703,INV-00525
JE-000914,2026-03-25,2026-Q1,cogs,Customer support,,,,2240,
JE-000957,2026-03-25,2026-Q1,operating_expense,Product & R&D,,,,5666,
JE-000283,2026-03-26,2026-Q1,revenue,Revenue - Enterprise platform,Enterprise platform,C012,Invoice/ACH,4632,INV-00283
JE-000330,2026-03-26,2026-Q1,revenue,Revenue - Enterprise platform,Enterprise platform,C048,Invoice/ACH,7874,INV-00330
JE-000377,2026-03-26,2026-Q1,revenue,Revenue - Team plans,Team plans,C033,PayPal,3560,INV-00377
JE-000424,2026-03-26,2026-Q1,revenue,Revenue - Usage add-ons,Usage add-ons,C018,Invoice/ACH,4035,INV-00424
JE-000470,2026-03-26,2026-Q1,revenue,Revenue - Services,Services,C003,Invoice/ACH,804,INV-00470
JE-000276,2026-03-27,2026-Q1,revenue,Revenue - Enterprise platform,Enterprise platform,C007,Invoice/ACH,15285,INV-00276
JE-000487,2026-03-27,2026-Q1,revenue,Revenue - Services,Services,C015,Invoice/ACH,369,INV-00487
JE-000900,2026-03-27,2026-Q1,cogs,Cloud hosting,,,,1588,
JE-000943,2026-03-27,2026-Q1,operating_expense,Sales & marketing,,,,4750,
JE-000386,2026-03-28,2026-Q1,revenue,Revenue - Team plans,Team plans,C040,PayPal,3955,INV-00386
JE-000433,2026-03-28,2026-Q1,revenue,Revenue - Usage add-ons,Usage add-ons,C025,PayPal,2824,INV-00433
JE-000480,2026-03-28,2026-Q1,revenue,Revenue - Services,Services,C010,Invoice/ACH,1306,INV-00480
JE-000285,2026-03-29,2026-Q1,revenue,Revenue - Enterprise platform,Enterprise platform,C014,Invoice/ACH,15980,INV-00285
JE-000450,2026-03-29,2026-Q1,revenue,Revenue - Usage add-ons,Usage add-ons,C037,PayPal,1345,INV-00450
JE-000929,2026-03-29,2026-Q1,cogs,Implementation labor,,,,1500,
JE-000972,2026-03-29,2026-Q1,operating_expense,General & administrative,,,,3666,
JE-000348,2026-03-30,2026-Q1,revenue,Revenue - Team plans,Team plans,C011,Invoice/ACH,1846,INV-00348
JE-000395,2026-03-30,2026-Q1,revenue,Revenue - Team plans,Team plans,C047,PayPal,2900,INV-00395
JE-000443,2026-03-30,2026-Q1,revenue,Revenue - Usage add-ons,Usage add-ons,C032,PayPal,4439,INV-00443
JE-000489,2026-03-30,2026-Q1,revenue,Revenue - Services,Services,C017,Invoice/ACH,1407,INV-00489
JE-000741,2026-04-01,2026-Q2,revenue,Revenue - Services,Services,C010,Invoice/ACH,888,INV-00741
JE-000750,2026-04-01,2026-Q2,revenue,Revenue - Services,Services,C017,Invoice/ACH,637,INV-00750
JE-000760,2026-04-01,2026-Q2,revenue,Revenue - Services,Services,C024,Invoice/ACH,1025,INV-00760
JE-000769,2026-04-01,2026-Q2,revenue,Revenue - Services,Services,C031,Invoice/ACH,1093,INV-00769
JE-000778,2026-04-01,2026-Q2,revenue,Revenue - Services,Services,C038,Invoice/ACH,774,INV-00778
JE-000788,2026-04-01,2026-Q2,revenue,Revenue - Services,Services,C045,Invoice/ACH,1230,INV-00788
JE-000542,2026-04-02,2026-Q2,revenue,Revenue - Enterprise platform,Enterprise platform,C007,Invoice/ACH,4725,INV-00542
JE-000551,2026-04-02,2026-Q2,revenue,Revenue - Enterprise platform,Enterprise platform,C014,Invoice/ACH,3293,INV-00551
JE-000561,2026-04-02,2026-Q2,revenue,Revenue - Enterprise platform,Enterprise platform,C021,Invoice/ACH,5154,INV-00561
JE-000570,2026-04-02,2026-Q2,revenue,Revenue - Enterprise platform,Enterprise platform,C028,Invoice/ACH,5369,INV-00570
JE-000579,2026-04-02,2026-Q2,revenue,Revenue - Enterprise platform,Enterprise platform,C035,Invoice/ACH,1002,INV-00579
JE-000589,2026-04-02,2026-Q2,revenue,Revenue - Enterprise platform,Enterprise platform,C042,Invoice/ACH,1718,INV-00589
JE-000598,2026-04-02,2026-Q2,revenue,Revenue - Enterprise platform,Enterprise platform,C049,Invoice/ACH,1933,INV-00598
JE-001034,2026-04-02,2026-Q2,operating_expense,Sales & marketing,,,,3416,
JE-000603,2026-04-03,2026-Q2,revenue,Revenue - Team plans,Team plans,C004,Invoice/ACH,8334,INV-00603
JE-000631,2026-04-03,2026-Q2,revenue,Revenue - Team plans,Team plans,C025,PayPal,2107,INV-00631
JE-000659,2026-04-03,2026-Q2,revenue,Revenue - Team plans,Team plans,C046,PayPal,2501,INV-00659
JE-000976,2026-04-03,2026-Q2,cogs,Cloud hosting,,,,33750,
JE-001020,2026-04-04,2026-Q2,cogs,Implementation labor,,,,713,
JE-001063,2026-04-04,2026-Q2,operating_expense,General & administrative,,,,3000,
JE-000605,2026-04-06,2026-Q2,revenue,Revenue - Team plans,Team plans,C006,Invoice/ACH,6319,INV-00605
JE-000614,2026-04-06,2026-Q2,revenue,Revenue - Team plans,Team plans,C013,Invoice/ACH,4476,INV-00614
JE-000624,2026-04-06,2026-Q2,revenue,Revenue - Team plans,Team plans,C020,PayPal,7109,INV-00624
JE-000633,2026-04-06,2026-Q2,revenue,Revenue - Team plans,Team plans,C027,PayPal,7503,INV-00633
JE-000642,2026-04-06,2026-Q2,revenue,Revenue - Team plans,Team plans,C034,PayPal,5265,INV-00642
JE-000652,2026-04-06,2026-Q2,revenue,Revenue - Team plans,Team plans,C041,PayPal,8293,INV-00652
JE-000661,2026-04-06,2026-Q2,revenue,Revenue - Team plans,Team plans,C048,PayPal,8688,INV-00661
JE-001049,2026-04-06,2026-Q2,operating_expense,Product & R&D,,,,3083,
JE-000668,2026-04-07,2026-Q2,revenue,Revenue - Usage add-ons,Usage add-ons,C003,Invoice/ACH,3334,INV-00668
JE-000696,2026-04-07,2026-Q2,revenue,Revenue - Usage add-ons,Usage add-ons,C024,PayPal,480,INV-00696
JE-000724,2026-04-07,2026-Q2,revenue,Revenue - Usage add-ons,Usage add-ons,C045,PayPal,624,INV-00724
JE-000991,2026-04-07,2026-Q2,cogs,Customer support,,,,18125,
JE-001035,2026-04-08,2026-Q2,operating_expense,Sales & marketing,,,,1713,
JE-000977,2026-04-09,2026-Q2,cogs,Cloud hosting,,,,31500,
JE-000670,2026-04-10,2026-Q2,revenue,Revenue - Usage add-ons,Usage add-ons,C005,Invoice/ACH,1438,INV-00670
JE-000679,2026-04-10,2026-Q2,revenue,Revenue - Usage add-ons,Usage add-ons,C012,Invoice/ACH,1054,INV-00679
JE-000689,2026-04-10,2026-Q2,revenue,Revenue - Usage add-ons,Usage add-ons,C019,Invoice/ACH,1726,INV-00689
JE-000698,2026-04-10,2026-Q2,revenue,Revenue - Usage add-ons,Usage add-ons,C026,PayPal,1870,INV-00698
JE-000707,2026-04-10,2026-Q2,revenue,Revenue - Usage add-ons,Usage add-ons,C033,PayPal,1342,INV-00707
JE-000717,2026-04-10,2026-Q2,revenue,Revenue - Usage add-ons,Usage add-ons,C040,PayPal,2158,INV-00717
JE-000726,2026-04-10,2026-Q2,revenue,Revenue - Usage add-ons,Usage add-ons,C047,PayPal,2301,INV-00726
JE-001064,2026-04-10,2026-Q2,operating_expense,General & administrative,,,,2000,
JE-000732,2026-04-11,2026-Q2,revenue,Revenue - Services,Services,C002,Invoice/ACH,6667,INV-00732
JE-000759,2026-04-11,2026-Q2,revenue,Revenue - Services,Services,C023,Invoice/ACH,524,INV-00759
JE-000787,2026-04-11,2026-Q2,revenue,Revenue - Services,Services,C044,Invoice/ACH,160,INV-00787
JE-001006,2026-04-11,2026-Q2,cogs,Implementation labor,,,,10625,
JE-000560,2026-04-12,2026-Q2,revenue,Revenue - Enterprise platform,Enterprise platform,C020,Invoice/ACH,931,INV-00560
JE-000588,2026-04-12,2026-Q2,revenue,Revenue - Enterprise platform,Enterprise platform,C041,Invoice/ACH,1146,INV-00588
JE-001050,2026-04-12,2026-Q2,operating_expense,Product & R&D,,,,1546,
JE-000992,2026-04-13,2026-Q2,cogs,Customer support,,,,16916,
JE-000733,2026-04-14,2026-Q2,revenue,Revenue - Services,Services,C004,Invoice/ACH,10000,INV-00733
JE-000742,2026-04-14,2026-Q2,revenue,Revenue - Services,Services,C011,Invoice/ACH,1092,INV-00742
JE-000752,2026-04-14,2026-Q2,revenue,Revenue - Services,Services,C018,Invoice/ACH,1708,INV-00752
JE-000761,2026-04-14,2026-Q2,revenue,Revenue - Services,Services,C025,Invoice/ACH,478,INV-00761
JE-000770,2026-04-14,2026-Q2,revenue,Revenue - Services,Services,C032,Invoice/ACH,364,INV-00770
JE-000780,2026-04-14,2026-Q2,revenue,Revenue - Services,Services,C039,Invoice/ACH,615,INV-00780
JE-000789,2026-04-14,2026-Q2,revenue,Revenue - Services,Services,C046,Invoice/ACH,683,INV-00789
JE-000534,2026-04-15,2026-Q2,revenue,Revenue - Enterprise platform,Enterprise platform,C001,Invoice/ACH,250000,INV-00534
JE-000543,2026-04-15,2026-Q2,revenue,Revenue - Enterprise platform,Enterprise platform,C008,Invoice/ACH,2004,INV-00543
JE-000553,2026-04-15,2026-Q2,revenue,Revenue - Enterprise platform,Enterprise platform,C015,Invoice/ACH,3222,INV-00553
JE-000562,2026-04-15,2026-Q2,revenue,Revenue - Enterprise platform,Enterprise platform,C022,Invoice/ACH,3436,INV-00562
JE-000571,2026-04-15,2026-Q2,revenue,Revenue - Enterprise platform,Enterprise platform,C029,Invoice/ACH,2434,INV-00571
JE-000581,2026-04-15,2026-Q2,revenue,Revenue - Enterprise platform,Enterprise platform,C036,Invoice/ACH,3866,INV-00581
JE-000590,2026-04-15,2026-Q2,revenue,Revenue - Enterprise platform,Enterprise platform,C043,Invoice/ACH,4081,INV-00590
JE-000599,2026-04-15,2026-Q2,revenue,Revenue - Enterprise platform,Enterprise platform,C050,Invoice/ACH,2863,INV-00599
JE-000978,2026-04-15,2026-Q2,cogs,Cloud hosting,,,,29250,
JE-001021,2026-04-15,2026-Q2,operating_expense,Sales & marketing,,,,25625,
JE-000623,2026-04-16,2026-Q2,revenue,Revenue - Team plans,Team plans,C019,Invoice/ACH,922,INV-00623
JE-000651,2026-04-16,2026-Q2,revenue,Revenue - Team plans,Team plans,C040,PayPal,1317,INV-00651
JE-001065,2026-04-16,2026-Q2,operating_expense,General & administrative,,,,1000,
JE-001007,2026-04-17,2026-Q2,cogs,Implementation labor,,,,9916,
JE-000606,2026-04-19,2026-Q2,revenue,Revenue - Team plans,Team plans,C007,Invoice/ACH,2106,INV-00606
JE-000616,2026-04-19,2026-Q2,revenue,Revenue - Team plans,Team plans,C014,Invoice/ACH,3554,INV-00616
JE-000625,2026-04-19,2026-Q2,revenue,Revenue - Team plans,Team plans,C021,PayPal,3949,INV-00625
JE-000634,2026-04-19,2026-Q2,revenue,Revenue - Team plans,Team plans,C028,PayPal,2896,INV-00634
JE-000644,2026-04-19,2026-Q2,revenue,Revenue - Team plans,Team plans,C035,PayPal,4739,INV-00644
JE-000653,2026-04-19,2026-Q2,revenue,Revenue - Team plans,Team plans,C042,PayPal,5134,INV-00653
JE-000662,2026-04-19,2026-Q2,revenue,Revenue - Team plans,Team plans,C049,PayPal,3686,INV-00662
JE-000993,2026-04-19,2026-Q2,cogs,Customer support,,,,15708,
JE-001036,2026-04-19,2026-Q2,operating_expense,Product & R&D,,,,23125,
JE-000688,2026-04-20,2026-Q2,revenue,Revenue - Usage add-ons,Usage add-ons,C018,Invoice/ACH,959,INV-00688
JE-000716,2026-04-20,2026-Q2,revenue,Revenue - Usage add-ons,Usage add-ons,C039,PayPal,1103,INV-00716
JE-000979,2026-04-21,2026-Q2,cogs,Cloud hosting,,,,27000,
JE-001022,2026-04-21,2026-Q2,operating_expense,Sales & marketing,,,,23916,
JE-000671,2026-04-23,2026-Q2,revenue,Revenue - Usage add-ons,Usage add-ons,C006,Invoice/ACH,2014,INV-00671
JE-000681,2026-04-23,2026-Q2,revenue,Revenue - Usage add-ons,Usage add-ons,C013,Invoice/ACH,3164,INV-00681
JE-000690,2026-04-23,2026-Q2,revenue,Revenue - Usage add-ons,Usage add-ons,C020,PayPal,3308,INV-00690
JE-000699,2026-04-23,2026-Q2,revenue,Revenue - Usage add-ons,Usage add-ons,C027,PayPal,2301,INV-00699
JE-000709,2026-04-23,2026-Q2,revenue,Revenue - Usage add-ons,Usage add-ons,C034,PayPal,3596,INV-00709
JE-000718,2026-04-23,2026-Q2,revenue,Revenue - Usage add-ons,Usage add-ons,C041,PayPal,1007,INV-00718
JE-000727,2026-04-23,2026-Q2,revenue,Revenue - Usage add-ons,Usage add-ons,C048,PayPal,767,INV-00727
JE-001008,2026-04-23,2026-Q2,cogs,Implementation labor,,,,9208,
JE-001051,2026-04-23,2026-Q2,operating_expense,General & administrative,,,,15000,
JE-000751,2026-04-24,2026-Q2,revenue,Revenue - Services,Services,C017,Invoice/ACH,319,INV-00751
JE-000779,2026-04-24,2026-Q2,revenue,Revenue - Services,Services,C038,Invoice/ACH,387,INV-00779
JE-000552,2026-04-25,2026-Q2,revenue,Revenue - Enterprise platform,Enterprise platform,C014,Invoice/ACH,1647,INV-00552
JE-000580,2026-04-25,2026-Q2,revenue,Revenue - Enterprise platform,Enterprise platform,C035,Invoice/ACH,501,INV-00580
JE-000994,2026-04-25,2026-Q2,cogs,Customer support,,,,14500,
JE-001037,2026-04-25,2026-Q2,operating_expense,Product & R&D,,,,21583,
JE-000734,2026-04-27,2026-Q2,revenue,Revenue - Services,Services,C005,Invoice/ACH,683,INV-00734
JE-000744,2026-04-27,2026-Q2,revenue,Revenue - Services,Services,C012,Invoice/ACH,1093,INV-00744
JE-000753,2026-04-27,2026-Q2,revenue,Revenue - Services,Services,C019,Invoice/ACH,1161,INV-00753
JE-000762,2026-04-27,2026-Q2,revenue,Revenue - Services,Services,C026,Invoice/ACH,820,INV-00762
JE-000772,2026-04-27,2026-Q2,revenue,Revenue - Services,Services,C033,Invoice/ACH,1298,INV-00772
JE-000781,2026-04-27,2026-Q2,revenue,Revenue - Services,Services,C040,Invoice/ACH,1366,INV-00781
JE-000790,2026-04-27,2026-Q2,revenue,Revenue - Services,Services,C047,Invoice/ACH,956,INV-00790
JE-000980,2026-04-27,2026-Q2,cogs,Cloud hosting,,,,24750,
JE-001023,2026-04-27,2026-Q2,operating_expense,Sales & marketing,,,,22208,
JE-000535,2026-04-28,2026-Q2,revenue,Revenue - Enterprise platform,Enterprise platform,C002,Invoice/ACH,66666,INV-00535
JE-000545,2026-04-28,2026-Q2,revenue,Revenue - Enterprise platform,Enterprise platform,C009,Invoice/ACH,5369,INV-00545
JE-000554,2026-04-28,2026-Q2,revenue,Revenue - Enterprise platform,Enterprise platform,C016,Invoice/ACH,1503,INV-00554
JE-000563,2026-04-28,2026-Q2,revenue,Revenue - Enterprise platform,Enterprise platform,C023,Invoice/ACH,1145,INV-00563
JE-000573,2026-04-28,2026-Q2,revenue,Revenue - Enterprise platform,Enterprise platform,C030,Invoice/ACH,1933,INV-00573
JE-000582,2026-04-28,2026-Q2,revenue,Revenue - Enterprise platform,Enterprise platform,C037,Invoice/ACH,2148,INV-00582
JE-000591,2026-04-28,2026-Q2,revenue,Revenue - Enterprise platform,Enterprise platform,C044,Invoice/ACH,1574,INV-00591
JE-000615,2026-04-29,2026-Q2,revenue,Revenue - Team plans,Team plans,C013,Invoice/ACH,2238,INV-00615
JE-000643,2026-04-29,2026-Q2,revenue,Revenue - Team plans,Team plans,C034,PayPal,2633,INV-00643
JE-001009,2026-04-29,2026-Q2,cogs,Implementation labor,,,,8500,
JE-001052,2026-04-29,2026-Q2,operating_expense,General & administrative,,,,14000,
JE-000995,2026-05-01,2026-Q2,cogs,Customer support,,,,13291,
JE-001038,2026-05-01,2026-Q2,operating_expense,Product & R&D,,,,20041,
JE-000608,2026-05-02,2026-Q2,revenue,Revenue - Team plans,Team plans,C008,Invoice/ACH,7503,INV-00608
JE-000617,2026-05-02,2026-Q2,revenue,Revenue - Team plans,Team plans,C015,Invoice/ACH,7898,INV-00617
JE-000626,2026-05-02,2026-Q2,revenue,Revenue - Team plans,Team plans,C022,PayPal,5528,INV-00626
JE-000636,2026-05-02,2026-Q2,revenue,Revenue - Team plans,Team plans,C029,PayPal,8688,INV-00636
JE-000645,2026-05-02,2026-Q2,revenue,Revenue - Team plans,Team plans,C036,PayPal,9083,INV-00645
JE-000654,2026-05-02,2026-Q2,revenue,Revenue - Team plans,Team plans,C043,PayPal,6318,INV-00654
JE-000664,2026-05-02,2026-Q2,revenue,Revenue - Team plans,Team plans,C050,PayPal,9873,INV-00664
JE-000680,2026-05-03,2026-Q2,revenue,Revenue - Usage add-ons,Usage add-ons,C012,Invoice/ACH,528,INV-00680
JE-000708,2026-05-03,2026-Q2,revenue,Revenue - Usage add-ons,Usage add-ons,C033,PayPal,672,INV-00708
JE-000981,2026-05-03,2026-Q2,cogs,Cloud hosting,,,,22500,
JE-001024,2026-05-03,2026-Q2,operating_expense,Sales & marketing,,,,20500,
JE-001010,2026-05-05,2026-Q2,cogs,Implementation labor,,,,7791,
JE-001053,2026-05-05,2026-Q2,operating_expense,General & administrative,,,,13000,
JE-000673,2026-05-06,2026-Q2,revenue,Revenue - Usage add-ons,Usage add-ons,C007,Invoice/ACH,1870,INV-00673
JE-000682,2026-05-06,2026-Q2,revenue,Revenue - Usage add-ons,Usage add-ons,C014,Invoice/ACH,2014,INV-00682
JE-000691,2026-05-06,2026-Q2,revenue,Revenue - Usage add-ons,Usage add-ons,C021,PayPal,1438,INV-00691
JE-000701,2026-05-06,2026-Q2,revenue,Revenue - Usage add-ons,Usage add-ons,C028,PayPal,2301,INV-00701
JE-000710,2026-05-06,2026-Q2,revenue,Revenue - Usage add-ons,Usage add-ons,C035,PayPal,2445,INV-00710
JE-000719,2026-05-06,2026-Q2,revenue,Revenue - Usage add-ons,Usage add-ons,C042,PayPal,1726,INV-00719
JE-000729,2026-05-06,2026-Q2,revenue,Revenue - Usage add-ons,Usage add-ons,C049,PayPal,2733,INV-00729
JE-000743,2026-05-07,2026-Q2,revenue,Revenue - Services,Services,C011,Invoice/ACH,547,INV-00743
JE-000771,2026-05-07,2026-Q2,revenue,Revenue - Services,Services,C032,Invoice/ACH,182,INV-00771
JE-000996,2026-05-07,2026-Q2,cogs,Customer support,,,,12083,
JE-001039,2026-05-07,2026-Q2,operating_expense,Product & R&D,,,,18500,
JE-000544,2026-05-08,2026-Q2,revenue,Revenue - Enterprise platform,Enterprise platform,C008,Invoice/ACH,1003,INV-00544
JE-000572,2026-05-08,2026-Q2,revenue,Revenue - Enterprise platform,Enterprise platform,C029,Invoice/ACH,1217,INV-00572
JE-000600,2026-05-08,2026-Q2,revenue,Revenue - Enterprise platform,Enterprise platform,C050,Invoice/ACH,1432,INV-00600
JE-000982,2026-05-09,2026-Q2,cogs,Cloud hosting,,,,20250,
JE-001025,2026-05-09,2026-Q2,operating_expense,Sales & marketing,,,,18791,
JE-000736,2026-05-10,2026-Q2,revenue,Revenue - Services,Services,C006,Invoice/ACH,478,INV-00736
JE-000745,2026-05-10,2026-Q2,revenue,Revenue - Services,Services,C013,Invoice/ACH,546,INV-00745
JE-000754,2026-05-10,2026-Q2,revenue,Revenue - Services,Services,C020,Invoice/ACH,410,INV-00754
JE-000764,2026-05-10,2026-Q2,revenue,Revenue - Services,Services,C027,Invoice/ACH,683,INV-00764
JE-000773,2026-05-10,2026-Q2,revenue,Revenue - Services,Services,C034,Invoice/ACH,751,INV-00773
JE-000782,2026-05-10,2026-Q2,revenue,Revenue - Services,Services,C041,Invoice/ACH,546,INV-00782
JE-000792,2026-05-10,2026-Q2,revenue,Revenue - Services,Services,C048,Invoice/ACH,888,INV-00792
JE-000537,2026-05-11,2026-Q2,revenue,Revenue - Enterprise platform,Enterprise platform,C003,Invoice/ACH,80000,INV-00537
JE-000546,2026-05-11,2026-Q2,revenue,Revenue - Enterprise platform,Enterprise platform,C010,Invoice/ACH,3651,INV-00546
JE-000555,2026-05-11,2026-Q2,revenue,Revenue - Enterprise platform,Enterprise platform,C017,Invoice/ACH,2577,INV-00555
JE-000565,2026-05-11,2026-Q2,revenue,Revenue - Enterprise platform,Enterprise platform,C024,Invoice/ACH,4081,INV-00565
JE-000574,2026-05-11,2026-Q2,revenue,Revenue - Enterprise platform,Enterprise platform,C031,Invoice/ACH,4295,INV-00574
JE-000583,2026-05-11,2026-Q2,revenue,Revenue - Enterprise platform,Enterprise platform,C038,Invoice/ACH,3006,INV-00583
JE-000593,2026-05-11,2026-Q2,revenue,Revenue - Enterprise platform,Enterprise platform,C045,Invoice/ACH,4725,INV-00593
JE-001011,2026-05-11,2026-Q2,cogs,Implementation labor,,,,7083,
JE-001054,2026-05-11,2026-Q2,operating_expense,General & administrative,,,,12000,
JE-000607,2026-05-12,2026-Q2,revenue,Revenue - Team plans,Team plans,C007,Invoice/ACH,1053,INV-00607
JE-000635,2026-05-12,2026-Q2,revenue,Revenue - Team plans,Team plans,C028,PayPal,1448,INV-00635
JE-000663,2026-05-12,2026-Q2,revenue,Revenue - Team plans,Team plans,C049,PayPal,1843,INV-00663
JE-000997,2026-05-13,2026-Q2,cogs,Customer support,,,,10875,
JE-001040,2026-05-13,2026-Q2,operating_expense,Product & R&D,,,,16958,
JE-000609,2026-05-15,2026-Q2,revenue,Revenue - Team plans,Team plans,C009,Invoice/ACH,4344,INV-00609
JE-000618,2026-05-15,2026-Q2,revenue,Revenue - Team plans,Team plans,C016,Invoice/ACH,3159,INV-00618
JE-000628,2026-05-15,2026-Q2,revenue,Revenue - Team plans,Team plans,C023,PayPal,5134,INV-00628
JE-000637,2026-05-15,2026-Q2,revenue,Revenue - Team plans,Team plans,C030,PayPal,5529,INV-00637
JE-000646,2026-05-15,2026-Q2,revenue,Revenue - Team plans,Team plans,C037,PayPal,3949,INV-00646
JE-000656,2026-05-15,2026-Q2,revenue,Revenue - Team plans,Team plans,C044,PayPal,6319,INV-00656
JE-000983,2026-05-15,2026-Q2,cogs,Cloud hosting,,,,18000,
JE-001026,2026-05-15,2026-Q2,operating_expense,Sales & marketing,,,,17083,
JE-000672,2026-05-16,2026-Q2,revenue,Revenue - Usage add-ons,Usage add-ons,C006,Invoice/ACH,1007,INV-00672
JE-000700,2026-05-16,2026-Q2,revenue,Revenue - Usage add-ons,Usage add-ons,C027,PayPal,1151,INV-00700
JE-000728,2026-05-16,2026-Q2,revenue,Revenue - Usage add-ons,Usage add-ons,C048,PayPal,384,INV-00728
JE-001012,2026-05-17,2026-Q2,cogs,Implementation labor,,,,6375,
JE-001055,2026-05-17,2026-Q2,operating_expense,General & administrative,,,,11000,
JE-000665,2026-05-19,2026-Q2,revenue,Revenue - Usage add-ons,Usage add-ons,C001,Invoice/ACH,20000,INV-00665
JE-000674,2026-05-19,2026-Q2,revenue,Revenue - Usage add-ons,Usage add-ons,C008,Invoice/ACH,3452,INV-00674
JE-000683,2026-05-19,2026-Q2,revenue,Revenue - Usage add-ons,Usage add-ons,C015,Invoice/ACH,2397,INV-00683
JE-000693,2026-05-19,2026-Q2,revenue,Revenue - Usage add-ons,Usage add-ons,C022,PayPal,1007,INV-00693
JE-000702,2026-05-19,2026-Q2,revenue,Revenue - Usage add-ons,Usage add-ons,C029,PayPal,1151,INV-00702
JE-000711,2026-05-19,2026-Q2,revenue,Revenue - Usage add-ons,Usage add-ons,C036,PayPal,862,INV-00711
JE-000721,2026-05-19,2026-Q2,revenue,Revenue - Usage add-ons,Usage add-ons,C043,PayPal,1438,INV-00721
JE-000730,2026-05-19,2026-Q2,revenue,Revenue - Usage add-ons,Usage add-ons,C050,PayPal,1582,INV-00730
JE-000998,2026-05-19,2026-Q2,cogs,Customer support,,,,9666,
JE-001041,2026-05-19,2026-Q2,operating_expense,Product & R&D,,,,15416,
JE-000735,2026-05-20,2026-Q2,revenue,Revenue - Services,Services,C005,Invoice/ACH,342,INV-00735
JE-000763,2026-05-20,2026-Q2,revenue,Revenue - Services,Services,C026,Invoice/ACH,410,INV-00763
JE-000791,2026-05-20,2026-Q2,revenue,Revenue - Services,Services,C047,Invoice/ACH,478,INV-00791
JE-000536,2026-05-21,2026-Q2,revenue,Revenue - Enterprise platform,Enterprise platform,C002,Invoice/ACH,33334,INV-00536
JE-000564,2026-05-21,2026-Q2,revenue,Revenue - Enterprise platform,Enterprise platform,C023,Invoice/ACH,573,INV-00564
JE-000592,2026-05-21,2026-Q2,revenue,Revenue - Enterprise platform,Enterprise platform,C044,Invoice/ACH,788,INV-00592
JE-000984,2026-05-21,2026-Q2,cogs,Cloud hosting,,,,15750,
JE-001027,2026-05-21,2026-Q2,operating_expense,Sales & marketing,,,,15375,
JE-000737,2026-05-23,2026-Q2,revenue,Revenue - Services,Services,C007,Invoice/ACH,1230,INV-00737
JE-000746,2026-05-23,2026-Q2,revenue,Revenue - Services,Services,C014,Invoice/ACH,865,INV-00746
JE-000756,2026-05-23,2026-Q2,revenue,Revenue - Services,Services,C021,Invoice/ACH,1366,INV-00756
JE-000765,2026-05-23,2026-Q2,revenue,Revenue - Services,Services,C028,Invoice/ACH,1434,INV-00765
JE-000774,2026-05-23,2026-Q2,revenue,Revenue - Services,Services,C035,Invoice/ACH,1002,INV-00774
JE-000784,2026-05-23,2026-Q2,revenue,Revenue - Services,Services,C042,Invoice/ACH,1571,INV-00784
JE-000793,2026-05-23,2026-Q2,revenue,Revenue - Services,Services,C049,Invoice/ACH,1639,INV-00793
JE-001013,2026-05-23,2026-Q2,cogs,Implementation labor,,,,5666,
JE-001056,2026-05-23,2026-Q2,operating_expense,General & administrative,,,,10000,
JE-000538,2026-05-24,2026-Q2,revenue,Revenue - Enterprise platform,Enterprise platform,C004,Invoice/ACH,60000,INV-00538
JE-000547,2026-05-24,2026-Q2,revenue,Revenue - Enterprise platform,Enterprise platform,C011,Invoice/ACH,1288,INV-00547
JE-000557,2026-05-24,2026-Q2,revenue,Revenue - Enterprise platform,Enterprise platform,C018,Invoice/ACH,2148,INV-00557
JE-000566,2026-05-24,2026-Q2,revenue,Revenue - Enterprise platform,Enterprise platform,C025,Invoice/ACH,2362,INV-00566
JE-000575,2026-05-24,2026-Q2,revenue,Revenue - Enterprise platform,Enterprise platform,C032,Invoice/ACH,1718,INV-00575
JE-000585,2026-05-24,2026-Q2,revenue,Revenue - Enterprise platform,Enterprise platform,C039,Invoice/ACH,2792,INV-00585
JE-000594,2026-05-24,2026-Q2,revenue,Revenue - Enterprise platform,Enterprise platform,C046,Invoice/ACH,3007,INV-00594
JE-000627,2026-05-25,2026-Q2,revenue,Revenue - Team plans,Team plans,C022,PayPal,2765,INV-00627
JE-000655,2026-05-25,2026-Q2,revenue,Revenue - Team plans,Team plans,C043,PayPal,3160,INV-00655
JE-000999,2026-05-25,2026-Q2,cogs,Customer support,,,,8458,
JE-001042,2026-05-25,2026-Q2,operating_expense,Product & R&D,,,,13875,
JE-000985,2026-05-27,2026-Q2,cogs,Cloud hosting,,,,13500,
JE-001028,2026-05-27,2026-Q2,operating_expense,Sales & marketing,,,,13666,
JE-000601,2026-05-28,2026-Q2,revenue,Revenue - Team plans,Team plans,C003,Invoice/ACH,20000,INV-00601
JE-000610,2026-05-28,2026-Q2,revenue,Revenue - Team plans,Team plans,C010,Invoice/ACH,5792,INV-00610
JE-000620,2026-05-28,2026-Q2,revenue,Revenue - Team plans,Team plans,C017,Invoice/ACH,9083,INV-00620
JE-000629,2026-05-28,2026-Q2,revenue,Revenue - Team plans,Team plans,C024,PayPal,9478,INV-00629
JE-000638,2026-05-28,2026-Q2,revenue,Revenue - Team plans,Team plans,C031,PayPal,6582,INV-00638
JE-000648,2026-05-28,2026-Q2,revenue,Revenue - Team plans,Team plans,C038,PayPal,2764,INV-00648
JE-000657,2026-05-28,2026-Q2,revenue,Revenue - Team plans,Team plans,C045,PayPal,3159,INV-00657
JE-000692,2026-05-29,2026-Q2,revenue,Revenue - Usage add-ons,Usage add-ons,C021,PayPal,720,INV-00692
JE-000720,2026-05-29,2026-Q2,revenue,Revenue - Usage add-ons,Usage add-ons,C042,PayPal,863,INV-00720
JE-001014,2026-05-29,2026-Q2,cogs,Implementation labor,,,,4958,
JE-001057,2026-05-29,2026-Q2,operating_expense,General & administrative,,,,9000,
JE-001000,2026-05-31,2026-Q2,cogs,Customer support,,,,7250,
JE-001043,2026-05-31,2026-Q2,operating_expense,Product & R&D,,,,12333,
JE-000666,2026-06-01,2026-Q2,revenue,Revenue - Usage add-ons,Usage add-ons,C002,Invoice/ACH,30000,INV-00666
JE-000675,2026-06-01,2026-Q2,revenue,Revenue - Usage add-ons,Usage add-ons,C009,Invoice/ACH,1534,INV-00675
JE-000685,2026-06-01,2026-Q2,revenue,Revenue - Usage add-ons,Usage add-ons,C016,Invoice/ACH,2445,INV-00685
JE-000694,2026-06-01,2026-Q2,revenue,Revenue - Usage add-ons,Usage add-ons,C023,PayPal,2589,INV-00694
JE-000703,2026-06-01,2026-Q2,revenue,Revenue - Usage add-ons,Usage add-ons,C030,PayPal,1822,INV-00703
JE-000713,2026-06-01,2026-Q2,revenue,Revenue - Usage add-ons,Usage add-ons,C037,PayPal,2877,INV-00713
JE-000722,2026-06-01,2026-Q2,revenue,Revenue - Usage add-ons,Usage add-ons,C044,PayPal,3021,INV-00722
JE-000755,2026-06-02,2026-Q2,revenue,Revenue - Services,Services,C020,Invoice/ACH,205,INV-00755
JE-000783,2026-06-02,2026-Q2,revenue,Revenue - Services,Services,C041,Invoice/ACH,274,INV-00783
JE-000986,2026-06-02,2026-Q2,cogs,Cloud hosting,,,,11250,
JE-001029,2026-06-02,2026-Q2,operating_expense,Sales & marketing,,,,11958,
JE-000556,2026-06-03,2026-Q2,revenue,Revenue - Enterprise platform,Enterprise platform,C017,Invoice/ACH,1289,INV-00556
JE-000584,2026-06-03,2026-Q2,revenue,Revenue - Enterprise platform,Enterprise platform,C038,Invoice/ACH,1504,INV-00584
JE-001015,2026-06-04,2026-Q2,cogs,Implementation labor,,,,4250,
JE-001058,2026-06-04,2026-Q2,operating_expense,General & administrative,,,,8000,
JE-000738,2026-06-05,2026-Q2,revenue,Revenue - Services,Services,C008,Invoice/ACH,455,INV-00738
JE-000748,2026-06-05,2026-Q2,revenue,Revenue - Services,Services,C015,Invoice/ACH,751,INV-00748
JE-000757,2026-06-05,2026-Q2,revenue,Revenue - Services,Services,C022,Invoice/ACH,820,INV-00757
JE-000766,2026-06-05,2026-Q2,revenue,Revenue - Services,Services,C029,Invoice/ACH,592,INV-00766
JE-000776,2026-06-05,2026-Q2,revenue,Revenue - Services,Services,C036,Invoice/ACH,956,INV-00776
JE-000785,2026-06-05,2026-Q2,revenue,Revenue - Services,Services,C043,Invoice/ACH,1025,INV-00785
JE-000794,2026-06-05,2026-Q2,revenue,Revenue - Services,Services,C050,Invoice/ACH,728,INV-00794
JE-000539,2026-06-06,2026-Q2,revenue,Revenue - Enterprise platform,Enterprise platform,C005,Invoice/ACH,2720,INV-00539
JE-000549,2026-06-06,2026-Q2,revenue,Revenue - Enterprise platform,Enterprise platform,C012,Invoice/ACH,4295,INV-00549
JE-000558,2026-06-06,2026-Q2,revenue,Revenue - Enterprise platform,Enterprise platform,C019,Invoice/ACH,4510,INV-00558
JE-000567,2026-06-06,2026-Q2,revenue,Revenue - Enterprise platform,Enterprise platform,C026,Invoice/ACH,3150,INV-00567
JE-000577,2026-06-06,2026-Q2,revenue,Revenue - Enterprise platform,Enterprise platform,C033,Invoice/ACH,4940,INV-00577
JE-000586,2026-06-06,2026-Q2,revenue,Revenue - Enterprise platform,Enterprise platform,C040,Invoice/ACH,5154,INV-00586
JE-000595,2026-06-06,2026-Q2,revenue,Revenue - Enterprise platform,Enterprise platform,C047,Invoice/ACH,3579,INV-00595
JE-001001,2026-06-06,2026-Q2,cogs,Customer support,,,,6041,
JE-001044,2026-06-06,2026-Q2,operating_expense,Product & R&D,,,,10791,
JE-000619,2026-06-07,2026-Q2,revenue,Revenue - Team plans,Team plans,C016,Invoice/ACH,1580,INV-00619
JE-000647,2026-06-07,2026-Q2,revenue,Revenue - Team plans,Team plans,C037,PayPal,1975,INV-00647
JE-000987,2026-06-08,2026-Q2,cogs,Cloud hosting,,,,9000,
JE-001030,2026-06-08,2026-Q2,operating_expense,Sales & marketing,,,,10250,
JE-000602,2026-06-10,2026-Q2,revenue,Revenue - Team plans,Team plans,C004,Invoice/ACH,16666,INV-00602
JE-000612,2026-06-10,2026-Q2,revenue,Revenue - Team plans,Team plans,C011,Invoice/ACH,5529,INV-00612
JE-000621,2026-06-10,2026-Q2,revenue,Revenue - Team plans,Team plans,C018,Invoice/ACH,5924,INV-00621
JE-000630,2026-06-10,2026-Q2,revenue,Revenue - Team plans,Team plans,C025,PayPal,4212,INV-00630
JE-000640,2026-06-10,2026-Q2,revenue,Revenue - Team plans,Team plans,C032,PayPal,6714,INV-00640
JE-000649,2026-06-10,2026-Q2,revenue,Revenue - Team plans,Team plans,C039,PayPal,7108,INV-00649
JE-000658,2026-06-10,2026-Q2,revenue,Revenue - Team plans,Team plans,C046,PayPal,5002,INV-00658
JE-001016,2026-06-10,2026-Q2,cogs,Implementation labor,,,,3541,
JE-001059,2026-06-10,2026-Q2,operating_expense,General & administrative,,,,7000,
JE-000684,2026-06-11,2026-Q2,revenue,Revenue - Usage add-ons,Usage add-ons,C015,Invoice/ACH,1199,INV-00684
JE-000712,2026-06-11,2026-Q2,revenue,Revenue - Usage add-ons,Usage add-ons,C036,PayPal,432,INV-00712
JE-001002,2026-06-12,2026-Q2,cogs,Customer support,,,,4833,
JE-001045,2026-06-12,2026-Q2,operating_expense,Product & R&D,,,,9250,
JE-000667,2026-06-14,2026-Q2,revenue,Revenue - Usage add-ons,Usage add-ons,C003,Invoice/ACH,6666,INV-00667
JE-000677,2026-06-14,2026-Q2,revenue,Revenue - Usage add-ons,Usage add-ons,C010,Invoice/ACH,1151,INV-00677
JE-000686,2026-06-14,2026-Q2,revenue,Revenue - Usage add-ons,Usage add-ons,C017,Invoice/ACH,1294,INV-00686
JE-000695,2026-06-14,2026-Q2,revenue,Revenue - Usage add-ons,Usage add-ons,C024,PayPal,958,INV-00695
JE-000705,2026-06-14,2026-Q2,revenue,Revenue - Usage add-ons,Usage add-ons,C031,PayPal,1582,INV-00705
JE-000714,2026-06-14,2026-Q2,revenue,Revenue - Usage add-ons,Usage add-ons,C038,PayPal,1726,INV-00714
JE-000723,2026-06-14,2026-Q2,revenue,Revenue - Usage add-ons,Usage add-ons,C045,PayPal,1246,INV-00723
JE-000988,2026-06-14,2026-Q2,cogs,Cloud hosting,,,,6750,
JE-001031,2026-06-14,2026-Q2,operating_expense,Sales & marketing,,,,8541,
JE-000747,2026-06-15,2026-Q2,revenue,Revenue - Services,Services,C014,Invoice/ACH,433,INV-00747
JE-000775,2026-06-15,2026-Q2,revenue,Revenue - Services,Services,C035,Invoice/ACH,501,INV-00775
JE-000548,2026-06-16,2026-Q2,revenue,Revenue - Enterprise platform,Enterprise platform,C011,Invoice/ACH,645,INV-00548
JE-000576,2026-06-16,2026-Q2,revenue,Revenue - Enterprise platform,Enterprise platform,C032,Invoice/ACH,859,INV-00576
JE-001017,2026-06-16,2026-Q2,cogs,Implementation labor,,,,2833,
JE-001060,2026-06-16,2026-Q2,operating_expense,General & administrative,,,,6000,
JE-000731,2026-06-18,2026-Q2,revenue,Revenue - Services,Services,C002,Invoice/ACH,13333,INV-00731
JE-000740,2026-06-18,2026-Q2,revenue,Revenue - Services,Services,C009,Invoice/ACH,1434,INV-00740
JE-000749,2026-06-18,2026-Q2,revenue,Revenue - Services,Services,C016,Invoice/ACH,1503,INV-00749
JE-000758,2026-06-18,2026-Q2,revenue,Revenue - Services,Services,C023,Invoice/ACH,1047,INV-00758
JE-000768,2026-06-18,2026-Q2,revenue,Revenue - Services,Services,C030,Invoice/ACH,1639,INV-00768
JE-000777,2026-06-18,2026-Q2,revenue,Revenue - Services,Services,C037,Invoice/ACH,1708,INV-00777
JE-000786,2026-06-18,2026-Q2,revenue,Revenue - Services,Services,C044,Invoice/ACH,318,INV-00786
JE-001003,2026-06-18,2026-Q2,cogs,Customer support,,,,3625,
JE-001046,2026-06-18,2026-Q2,operating_expense,Product & R&D,,,,7708,
JE-000541,2026-06-19,2026-Q2,revenue,Revenue - Enterprise platform,Enterprise platform,C006,Invoice/ACH,2362,INV-00541
JE-000550,2026-06-19,2026-Q2,revenue,Revenue - Enterprise platform,Enterprise platform,C013,Invoice/ACH,2577,INV-00550
JE-000559,2026-06-19,2026-Q2,revenue,Revenue - Enterprise platform,Enterprise platform,C020,Invoice/ACH,1861,INV-00559
JE-000569,2026-06-19,2026-Q2,revenue,Revenue - Enterprise platform,Enterprise platform,C027,Invoice/ACH,3007,INV-00569
JE-000578,2026-06-19,2026-Q2,revenue,Revenue - Enterprise platform,Enterprise platform,C034,Invoice/ACH,3221,INV-00578
JE-000587,2026-06-19,2026-Q2,revenue,Revenue - Enterprise platform,Enterprise platform,C041,Invoice/ACH,2290,INV-00587
JE-000597,2026-06-19,2026-Q2,revenue,Revenue - Enterprise platform,Enterprise platform,C048,Invoice/ACH,3651,INV-00597
JE-000611,2026-06-20,2026-Q2,revenue,Revenue - Team plans,Team plans,C010,Invoice/ACH,2896,INV-00611
JE-000639,2026-06-20,2026-Q2,revenue,Revenue - Team plans,Team plans,C031,PayPal,3291,INV-00639
JE-000989,2026-06-20,2026-Q2,cogs,Cloud hosting,,,,4500,
JE-001032,2026-06-20,2026-Q2,operating_expense,Sales & marketing,,,,6833,
JE-001018,2026-06-22,2026-Q2,cogs,Implementation labor,,,,2125,
JE-001061,2026-06-22,2026-Q2,operating_expense,General & administrative,,,,5000,
JE-000604,2026-06-23,2026-Q2,revenue,Revenue - Team plans,Team plans,C005,Invoice/ACH,9478,INV-00604
JE-000613,2026-06-23,2026-Q2,revenue,Revenue - Team plans,Team plans,C012,Invoice/ACH,9873,INV-00613
JE-000622,2026-06-23,2026-Q2,revenue,Revenue - Team plans,Team plans,C019,Invoice/ACH,1842,INV-00622
JE-000632,2026-06-23,2026-Q2,revenue,Revenue - Team plans,Team plans,C026,PayPal,3159,INV-00632
JE-000641,2026-06-23,2026-Q2,revenue,Revenue - Team plans,Team plans,C033,PayPal,3554,INV-00641
JE-000650,2026-06-23,2026-Q2,revenue,Revenue - Team plans,Team plans,C040,PayPal,2632,INV-00650
JE-000660,2026-06-23,2026-Q2,revenue,Revenue - Team plans,Team plans,C047,PayPal,4344,INV-00660
JE-000676,2026-06-24,2026-Q2,revenue,Revenue - Usage add-ons,Usage add-ons,C009,Invoice/ACH,767,INV-00676
JE-000704,2026-06-24,2026-Q2,revenue,Revenue - Usage add-ons,Usage add-ons,C030,PayPal,911,INV-00704
JE-001004,2026-06-24,2026-Q2,cogs,Customer support,,,,2416,
JE-001047,2026-06-24,2026-Q2,operating_expense,Product & R&D,,,,6166,
JE-000990,2026-06-26,2026-Q2,cogs,Cloud hosting,,,,2250,
JE-001033,2026-06-26,2026-Q2,operating_expense,Sales & marketing,,,,5125,
JE-000669,2026-06-27,2026-Q2,revenue,Revenue - Usage add-ons,Usage add-ons,C004,Invoice/ACH,15000,INV-00669
JE-000678,2026-06-27,2026-Q2,revenue,Revenue - Usage add-ons,Usage add-ons,C011,Invoice/ACH,2733,INV-00678
JE-000687,2026-06-27,2026-Q2,revenue,Revenue - Usage add-ons,Usage add-ons,C018,Invoice/ACH,1918,INV-00687
JE-000697,2026-06-27,2026-Q2,revenue,Revenue - Usage add-ons,Usage add-ons,C025,PayPal,3021,INV-00697
JE-000706,2026-06-27,2026-Q2,revenue,Revenue - Usage add-ons,Usage add-ons,C032,PayPal,3164,INV-00706
JE-000715,2026-06-27,2026-Q2,revenue,Revenue - Usage add-ons,Usage add-ons,C039,PayPal,2205,INV-00715
JE-000725,2026-06-30,2026-Q2,revenue,Revenue - Usage add-ons,Usage add-ons,C046,PayPal,3452,INV-00725
JE-000739,2026-06-28,2026-Q2,revenue,Revenue - Services,Services,C008,Invoice/ACH,228,INV-00739
JE-000767,2026-06-28,2026-Q2,revenue,Revenue - Services,Services,C029,Invoice/ACH,296,INV-00767
JE-000795,2026-06-28,2026-Q2,revenue,Revenue - Services,Services,C050,Invoice/ACH,365,INV-00795
JE-001019,2026-06-28,2026-Q2,cogs,Implementation labor,,,,1416,
JE-001062,2026-06-28,2026-Q2,operating_expense,General & administrative,,,,4000,
JE-000540,2026-06-29,2026-Q2,revenue,Revenue - Enterprise platform,Enterprise platform,C005,Invoice/ACH,1361,INV-00540
JE-000568,2026-06-29,2026-Q2,revenue,Revenue - Enterprise platform,Enterprise platform,C026,Invoice/ACH,1575,INV-00568
JE-000596,2026-06-29,2026-Q2,revenue,Revenue - Enterprise platform,Enterprise platform,C047,Invoice/ACH,1790,INV-00596
JE-001005,2026-06-30,2026-Q2,cogs,Customer support,,,,1213,
JE-001048,2026-06-30,2026-Q2,operating_expense,Product & R&D,,,,4625,
